path,extension,size_kb,fenomeno,doc_id,formato,fuente
data/raw/CODEFEST/Extracto_Preguntas_50_v2.pdf,.pdf,36.6,raw,DOC-0000,pdf,data/raw/CODEFEST/Extracto_Preguntas_50_v2.pdf
data/raw/CODEFEST/F1_IA_y_Capacidades_Estrategicas/.DS_Store,,6.0,raw,DOC-0001,,data/raw/CODEFEST/F1_IA_y_Capacidades_Estrategicas/.DS_Store
data/raw/CODEFEST/F1_IA_y_Capacidades_Estrategicas/AI_Index_Stanford/.DS_Store,,6.0,raw,DOC-0002,,data/raw/CODEFEST/F1_IA_y_Capacidades_Estrategicas/AI_Index_Stanford/.DS_Store
data/raw/CODEFEST/F1_IA_y_Capacidades_Estrategicas/AI_Index_Stanford/pdfs/AIINDEX_ai-index-report-2017.pdf,.pdf,5683.9,raw,DOC-0003,pdf,data/raw/CODEFEST/F1_IA_y_Capacidades_Estrategicas/AI_Index_Stanford/pdfs/AIINDEX_ai-index-report-2017.pdf
data/raw/CODEFEST/F1_IA_y_Capacidades_Estrategicas/AI_Index_Stanford/pdfs/AIINDEX_ai-index-report-2018.pdf,.pdf,3374.1,raw,DOC-0004,pdf,data/raw/CODEFEST/F1_IA_y_Capacidades_Estrategicas/AI_Index_Stanford/pdfs/AIINDEX_ai-index-report-2018.pdf
data/raw/CODEFEST/F1_IA_y_Capacidades_Estrategicas/AI_Index_Stanford/pdfs/AIINDEX_ai-index-report-2019.pdf,.pdf,15356.7,raw,DOC-0005,pdf,data/raw/CODEFEST/F1_IA_y_Capacidades_Estrategicas/AI_Index_Stanford/pdfs/AIINDEX_ai-index-report-2019.pdf
data/raw/CODEFEST/F1_IA_y_Capacidades_Estrategicas/AI_Index_Stanford/pdfs/AIINDEX_ai-index-report-2021.pdf,.pdf,13902.8,raw,DOC-0006,pdf,data/raw/CODEFEST/F1_IA_y_Capacidades_Estrategicas/AI_Index_Stanford/pdfs/AIINDEX_ai-index-report-2021.pdf
data/raw/CODEFEST/F1_IA_y_Capacidades_Estrategicas/AI_Index_Stanford/pdfs/AIINDEX_ai-index-report-2022.pdf,.pdf,22477.2,raw,DOC-0007,pdf,data/raw/CODEFEST/F1_IA_y_Capacidades_Estrategicas/AI_Index_Stanford/pdfs/AIINDEX_ai-index-report-2022.pdf
data/raw/CODEFEST/F1_IA_y_Capacidades_Estrategicas/AI_Index_Stanford/pdfs/AIINDEX_ai-index-report-2023.pdf,.pdf,13252.3,raw,DOC-0008,pdf,data/raw/CODEFEST/F1_IA_y_Capacidades_Estrategicas/AI_Index_Stanford/pdfs/AIINDEX_ai-index-report-2023.pdf
data/raw/CODEFEST/F1_IA_y_Capacidades_Estrategicas/AI_Index_Stanford/pdfs/AIINDEX_ai-index-report-2024.pdf,.pdf,23601.0,raw,DOC-0009,pdf,data/raw/CODEFEST/F1_IA_y_Capacidades_Estrategicas/AI_Index_Stanford/pdfs/AIINDEX_ai-index-report-2024.pdf
data/raw/CODEFEST/F1_IA_y_Capacidades_Estrategicas/AI_Index_Stanford/pdfs/AIINDEX_ai-index-report-2025.pdf,.pdf,29555.3,raw,DOC-0010,pdf,data/raw/CODEFEST/F1_IA_y_Capacidades_Estrategicas/AI_Index_Stanford/pdfs/AIINDEX_ai-index-report-2025.pdf
data/raw/CODEFEST/F1_IA_y_Capacidades_Estrategicas/AI_Index_Stanford/pdfs/AIINDEX_ai-index-report-2026.pdf,.pdf,36997.6,raw,DOC-0011,pdf,data/raw/CODEFEST/F1_IA_y_Capacidades_Estrategicas/AI_Index_Stanford/pdfs/AIINDEX_ai-index-report-2026.pdf
data/raw/CODEFEST/F1_IA_y_Capacidades_Estrategicas/AI_Index_Stanford/recursos/AI_Index_Report/pdfs/AIINDEX_ai-index-2024-ch1-research-development.pdf,.pdf,3039.9,raw,DOC-0012,pdf,data/raw/CODEFEST/F1_IA_y_Capacidades_Estrategicas/AI_Index_Stanford/recursos/AI_Index_Report/pdfs/AIINDEX_ai-index-2024-ch1-research-development.pdf
data/raw/CODEFEST/F1_IA_y_Capacidades_Estrategicas/AI_Index_Stanford/recursos/AI_Index_Report/pdfs/AIINDEX_ai-index-2024-ch2-technical-performance.pdf,.pdf,15092.2,raw,DOC-0013,pdf,data/raw/CODEFEST/F1_IA_y_Capacidades_Estrategicas/AI_Index_Stanford/recursos/AI_Index_Report/pdfs/AIINDEX_ai-index-2024-ch2-technical-performance.pdf
data/raw/CODEFEST/F1_IA_y_Capacidades_Estrategicas/AI_Index_Stanford/recursos/AI_Index_Report/pdfs/AIINDEX_ai-index-2024-ch3-responsible-ai.pdf,.pdf,8837.4,raw,DOC-0014,pdf,data/raw/CODEFEST/F1_IA_y_Capacidades_Estrategicas/AI_Index_Stanford/recursos/AI_Index_Report/pdfs/AIINDEX_ai-index-2024-ch3-responsible-ai.pdf
data/raw/CODEFEST/F1_IA_y_Capacidades_Estrategicas/AI_Index_Stanford/recursos/AI_Index_Report/pdfs/AIINDEX_ai-index-2024-ch4-economy.pdf,.pdf,4068.2,raw,DOC-0015,pdf,data/raw/CODEFEST/F1_IA_y_Capacidades_Estrategicas/AI_Index_Stanford/recursos/AI_Index_Report/pdfs/AIINDEX_ai-index-2024-ch4-economy.pdf
data/raw/CODEFEST/F1_IA_y_Capacidades_Estrategicas/AI_Index_Stanford/recursos/AI_Index_Report/pdfs/AIINDEX_ai-index-2024-ch5-science-medicine.pdf,.pdf,4515.0,raw,DOC-0016,pdf,data/raw/CODEFEST/F1_IA_y_Capacidades_Estrategicas/AI_Index_Stanford/recursos/AI_Index_Report/pdfs/AIINDEX_ai-index-2024-ch5-science-medicine.pdf
data/raw/CODEFEST/F1_IA_y_Capacidades_Estrategicas/AI_Index_Stanford/recursos/AI_Index_Report/pdfs/AIINDEX_ai-index-2024-ch6-education.pdf,.pdf,2173.8,raw,DOC-0017,pdf,data/raw/CODEFEST/F1_IA_y_Capacidades_Estrategicas/AI_Index_Stanford/recursos/AI_Index_Report/pdfs/AIINDEX_ai-index-2024-ch6-education.pdf
data/raw/CODEFEST/F1_IA_y_Capacidades_Estrategicas/AI_Index_Stanford/recursos/AI_Index_Report/pdfs/AIINDEX_ai-index-2025-ch1-research-development.pdf,.pdf,2802.7,raw,DOC-0018,pdf,data/raw/CODEFEST/F1_IA_y_Capacidades_Estrategicas/AI_Index_Stanford/recursos/AI_Index_Report/pdfs/AIINDEX_ai-index-2025-ch1-research-development.pdf
data/raw/CODEFEST/F1_IA_y_Capacidades_Estrategicas/AI_Index_Stanford/recursos/AI_Index_Report/pdfs/AIINDEX_ai-index-2025-ch2-technical-performance.pdf,.pdf,5276.4,raw,DOC-0019,pdf,data/raw/CODEFEST/F1_IA_y_Capacidades_Estrategicas/AI_Index_Stanford/recursos/AI_Index_Report/pdfs/AIINDEX_ai-index-2025-ch2-technical-performance.pdf
data/raw/CODEFEST/F1_IA_y_Capacidades_Estrategicas/AI_Index_Stanford/recursos/AI_Index_Report/pdfs/AIINDEX_ai-index-2025-ch3-responsible-ai.pdf,.pdf,9475.3,raw,DOC-0020,pdf,data/raw/CODEFEST/F1_IA_y_Capacidades_Estrategicas/AI_Index_Stanford/recursos/AI_Index_Report/pdfs/AIINDEX_ai-index-2025-ch3-responsible-ai.pdf
data/raw/CODEFEST/F1_IA_y_Capacidades_Estrategicas/AI_Index_Stanford/recursos/AI_Index_Report/pdfs/AIINDEX_ai-index-2025-ch4-economy.pdf,.pdf,5179.5,raw,DOC-0021,pdf,data/raw/CODEFEST/F1_IA_y_Capacidades_Estrategicas/AI_Index_Stanford/recursos/AI_Index_Report/pdfs/AIINDEX_ai-index-2025-ch4-economy.pdf
data/raw/CODEFEST/F1_IA_y_Capacidades_Estrategicas/AI_Index_Stanford/recursos/AI_Index_Report/pdfs/AIINDEX_ai-index-2025-ch5-science.pdf,.pdf,5203.9,raw,DOC-0022,pdf,data/raw/CODEFEST/F1_IA_y_Capacidades_Estrategicas/AI_Index_Stanford/recursos/AI_Index_Report/pdfs/AIINDEX_ai-index-2025-ch5-science.pdf
data/raw/CODEFEST/F1_IA_y_Capacidades_Estrategicas/AI_Index_Stanford/recursos/AI_Index_Report/pdfs/AIINDEX_ai-index-2025-ch6-education.pdf,.pdf,5393.1,raw,DOC-0023,pdf,data/raw/CODEFEST/F1_IA_y_Capacidades_Estrategicas/AI_Index_Stanford/recursos/AI_Index_Report/pdfs/AIINDEX_ai-index-2025-ch6-education.pdf
data/raw/CODEFEST/F1_IA_y_Capacidades_Estrategicas/AI_Index_Stanford/recursos/AI_Index_Report/pdfs/AIINDEX_ai-index-2025-ch7-policy-governance.pdf,.pdf,2560.2,raw,DOC-0024,pdf,data/raw/CODEFEST/F1_IA_y_Capacidades_Estrategicas/AI_Index_Stanford/recursos/AI_Index_Report/pdfs/AIINDEX_ai-index-2025-ch7-policy-governance.pdf
data/raw/CODEFEST/F1_IA_y_Capacidades_Estrategicas/AI_Index_Stanford/recursos/AI_Index_Report/pdfs/AIINDEX_ai-index-2025-chinese-version.pdf,.pdf,12753.5,raw,DOC-0025,pdf,data/raw/CODEFEST/F1_IA_y_Capacidades_Estrategicas/AI_Index_Stanford/recursos/AI_Index_Report/pdfs/AIINDEX_ai-index-2025-chinese-version.pdf
data/raw/CODEFEST/F1_IA_y_Capacidades_Estrategicas/AI_Index_Stanford/recursos/Annual_Reports/pdfs/AIINDEX_hai-annual-report-2020-2021.pdf,.pdf,3835.0,raw,DOC-0026,pdf,data/raw/CODEFEST/F1_IA_y_Capacidades_Estrategicas/AI_Index_Stanford/recursos/Annual_Reports/pdfs/AIINDEX_hai-annual-report-2020-2021.pdf
data/raw/CODEFEST/F1_IA_y_Capacidades_Estrategicas/AI_Index_Stanford/recursos/Annual_Reports/pdfs/AIINDEX_hai-annual-report-2021-2022.pdf,.pdf,3575.9,raw,DOC-0027,pdf,data/raw/CODEFEST/F1_IA_y_Capacidades_Estrategicas/AI_Index_Stanford/recursos/Annual_Reports/pdfs/AIINDEX_hai-annual-report-2021-2022.pdf
data/raw/CODEFEST/F1_IA_y_Capacidades_Estrategicas/AI_Index_Stanford/recursos/Annual_Reports/pdfs/AIINDEX_hai-annual-report-2022-2023.pdf,.pdf,3823.7,raw,DOC-0028,pdf,data/raw/CODEFEST/F1_IA_y_Capacidades_Estrategicas/AI_Index_Stanford/recursos/Annual_Reports/pdfs/AIINDEX_hai-annual-report-2022-2023.pdf
data/raw/CODEFEST/F1_IA_y_Capacidades_Estrategicas/AI_Index_Stanford/recursos/Annual_Reports/pdfs/AIINDEX_hai-annual-report-2023-2024.pdf,.pdf,17808.8,raw,DOC-0029,pdf,data/raw/CODEFEST/F1_IA_y_Capacidades_Estrategicas/AI_Index_Stanford/recursos/Annual_Reports/pdfs/AIINDEX_hai-annual-report-2023-2024.pdf
data/raw/CODEFEST/F1_IA_y_Capacidades_Estrategicas/AI_Index_Stanford/recursos/Annual_Reports/pdfs/AIINDEX_hai-annual-report-2024-2025.pdf,.pdf,23916.2,raw,DOC-0030,pdf,data/raw/CODEFEST/F1_IA_y_Capacidades_Estrategicas/AI_Index_Stanford/recursos/Annual_Reports/pdfs/AIINDEX_hai-annual-report-2024-2025.pdf
data/raw/CODEFEST/F1_IA_y_Capacidades_Estrategicas/AI_Index_Stanford/recursos/Education_Skills/pdfs/AIINDEX_industry-brief-education-ai.pdf,.pdf,11197.4,raw,DOC-0031,pdf,data/raw/CODEFEST/F1_IA_y_Capacidades_Estrategicas/AI_Index_Stanford/recursos/Education_Skills/pdfs/AIINDEX_industry-brief-education-ai.pdf
data/raw/CODEFEST/F1_IA_y_Capacidades_Estrategicas/AI_Index_Stanford/recursos/Environment_Energy/pdfs/AIINDEX_industry-brief-sustainability-ai.pdf,.pdf,14708.2,raw,DOC-0032,pdf,data/raw/CODEFEST/F1_IA_y_Capacidades_Estrategicas/AI_Index_Stanford/recursos/Environment_Energy/pdfs/AIINDEX_industry-brief-sustainability-ai.pdf
data/raw/CODEFEST/F1_IA_y_Capacidades_Estrategicas/AI_Index_Stanford/recursos/Ethics_Equity/pdfs/AIINDEX_policy-brief-ai-ethics.pdf,.pdf,240.0,raw,DOC-0033,pdf,data/raw/CODEFEST/F1_IA_y_Capacidades_Estrategicas/AI_Index_Stanford/recursos/Ethics_Equity/pdfs/AIINDEX_policy-brief-ai-ethics.pdf
data/raw/CODEFEST/F1_IA_y_Capacidades_Estrategicas/AI_Index_Stanford/recursos/Ethics_Equity/pdfs/AIINDEX_policy-brief-algorithmic-fairness-in-clinical-risk-prediction.pdf,.pdf,217.7,raw,DOC-0034,pdf,data/raw/CODEFEST/F1_IA_y_Capacidades_Estrategicas/AI_Index_Stanford/recursos/Ethics_Equity/pdfs/AIINDEX_policy-brief-algorithmic-fairness-in-clinical-risk-prediction.pdf
data/raw/CODEFEST/F1_IA_y_Capacidades_Estrategicas/AI_Index_Stanford/recursos/Generative_AI/pdfs/AIINDEX_generative-ai-perspectives-from-stanford-hai.pdf,.pdf,280.2,raw,DOC-0035,pdf,data/raw/CODEFEST/F1_IA_y_Capacidades_Estrategicas/AI_Index_Stanford/recursos/Generative_AI/pdfs/AIINDEX_generative-ai-perspectives-from-stanford-hai.pdf
data/raw/CODEFEST/F1_IA_y_Capacidades_Estrategicas/AI_Index_Stanford/recursos/Healthcare_Medicine/datasets/AIINDEX_clinicaltrials-artificial-intelligence-csv.csv,.csv,321.8,raw,DOC-0036,csv,data/raw/CODEFEST/F1_IA_y_Capacidades_Estrategicas/AI_Index_Stanford/recursos/Healthcare_Medicine/datasets/AIINDEX_clinicaltrials-artificial-intelligence-csv.csv
data/raw/CODEFEST/F1_IA_y_Capacidades_Estrategicas/AI_Index_Stanford/recursos/Healthcare_Medicine/datasets/AIINDEX_clinicaltrials-computer-science-csv.csv,.csv,931.5,raw,DOC-0037,csv,data/raw/CODEFEST/F1_IA_y_Capacidades_Estrategicas/AI_Index_Stanford/recursos/Healthcare_Medicine/datasets/AIINDEX_clinicaltrials-computer-science-csv.csv
data/raw/CODEFEST/F1_IA_y_Capacidades_Estrategicas/AI_Index_Stanford/recursos/Healthcare_Medicine/datasets/AIINDEX_clinicaltrials-computer-vision-csv.csv,.csv,585.0,raw,DOC-0038,csv,data/raw/CODEFEST/F1_IA_y_Capacidades_Estrategicas/AI_Index_Stanford/recursos/Healthcare_Medicine/datasets/AIINDEX_clinicaltrials-computer-vision-csv.csv
data/raw/CODEFEST/F1_IA_y_Capacidades_Estrategicas/AI_Index_Stanford/recursos/Healthcare_Medicine/datasets/AIINDEX_clinicaltrials-machine-learning-csv.csv,.csv,351.8,raw,DOC-0039,csv,data/raw/CODEFEST/F1_IA_y_Capacidades_Estrategicas/AI_Index_Stanford/recursos/Healthcare_Medicine/datasets/AIINDEX_clinicaltrials-machine-learning-csv.csv
data/raw/CODEFEST/F1_IA_y_Capacidades_Estrategicas/AI_Index_Stanford/recursos/Healthcare_Medicine/datasets/AIINDEX_clinicaltrials-nlp-csv.csv,.csv,24.0,raw,DOC-0040,csv,data/raw/CODEFEST/F1_IA_y_Capacidades_Estrategicas/AI_Index_Stanford/recursos/Healthcare_Medicine/datasets/AIINDEX_clinicaltrials-nlp-csv.csv
data/raw/CODEFEST/F1_IA_y_Capacidades_Estrategicas/AI_Index_Stanford/recursos/Healthcare_Medicine/datasets/AIINDEX_clinicaltrials-robotics-csv.csv,.csv,1396.5,raw,DOC-0041,csv,data/raw/CODEFEST/F1_IA_y_Capacidades_Estrategicas/AI_Index_Stanford/recursos/Healthcare_Medicine/datasets/AIINDEX_clinicaltrials-robotics-csv.csv
data/raw/CODEFEST/F1_IA_y_Capacidades_Estrategicas/AI_Index_Stanford/recursos/Healthcare_Medicine/datasets/AIINDEX_lit-covid-ai-covid-literature-csv.csv,.csv,1974.4,raw,DOC-0042,csv,data/raw/CODEFEST/F1_IA_y_Capacidades_Estrategicas/AI_Index_Stanford/recursos/Healthcare_Medicine/datasets/AIINDEX_lit-covid-ai-covid-literature-csv.csv
data/raw/CODEFEST/F1_IA_y_Capacidades_Estrategicas/AI_Index_Stanford/recursos/Healthcare_Medicine/datasets/AIINDEX_lit-covid-ai-covid-literature-xlsx.xlsx,.xlsx,511.1,raw,DOC-0043,xlsx,data/raw/CODEFEST/F1_IA_y_Capacidades_Estrategicas/AI_Index_Stanford/recursos/Healthcare_Medicine/datasets/AIINDEX_lit-covid-ai-covid-literature-xlsx.xlsx
data/raw/CODEFEST/F1_IA_y_Capacidades_Estrategicas/AI_Index_Stanford/recursos/Healthcare_Medicine/pdfs/AIINDEX_industry-brief-healthcare-ai.pdf,.pdf,838.1,raw,DOC-0044,pdf,data/raw/CODEFEST/F1_IA_y_Capacidades_Estrategicas/AI_Index_Stanford/recursos/Healthcare_Medicine/pdfs/AIINDEX_industry-brief-healthcare-ai.pdf
data/raw/CODEFEST/F1_IA_y_Capacidades_Estrategicas/AI_Index_Stanford/recursos/Industry_Innovation/pdfs/AIINDEX_hai-founding-member-program-2025.pdf,.pdf,577.0,raw,DOC-0045,pdf,data/raw/CODEFEST/F1_IA_y_Capacidades_Estrategicas/AI_Index_Stanford/recursos/Industry_Innovation/pdfs/AIINDEX_hai-founding-member-program-2025.pdf
data/raw/CODEFEST/F1_IA_y_Capacidades_Estrategicas/AI_Index_Stanford/recursos/International_Affairs/pdfs/AIINDEX_policy-brief-chinas-diverse-open-weight-ai-ecosystem.pdf,.pdf,485.3,raw,DOC-0046,pdf,data/raw/CODEFEST/F1_IA_y_Capacidades_Estrategicas/AI_Index_Stanford/recursos/International_Affairs/pdfs/AIINDEX_policy-brief-chinas-diverse-open-weight-ai-ecosystem.pdf
data/raw/CODEFEST/F1_IA_y_Capacidades_Estrategicas/AI_Index_Stanford/recursos/Policy_Governance/pdfs/AIINDEX_congressional-boot-camp-on-ai-booklet.pdf,.pdf,6613.9,raw,DOC-0047,pdf,data/raw/CODEFEST/F1_IA_y_Capacidades_Estrategicas/AI_Index_Stanford/recursos/Policy_Governance/pdfs/AIINDEX_congressional-boot-camp-on-ai-booklet.pdf
data/raw/CODEFEST/F1_IA_y_Capacidades_Estrategicas/AI_Index_Stanford/recursos/Policy_Governance/pdfs/AIINDEX_policy-brief-adverse-event-reporting-for-ai.pdf,.pdf,300.3,raw,DOC-0048,pdf,data/raw/CODEFEST/F1_IA_y_Capacidades_Estrategicas/AI_Index_Stanford/recursos/Policy_Governance/pdfs/AIINDEX_policy-brief-adverse-event-reporting-for-ai.pdf
data/raw/CODEFEST/F1_IA_y_Capacidades_Estrategicas/AI_Index_Stanford/recursos/Policy_Governance/pdfs/AIINDEX_policy-brief-ai-generated-propaganda.pdf,.pdf,221.9,raw,DOC-0049,pdf,data/raw/CODEFEST/F1_IA_y_Capacidades_Estrategicas/AI_Index_Stanford/recursos/Policy_Governance/pdfs/AIINDEX_policy-brief-ai-generated-propaganda.pdf
data/raw/CODEFEST/F1_IA_y_Capacidades_Estrategicas/AI_Index_Stanford/recursos/Policy_Governance/pdfs/AIINDEX_policy-brief-labeling-ai-generated-content.pdf,.pdf,188.1,raw,DOC-0050,pdf,data/raw/CODEFEST/F1_IA_y_Capacidades_Estrategicas/AI_Index_Stanford/recursos/Policy_Governance/pdfs/AIINDEX_policy-brief-labeling-ai-generated-content.pdf
data/raw/CODEFEST/F1_IA_y_Capacidades_Estrategicas/AI_Index_Stanford/recursos/Policy_Governance/pdfs/AIINDEX_policy-brief-safeguarding-third-party-ai-research.pdf,.pdf,312.4,raw,DOC-0051,pdf,data/raw/CODEFEST/F1_IA_y_Capacidades_Estrategicas/AI_Index_Stanford/recursos/Policy_Governance/pdfs/AIINDEX_policy-brief-safeguarding-third-party-ai-research.pdf
data/raw/CODEFEST/F1_IA_y_Capacidades_Estrategicas/AI_Index_Stanford/recursos/Policy_Governance/pdfs/AIINDEX_policy-brief-simulating-human-behavior-with-ai-agents.pdf,.pdf,285.2,raw,DOC-0052,pdf,data/raw/CODEFEST/F1_IA_y_Capacidades_Estrategicas/AI_Index_Stanford/recursos/Policy_Governance/pdfs/AIINDEX_policy-brief-simulating-human-behavior-with-ai-agents.pdf
data/raw/CODEFEST/F1_IA_y_Capacidades_Estrategicas/AI_Index_Stanford/recursos/Policy_Governance/pdfs/AIINDEX_policy-brief-what-makes-a-good-ai-benchmark.pdf,.pdf,244.1,raw,DOC-0053,pdf,data/raw/CODEFEST/F1_IA_y_Capacidades_Estrategicas/AI_Index_Stanford/recursos/Policy_Governance/pdfs/AIINDEX_policy-brief-what-makes-a-good-ai-benchmark.pdf
data/raw/CODEFEST/F1_IA_y_Capacidades_Estrategicas/AI_Index_Stanford/recursos/Policy_Governance/pdfs/AIINDEX_stanford-hai-rfi-submission.pdf,.pdf,400.7,raw,DOC-0054,pdf,data/raw/CODEFEST/F1_IA_y_Capacidades_Estrategicas/AI_Index_Stanford/recursos/Policy_Governance/pdfs/AIINDEX_stanford-hai-rfi-submission.pdf
data/raw/CODEFEST/F1_IA_y_Capacidades_Estrategicas/AI_Index_Stanford/recursos/Research_Development/datasets/AIINDEX_mag-author-lifecycle-xlsx.xlsx,.xlsx,12.9,raw,DOC-0055,xlsx,data/raw/CODEFEST/F1_IA_y_Capacidades_Estrategicas/AI_Index_Stanford/recursos/Research_Development/datasets/AIINDEX_mag-author-lifecycle-xlsx.xlsx
data/raw/CODEFEST/F1_IA_y_Capacidades_Estrategicas/AI_Index_Stanford/recursos/Research_Development/datasets/AIINDEX_mag-conferences-list-xlsx.xlsx,.xlsx,16.7,raw,DOC-0056,xlsx,data/raw/CODEFEST/F1_IA_y_Capacidades_Estrategicas/AI_Index_Stanford/recursos/Research_Development/datasets/AIINDEX_mag-conferences-list-xlsx.xlsx
data/raw/CODEFEST/F1_IA_y_Capacidades_Estrategicas/AI_Index_Stanford/recursos/Research_Development/datasets/AIINDEX_mag-publications-fields-xlsx.xlsx,.xlsx,13.0,raw,DOC-0057,xlsx,data/raw/CODEFEST/F1_IA_y_Capacidades_Estrategicas/AI_Index_Stanford/recursos/Research_Development/datasets/AIINDEX_mag-publications-fields-xlsx.xlsx
data/raw/CODEFEST/F1_IA_y_Capacidades_Estrategicas/AI_Index_Stanford/recursos/Research_Development/datasets/AIINDEX_pubmed-ai-timeline-csv.csv,.csv,0.6,raw,DOC-0058,csv,data/raw/CODEFEST/F1_IA_y_Capacidades_Estrategicas/AI_Index_Stanford/recursos/Research_Development/datasets/AIINDEX_pubmed-ai-timeline-csv.csv
data/raw/CODEFEST/F1_IA_y_Capacidades_Estrategicas/AI_Index_Stanford/recursos/Research_Development/datasets/AIINDEX_pubmed-artificial-intelligence-csv.csv,.csv,34095.7,raw,DOC-0059,csv,data/raw/CODEFEST/F1_IA_y_Capacidades_Estrategicas/AI_Index_Stanford/recursos/Research_Development/datasets/AIINDEX_pubmed-artificial-intelligence-csv.csv
data/raw/CODEFEST/F1_IA_y_Capacidades_Estrategicas/AI_Index_Stanford/recursos/Research_Development/datasets/AIINDEX_pubmed-computer-vision-csv.csv,.csv,3560.4,raw,DOC-0060,csv,data/raw/CODEFEST/F1_IA_y_Capacidades_Estrategicas/AI_Index_Stanford/recursos/Research_Development/datasets/AIINDEX_pubmed-computer-vision-csv.csv
data/raw/CODEFEST/F1_IA_y_Capacidades_Estrategicas/AI_Index_Stanford/recursos/Research_Development/datasets/AIINDEX_pubmed-cv-timeline-csv.csv,.csv,0.5,raw,DOC-0061,csv,data/raw/CODEFEST/F1_IA_y_Capacidades_Estrategicas/AI_Index_Stanford/recursos/Research_Development/datasets/AIINDEX_pubmed-cv-timeline-csv.csv
data/raw/CODEFEST/F1_IA_y_Capacidades_Estrategicas/AI_Index_Stanford/recursos/Research_Development/datasets/AIINDEX_pubmed-machine-learning-csv.csv,.csv,15138.8,raw,DOC-0062,csv,data/raw/CODEFEST/F1_IA_y_Capacidades_Estrategicas/AI_Index_Stanford/recursos/Research_Development/datasets/AIINDEX_pubmed-machine-learning-csv.csv
data/raw/CODEFEST/F1_IA_y_Capacidades_Estrategicas/AI_Index_Stanford/recursos/Research_Development/datasets/AIINDEX_pubmed-ml-timeline-csv.csv,.csv,0.5,raw,DOC-0063,csv,data/raw/CODEFEST/F1_IA_y_Capacidades_Estrategicas/AI_Index_Stanford/recursos/Research_Development/datasets/AIINDEX_pubmed-ml-timeline-csv.csv
data/raw/CODEFEST/F1_IA_y_Capacidades_Estrategicas/AI_Index_Stanford/recursos/Research_Development/datasets/AIINDEX_pubmed-nlp-csv.csv,.csv,2153.1,raw,DOC-0064,csv,data/raw/CODEFEST/F1_IA_y_Capacidades_Estrategicas/AI_Index_Stanford/recursos/Research_Development/datasets/AIINDEX_pubmed-nlp-csv.csv
data/raw/CODEFEST/F1_IA_y_Capacidades_Estrategicas/AI_Index_Stanford/recursos/Research_Development/datasets/AIINDEX_pubmed-nlp-timeline-csv.csv,.csv,0.4,raw,DOC-0065,csv,data/raw/CODEFEST/F1_IA_y_Capacidades_Estrategicas/AI_Index_Stanford/recursos/Research_Development/datasets/AIINDEX_pubmed-nlp-timeline-csv.csv
data/raw/CODEFEST/F1_IA_y_Capacidades_Estrategicas/AI_Index_Stanford/recursos/Research_Development/datasets/AIINDEX_pubmed-robotics-csv.csv,.csv,19333.2,raw,DOC-0066,csv,data/raw/CODEFEST/F1_IA_y_Capacidades_Estrategicas/AI_Index_Stanford/recursos/Research_Development/datasets/AIINDEX_pubmed-robotics-csv.csv
data/raw/CODEFEST/F1_IA_y_Capacidades_Estrategicas/AI_Index_Stanford/recursos/Research_Development/datasets/AIINDEX_pubmed-robotics-timeline-csv.csv,.csv,0.6,raw,DOC-0067,csv,data/raw/CODEFEST/F1_IA_y_Capacidades_Estrategicas/AI_Index_Stanford/recursos/Research_Development/datasets/AIINDEX_pubmed-robotics-timeline-csv.csv
data/raw/CODEFEST/F1_IA_y_Capacidades_Estrategicas/Atlantic_Council/.DS_Store,,6.0,raw,DOC-0068,,data/raw/CODEFEST/F1_IA_y_Capacidades_Estrategicas/Atlantic_Council/.DS_Store
data/raw/CODEFEST/F1_IA_y_Capacidades_Estrategicas/Atlantic_Council/GeoTech_Cues/page_01/ATLCOUNCIL_01-europe-must-address-the-digital-sovereignty-triad.json,.json,23.5,raw,DOC-0069,json,data/raw/CODEFEST/F1_IA_y_Capacidades_Estrategicas/Atlantic_Council/GeoTech_Cues/page_01/ATLCOUNCIL_01-europe-must-address-the-digital-sovereignty-triad.json
data/raw/CODEFEST/F1_IA_y_Capacidades_Estrategicas/Atlantic_Council/GeoTech_Cues/page_01/ATLCOUNCIL_02-to-realize-returns-on-their-ai-investments-corporations-must-consider-their.json,.json,15.1,raw,DOC-0070,json,data/raw/CODEFEST/F1_IA_y_Capacidades_Estrategicas/Atlantic_Council/GeoTech_Cues/page_01/ATLCOUNCIL_02-to-realize-returns-on-their-ai-investments-corporations-must-consider-their.json
data/raw/CODEFEST/F1_IA_y_Capacidades_Estrategicas/Atlantic_Council/GeoTech_Cues/page_01/ATLCOUNCIL_03-to-compete-with-china-in-space-the-us-must-form-more-equitable-commercial-pa.json,.json,33.3,raw,DOC-0071,json,data/raw/CODEFEST/F1_IA_y_Capacidades_Estrategicas/Atlantic_Council/GeoTech_Cues/page_01/ATLCOUNCIL_03-to-compete-with-china-in-space-the-us-must-form-more-equitable-commercial-pa.json
data/raw/CODEFEST/F1_IA_y_Capacidades_Estrategicas/Atlantic_Council/GeoTech_Cues/page_01/ATLCOUNCIL_04-the-road-to-the-ai-impact-summit-how-to-build-ai-infrastructure-from-the-gro.json,.json,24.0,raw,DOC-0072,json,data/raw/CODEFEST/F1_IA_y_Capacidades_Estrategicas/Atlantic_Council/GeoTech_Cues/page_01/ATLCOUNCIL_04-the-road-to-the-ai-impact-summit-how-to-build-ai-infrastructure-from-the-gro.json
data/raw/CODEFEST/F1_IA_y_Capacidades_Estrategicas/Atlantic_Council/GeoTech_Cues/page_01/ATLCOUNCIL_05-the-ai-impact-summit-must-focus-on-pathways-not-pilots-to-scale-up-ai-adopti.json,.json,20.8,raw,DOC-0073,json,data/raw/CODEFEST/F1_IA_y_Capacidades_Estrategicas/Atlantic_Council/GeoTech_Cues/page_01/ATLCOUNCIL_05-the-ai-impact-summit-must-focus-on-pathways-not-pilots-to-scale-up-ai-adopti.json
data/raw/CODEFEST/F1_IA_y_Capacidades_Estrategicas/Atlantic_Council/GeoTech_Cues/page_01/ATLCOUNCIL_06-how-indias-ai-talent-playbook-can-provide-a-blueprint-for-aspiring-ai-powers.json,.json,18.7,raw,DOC-0074,json,data/raw/CODEFEST/F1_IA_y_Capacidades_Estrategicas/Atlantic_Council/GeoTech_Cues/page_01/ATLCOUNCIL_06-how-indias-ai-talent-playbook-can-provide-a-blueprint-for-aspiring-ai-powers.json
data/raw/CODEFEST/F1_IA_y_Capacidades_Estrategicas/Atlantic_Council/GeoTech_Cues/page_01/ATLCOUNCIL_07-for-aging-populations-to-benefit-from-advances-in-healthcare-technology-coun.json,.json,23.0,raw,DOC-0075,json,data/raw/CODEFEST/F1_IA_y_Capacidades_Estrategicas/Atlantic_Council/GeoTech_Cues/page_01/ATLCOUNCIL_07-for-aging-populations-to-benefit-from-advances-in-healthcare-technology-coun.json
data/raw/CODEFEST/F1_IA_y_Capacidades_Estrategicas/Atlantic_Council/GeoTech_Cues/page_01/ATLCOUNCIL_08-global-perspectives-on-ai-and-digital-trust-ahead-of-the-swiss-e-id-referend.json,.json,18.8,raw,DOC-0076,json,data/raw/CODEFEST/F1_IA_y_Capacidades_Estrategicas/Atlantic_Council/GeoTech_Cues/page_01/ATLCOUNCIL_08-global-perspectives-on-ai-and-digital-trust-ahead-of-the-swiss-e-id-referend.json
data/raw/CODEFEST/F1_IA_y_Capacidades_Estrategicas/Atlantic_Council/GeoTech_Cues/page_01/ATLCOUNCIL_09-how-the-chip-security-act-could-usher-in-an-era-of-trusted-trade-with-us-par.json,.json,26.3,raw,DOC-0077,json,data/raw/CODEFEST/F1_IA_y_Capacidades_Estrategicas/Atlantic_Council/GeoTech_Cues/page_01/ATLCOUNCIL_09-how-the-chip-security-act-could-usher-in-an-era-of-trusted-trade-with-us-par.json
data/raw/CODEFEST/F1_IA_y_Capacidades_Estrategicas/Atlantic_Council/GeoTech_Cues/page_01/ATLCOUNCIL_10-navigating-the-new-reality-of-international-ai-policy.json,.json,27.8,raw,DOC-0078,json,data/raw/CODEFEST/F1_IA_y_Capacidades_Estrategicas/Atlantic_Council/GeoTech_Cues/page_01/ATLCOUNCIL_10-navigating-the-new-reality-of-international-ai-policy.json
data/raw/CODEFEST/F1_IA_y_Capacidades_Estrategicas/Atlantic_Council/GeoTech_Cues/page_02/ATLCOUNCIL_01-g7-leaders-have-the-opportunity-to-strengthen-digital-resilience-heres-how-t.json,.json,20.6,raw,DOC-0079,json,data/raw/CODEFEST/F1_IA_y_Capacidades_Estrategicas/Atlantic_Council/GeoTech_Cues/page_02/ATLCOUNCIL_01-g7-leaders-have-the-opportunity-to-strengthen-digital-resilience-heres-how-t.json
data/raw/CODEFEST/F1_IA_y_Capacidades_Estrategicas/Atlantic_Council/GeoTech_Cues/page_02/ATLCOUNCIL_02-to-build-tomorrows-power-grid-the-united-states-should-look-to-geothermal-en.json,.json,23.0,raw,DOC-0080,json,data/raw/CODEFEST/F1_IA_y_Capacidades_Estrategicas/Atlantic_Council/GeoTech_Cues/page_02/ATLCOUNCIL_02-to-build-tomorrows-power-grid-the-united-states-should-look-to-geothermal-en.json
data/raw/CODEFEST/F1_IA_y_Capacidades_Estrategicas/Atlantic_Council/GeoTech_Cues/page_02/ATLCOUNCIL_03-deepseek-shows-the-us-and-eu-the-costs-of-failing-to-govern-ai.json,.json,30.5,raw,DOC-0081,json,data/raw/CODEFEST/F1_IA_y_Capacidades_Estrategicas/Atlantic_Council/GeoTech_Cues/page_02/ATLCOUNCIL_03-deepseek-shows-the-us-and-eu-the-costs-of-failing-to-govern-ai.json
data/raw/CODEFEST/F1_IA_y_Capacidades_Estrategicas/Atlantic_Council/GeoTech_Cues/page_02/ATLCOUNCIL_04-trumps-sectoral-trade-pivot-what-it-will-take-to-succeed.json,.json,24.9,raw,DOC-0082,json,data/raw/CODEFEST/F1_IA_y_Capacidades_Estrategicas/Atlantic_Council/GeoTech_Cues/page_02/ATLCOUNCIL_04-trumps-sectoral-trade-pivot-what-it-will-take-to-succeed.json
data/raw/CODEFEST/F1_IA_y_Capacidades_Estrategicas/Atlantic_Council/GeoTech_Cues/page_02/ATLCOUNCIL_05-did-deepseek-just-trigger-a-paradigm-shift.json,.json,15.0,raw,DOC-0083,json,data/raw/CODEFEST/F1_IA_y_Capacidades_Estrategicas/Atlantic_Council/GeoTech_Cues/page_02/ATLCOUNCIL_05-did-deepseek-just-trigger-a-paradigm-shift.json
data/raw/CODEFEST/F1_IA_y_Capacidades_Estrategicas/Atlantic_Council/GeoTech_Cues/page_02/ATLCOUNCIL_06-aging-populations-are-being-ignored-in-global-tech-agreements-that-comes-at.json,.json,24.4,raw,DOC-0084,json,data/raw/CODEFEST/F1_IA_y_Capacidades_Estrategicas/Atlantic_Council/GeoTech_Cues/page_02/ATLCOUNCIL_06-aging-populations-are-being-ignored-in-global-tech-agreements-that-comes-at.json
data/raw/CODEFEST/F1_IA_y_Capacidades_Estrategicas/Atlantic_Council/GeoTech_Cues/page_02/ATLCOUNCIL_07-a-policymakers-guide-to-ensuring-that-ai-powered-health-tech-operates-ethica.json,.json,22.0,raw,DOC-0085,json,data/raw/CODEFEST/F1_IA_y_Capacidades_Estrategicas/Atlantic_Council/GeoTech_Cues/page_02/ATLCOUNCIL_07-a-policymakers-guide-to-ensuring-that-ai-powered-health-tech-operates-ethica.json
data/raw/CODEFEST/F1_IA_y_Capacidades_Estrategicas/Atlantic_Council/GeoTech_Cues/page_02/ATLCOUNCIL_08-the-sovereignty-trap.json,.json,38.1,raw,DOC-0086,json,data/raw/CODEFEST/F1_IA_y_Capacidades_Estrategicas/Atlantic_Council/GeoTech_Cues/page_02/ATLCOUNCIL_08-the-sovereignty-trap.json
data/raw/CODEFEST/F1_IA_y_Capacidades_Estrategicas/Atlantic_Council/GeoTech_Cues/page_02/ATLCOUNCIL_09-the-sustainability-questions-policymakers-should-be-asking-about-ai.json,.json,42.3,raw,DOC-0087,json,data/raw/CODEFEST/F1_IA_y_Capacidades_Estrategicas/Atlantic_Council/GeoTech_Cues/page_02/ATLCOUNCIL_09-the-sustainability-questions-policymakers-should-be-asking-about-ai.json
data/raw/CODEFEST/F1_IA_y_Capacidades_Estrategicas/Atlantic_Council/GeoTech_Cues/page_03/ATLCOUNCIL_01-one-hundred-years-of-energy-transitions.json,.json,23.2,raw,DOC-0088,json,data/raw/CODEFEST/F1_IA_y_Capacidades_Estrategicas/Atlantic_Council/GeoTech_Cues/page_03/ATLCOUNCIL_01-one-hundred-years-of-energy-transitions.json
data/raw/CODEFEST/F1_IA_y_Capacidades_Estrategicas/Atlantic_Council/GeoTech_Cues/page_03/ATLCOUNCIL_02-eu-ai-act-sets-the-stage-for-global-ai-governance-implications-for-us-compan.json,.json,20.8,raw,DOC-0089,json,data/raw/CODEFEST/F1_IA_y_Capacidades_Estrategicas/Atlantic_Council/GeoTech_Cues/page_03/ATLCOUNCIL_02-eu-ai-act-sets-the-stage-for-global-ai-governance-implications-for-us-compan.json
data/raw/CODEFEST/F1_IA_y_Capacidades_Estrategicas/Atlantic_Council/GeoTech_Cues/page_03/ATLCOUNCIL_03-ai-governance-on-a-global-stage-key-themes-from-the-biggest-week-in-ai-polic.json,.json,31.4,raw,DOC-0090,json,data/raw/CODEFEST/F1_IA_y_Capacidades_Estrategicas/Atlantic_Council/GeoTech_Cues/page_03/ATLCOUNCIL_03-ai-governance-on-a-global-stage-key-themes-from-the-biggest-week-in-ai-polic.json
data/raw/CODEFEST/F1_IA_y_Capacidades_Estrategicas/Atlantic_Council/GeoTech_Cues/page_03/ATLCOUNCIL_04-digital-discrimination-addressing-ageism-in-design-and-use-of-new-and-emergi.json,.json,25.3,raw,DOC-0091,json,data/raw/CODEFEST/F1_IA_y_Capacidades_Estrategicas/Atlantic_Council/GeoTech_Cues/page_03/ATLCOUNCIL_04-digital-discrimination-addressing-ageism-in-design-and-use-of-new-and-emergi.json
data/raw/CODEFEST/F1_IA_y_Capacidades_Estrategicas/Atlantic_Council/GeoTech_Cues/page_03/ATLCOUNCIL_05-mobilizing-public-science-priorities-through-the-american-commercial-space-i.json,.json,21.3,raw,DOC-0092,json,data/raw/CODEFEST/F1_IA_y_Capacidades_Estrategicas/Atlantic_Council/GeoTech_Cues/page_03/ATLCOUNCIL_05-mobilizing-public-science-priorities-through-the-american-commercial-space-i.json
data/raw/CODEFEST/F1_IA_y_Capacidades_Estrategicas/Atlantic_Council/GeoTech_Cues/page_03/ATLCOUNCIL_06-data-strategies-for-an-ai-powered-government.json,.json,33.2,raw,DOC-0093,json,data/raw/CODEFEST/F1_IA_y_Capacidades_Estrategicas/Atlantic_Council/GeoTech_Cues/page_03/ATLCOUNCIL_06-data-strategies-for-an-ai-powered-government.json
data/raw/CODEFEST/F1_IA_y_Capacidades_Estrategicas/Atlantic_Council/GeoTech_Cues/page_03/ATLCOUNCIL_07-consensus-standards-and-measurement-methods-will-be-critical-to-mitigating-c.json,.json,17.7,raw,DOC-0094,json,data/raw/CODEFEST/F1_IA_y_Capacidades_Estrategicas/Atlantic_Council/GeoTech_Cues/page_03/ATLCOUNCIL_07-consensus-standards-and-measurement-methods-will-be-critical-to-mitigating-c.json
data/raw/CODEFEST/F1_IA_y_Capacidades_Estrategicas/Atlantic_Council/GeoTech_Cues/page_03/ATLCOUNCIL_08-the-regulators-are-coming-for-your-ai.json,.json,17.8,raw,DOC-0095,json,data/raw/CODEFEST/F1_IA_y_Capacidades_Estrategicas/Atlantic_Council/GeoTech_Cues/page_03/ATLCOUNCIL_08-the-regulators-are-coming-for-your-ai.json
data/raw/CODEFEST/F1_IA_y_Capacidades_Estrategicas/Atlantic_Council/GeoTech_Cues/page_03/ATLCOUNCIL_09-why-us-technology-multinationals-are-looking-to-africa-for-ai-and-other-emer.json,.json,22.6,raw,DOC-0096,json,data/raw/CODEFEST/F1_IA_y_Capacidades_Estrategicas/Atlantic_Council/GeoTech_Cues/page_03/ATLCOUNCIL_09-why-us-technology-multinationals-are-looking-to-africa-for-ai-and-other-emer.json
data/raw/CODEFEST/F1_IA_y_Capacidades_Estrategicas/Atlantic_Council/GeoTech_Cues/page_03/ATLCOUNCIL_10-ai-generates-new-policy-risk.json,.json,20.7,raw,DOC-0097,json,data/raw/CODEFEST/F1_IA_y_Capacidades_Estrategicas/Atlantic_Council/GeoTech_Cues/page_03/ATLCOUNCIL_10-ai-generates-new-policy-risk.json
data/raw/CODEFEST/F1_IA_y_Capacidades_Estrategicas/Atlantic_Council/GeoTech_Cues/page_04/ATLCOUNCIL_01-beyond-chips-prioritizing-standardization-is-critical-for-u-s-competitivenes.json,.json,15.6,raw,DOC-0098,json,data/raw/CODEFEST/F1_IA_y_Capacidades_Estrategicas/Atlantic_Council/GeoTech_Cues/page_04/ATLCOUNCIL_01-beyond-chips-prioritizing-standardization-is-critical-for-u-s-competitivenes.json
data/raw/CODEFEST/F1_IA_y_Capacidades_Estrategicas/Atlantic_Council/GeoTech_Cues/page_04/ATLCOUNCIL_02-health-challenges-are-intimately-linked-to-climate-change-how-will-we-prepar.json,.json,26.3,raw,DOC-0099,json,data/raw/CODEFEST/F1_IA_y_Capacidades_Estrategicas/Atlantic_Council/GeoTech_Cues/page_04/ATLCOUNCIL_02-health-challenges-are-intimately-linked-to-climate-change-how-will-we-prepar.json
data/raw/CODEFEST/F1_IA_y_Capacidades_Estrategicas/Atlantic_Council/GeoTech_Cues/page_04/ATLCOUNCIL_03-the-next-phase-of-us-china-economic-and-tech-decoupling.json,.json,9.5,raw,DOC-0100,json,data/raw/CODEFEST/F1_IA_y_Capacidades_Estrategicas/Atlantic_Council/GeoTech_Cues/page_04/ATLCOUNCIL_03-the-next-phase-of-us-china-economic-and-tech-decoupling.json
data/raw/CODEFEST/F1_IA_y_Capacidades_Estrategicas/Atlantic_Council/GeoTech_Cues/page_04/ATLCOUNCIL_04-at-the-nexus-of-technology-and-security-biometrics-at-the-border.json,.json,27.8,raw,DOC-0101,json,data/raw/CODEFEST/F1_IA_y_Capacidades_Estrategicas/Atlantic_Council/GeoTech_Cues/page_04/ATLCOUNCIL_04-at-the-nexus-of-technology-and-security-biometrics-at-the-border.json
data/raw/CODEFEST/F1_IA_y_Capacidades_Estrategicas/Atlantic_Council/GeoTech_Cues/page_04/ATLCOUNCIL_05-the-ecosystemization-of-russias-big-tech.json,.json,20.1,raw,DOC-0102,json,data/raw/CODEFEST/F1_IA_y_Capacidades_Estrategicas/Atlantic_Council/GeoTech_Cues/page_04/ATLCOUNCIL_05-the-ecosystemization-of-russias-big-tech.json
data/raw/CODEFEST/F1_IA_y_Capacidades_Estrategicas/Atlantic_Council/GeoTech_Cues/page_04/ATLCOUNCIL_06-cybersecurity-in-service-delivery.json,.json,34.6,raw,DOC-0103,json,data/raw/CODEFEST/F1_IA_y_Capacidades_Estrategicas/Atlantic_Council/GeoTech_Cues/page_04/ATLCOUNCIL_06-cybersecurity-in-service-delivery.json
data/raw/CODEFEST/F1_IA_y_Capacidades_Estrategicas/Atlantic_Council/GeoTech_Cues/page_04/ATLCOUNCIL_07-the-next-step-in-community-centric-service-delivery.json,.json,20.5,raw,DOC-0104,json,data/raw/CODEFEST/F1_IA_y_Capacidades_Estrategicas/Atlantic_Council/GeoTech_Cues/page_04/ATLCOUNCIL_07-the-next-step-in-community-centric-service-delivery.json
data/raw/CODEFEST/F1_IA_y_Capacidades_Estrategicas/Atlantic_Council/GeoTech_Cues/page_04/ATLCOUNCIL_08-postpandemic-letdown-and-western-disarray.json,.json,24.5,raw,DOC-0105,json,data/raw/CODEFEST/F1_IA_y_Capacidades_Estrategicas/Atlantic_Council/GeoTech_Cues/page_04/ATLCOUNCIL_08-postpandemic-letdown-and-western-disarray.json
data/raw/CODEFEST/F1_IA_y_Capacidades_Estrategicas/Atlantic_Council/GeoTech_Cues/page_04/ATLCOUNCIL_09-europe-in-a-bipolar-tech-world.json,.json,23.4,raw,DOC-0106,json,data/raw/CODEFEST/F1_IA_y_Capacidades_Estrategicas/Atlantic_Council/GeoTech_Cues/page_04/ATLCOUNCIL_09-europe-in-a-bipolar-tech-world.json
data/raw/CODEFEST/F1_IA_y_Capacidades_Estrategicas/Atlantic_Council/GeoTech_Cues/page_05/ATLCOUNCIL_01-counting-the-costs-of-technonationalism-and-the-balkanization-of-cyberspace.json,.json,21.9,raw,DOC-0107,json,data/raw/CODEFEST/F1_IA_y_Capacidades_Estrategicas/Atlantic_Council/GeoTech_Cues/page_05/ATLCOUNCIL_01-counting-the-costs-of-technonationalism-and-the-balkanization-of-cyberspace.json
data/raw/CODEFEST/F1_IA_y_Capacidades_Estrategicas/Atlantic_Council/GeoTech_Cues/page_05/ATLCOUNCIL_02-how-public-trust-survives-in-the-era-of-automation.json,.json,16.7,raw,DOC-0108,json,data/raw/CODEFEST/F1_IA_y_Capacidades_Estrategicas/Atlantic_Council/GeoTech_Cues/page_05/ATLCOUNCIL_02-how-public-trust-survives-in-the-era-of-automation.json
data/raw/CODEFEST/F1_IA_y_Capacidades_Estrategicas/Atlantic_Council/GeoTech_Cues/page_05/ATLCOUNCIL_03-building-smarter-military-bases-for-climate-resilient-communities.json,.json,36.8,raw,DOC-0109,json,data/raw/CODEFEST/F1_IA_y_Capacidades_Estrategicas/Atlantic_Council/GeoTech_Cues/page_05/ATLCOUNCIL_03-building-smarter-military-bases-for-climate-resilient-communities.json
data/raw/CODEFEST/F1_IA_y_Capacidades_Estrategicas/Atlantic_Council/GeoTech_Cues/page_05/ATLCOUNCIL_04-reimagining-a-just-society-pt-6-our-planetary-condominium.json,.json,45.5,raw,DOC-0110,json,data/raw/CODEFEST/F1_IA_y_Capacidades_Estrategicas/Atlantic_Council/GeoTech_Cues/page_05/ATLCOUNCIL_04-reimagining-a-just-society-pt-6-our-planetary-condominium.json
data/raw/CODEFEST/F1_IA_y_Capacidades_Estrategicas/Atlantic_Council/GeoTech_Cues/page_05/ATLCOUNCIL_05-getting-ahead-of-the-next-catalyst-a-new-paradigm-for-cybersecurity-in-the-s.json,.json,38.2,raw,DOC-0111,json,data/raw/CODEFEST/F1_IA_y_Capacidades_Estrategicas/Atlantic_Council/GeoTech_Cues/page_05/ATLCOUNCIL_05-getting-ahead-of-the-next-catalyst-a-new-paradigm-for-cybersecurity-in-the-s.json
data/raw/CODEFEST/F1_IA_y_Capacidades_Estrategicas/Atlantic_Council/GeoTech_Cues/page_05/ATLCOUNCIL_06-reimagining-a-just-society-pt-5-is-this-working-as-intended-global-trends-am.json,.json,32.5,raw,DOC-0112,json,data/raw/CODEFEST/F1_IA_y_Capacidades_Estrategicas/Atlantic_Council/GeoTech_Cues/page_05/ATLCOUNCIL_06-reimagining-a-just-society-pt-5-is-this-working-as-intended-global-trends-am.json
data/raw/CODEFEST/F1_IA_y_Capacidades_Estrategicas/Atlantic_Council/GeoTech_Cues/page_05/ATLCOUNCIL_07-the-case-for-a-financial-digital-asset-framework-for-cryptocurrencies.json,.json,28.7,raw,DOC-0113,json,data/raw/CODEFEST/F1_IA_y_Capacidades_Estrategicas/Atlantic_Council/GeoTech_Cues/page_05/ATLCOUNCIL_07-the-case-for-a-financial-digital-asset-framework-for-cryptocurrencies.json
data/raw/CODEFEST/F1_IA_y_Capacidades_Estrategicas/Atlantic_Council/GeoTech_Cues/page_05/ATLCOUNCIL_08-telework-and-worker-well-being.json,.json,40.5,raw,DOC-0114,json,data/raw/CODEFEST/F1_IA_y_Capacidades_Estrategicas/Atlantic_Council/GeoTech_Cues/page_05/ATLCOUNCIL_08-telework-and-worker-well-being.json
data/raw/CODEFEST/F1_IA_y_Capacidades_Estrategicas/Atlantic_Council/GeoTech_Cues/page_05/ATLCOUNCIL_09-event-the-future-of-data-and-ai-in-space-2.json,.json,7.2,raw,DOC-0115,json,data/raw/CODEFEST/F1_IA_y_Capacidades_Estrategicas/Atlantic_Council/GeoTech_Cues/page_05/ATLCOUNCIL_09-event-the-future-of-data-and-ai-in-space-2.json
data/raw/CODEFEST/F1_IA_y_Capacidades_Estrategicas/Atlantic_Council/GeoTech_Cues/page_06/ATLCOUNCIL_01-event-technology-and-pandemics-challenges-and-opportunities.json,.json,6.0,raw,DOC-0116,json,data/raw/CODEFEST/F1_IA_y_Capacidades_Estrategicas/Atlantic_Council/GeoTech_Cues/page_06/ATLCOUNCIL_01-event-technology-and-pandemics-challenges-and-opportunities.json
data/raw/CODEFEST/F1_IA_y_Capacidades_Estrategicas/Atlantic_Council/GeoTech_Cues/page_06/ATLCOUNCIL_02-event-technologies-for-rebuilding-after-covid-19.json,.json,6.2,raw,DOC-0117,json,data/raw/CODEFEST/F1_IA_y_Capacidades_Estrategicas/Atlantic_Council/GeoTech_Cues/page_06/ATLCOUNCIL_02-event-technologies-for-rebuilding-after-covid-19.json
data/raw/CODEFEST/F1_IA_y_Capacidades_Estrategicas/Atlantic_Council/GeoTech_Cues/page_06/ATLCOUNCIL_03-event-data-trusts-and-the-global-covid-19-response.json,.json,6.8,raw,DOC-0118,json,data/raw/CODEFEST/F1_IA_y_Capacidades_Estrategicas/Atlantic_Council/GeoTech_Cues/page_06/ATLCOUNCIL_03-event-data-trusts-and-the-global-covid-19-response.json
data/raw/CODEFEST/F1_IA_y_Capacidades_Estrategicas/Atlantic_Council/GeoTech_Cues/page_06/ATLCOUNCIL_04-how-to-secure-smart-cities-through-decentralized-digital-identities.json,.json,14.3,raw,DOC-0119,json,data/raw/CODEFEST/F1_IA_y_Capacidades_Estrategicas/Atlantic_Council/GeoTech_Cues/page_06/ATLCOUNCIL_04-how-to-secure-smart-cities-through-decentralized-digital-identities.json
data/raw/CODEFEST/F1_IA_y_Capacidades_Estrategicas/Atlantic_Council/GeoTech_Cues/page_06/ATLCOUNCIL_05-event-recap-eo-14028.json,.json,7.7,raw,DOC-0120,json,data/raw/CODEFEST/F1_IA_y_Capacidades_Estrategicas/Atlantic_Council/GeoTech_Cues/page_06/ATLCOUNCIL_05-event-recap-eo-14028.json
data/raw/CODEFEST/F1_IA_y_Capacidades_Estrategicas/Atlantic_Council/GeoTech_Cues/page_06/ATLCOUNCIL_06-event-recap-reimagining-education.json,.json,6.9,raw,DOC-0121,json,data/raw/CODEFEST/F1_IA_y_Capacidades_Estrategicas/Atlantic_Council/GeoTech_Cues/page_06/ATLCOUNCIL_06-event-recap-reimagining-education.json
data/raw/CODEFEST/F1_IA_y_Capacidades_Estrategicas/Atlantic_Council/GeoTech_Cues/page_06/ATLCOUNCIL_07-eu-us-tech-cooperation.json,.json,46.9,raw,DOC-0122,json,data/raw/CODEFEST/F1_IA_y_Capacidades_Estrategicas/Atlantic_Council/GeoTech_Cues/page_06/ATLCOUNCIL_07-eu-us-tech-cooperation.json
data/raw/CODEFEST/F1_IA_y_Capacidades_Estrategicas/Atlantic_Council/GeoTech_Cues/page_06/ATLCOUNCIL_08-president-bidens-first-foreign-affairs-meetings-overseas.json,.json,25.1,raw,DOC-0123,json,data/raw/CODEFEST/F1_IA_y_Capacidades_Estrategicas/Atlantic_Council/GeoTech_Cues/page_06/ATLCOUNCIL_08-president-bidens-first-foreign-affairs-meetings-overseas.json
data/raw/CODEFEST/F1_IA_y_Capacidades_Estrategicas/Atlantic_Council/GeoTech_Cues/page_07/ATLCOUNCIL_01-event-recap-autonomous-systems-employing-ai.json,.json,9.1,raw,DOC-0124,json,data/raw/CODEFEST/F1_IA_y_Capacidades_Estrategicas/Atlantic_Council/GeoTech_Cues/page_07/ATLCOUNCIL_01-event-recap-autonomous-systems-employing-ai.json
data/raw/CODEFEST/F1_IA_y_Capacidades_Estrategicas/Atlantic_Council/GeoTech_Cues/page_07/ATLCOUNCIL_02-event-recap-assured-trust-in-medicine.json,.json,9.3,raw,DOC-0125,json,data/raw/CODEFEST/F1_IA_y_Capacidades_Estrategicas/Atlantic_Council/GeoTech_Cues/page_07/ATLCOUNCIL_02-event-recap-assured-trust-in-medicine.json
data/raw/CODEFEST/F1_IA_y_Capacidades_Estrategicas/Atlantic_Council/GeoTech_Cues/page_07/ATLCOUNCIL_03-event-recap-commission-report-launch-part-ii.json,.json,13.2,raw,DOC-0126,json,data/raw/CODEFEST/F1_IA_y_Capacidades_Estrategicas/Atlantic_Council/GeoTech_Cues/page_07/ATLCOUNCIL_03-event-recap-commission-report-launch-part-ii.json
data/raw/CODEFEST/F1_IA_y_Capacidades_Estrategicas/Atlantic_Council/GeoTech_Cues/page_07/ATLCOUNCIL_04-event-recap-commission-report-launch-part-i.json,.json,11.2,raw,DOC-0127,json,data/raw/CODEFEST/F1_IA_y_Capacidades_Estrategicas/Atlantic_Council/GeoTech_Cues/page_07/ATLCOUNCIL_04-event-recap-commission-report-launch-part-i.json
data/raw/CODEFEST/F1_IA_y_Capacidades_Estrategicas/Atlantic_Council/GeoTech_Cues/page_07/ATLCOUNCIL_05-scotch-a-framework-for-rapidly-assessing-influence-operations.json,.json,35.4,raw,DOC-0128,json,data/raw/CODEFEST/F1_IA_y_Capacidades_Estrategicas/Atlantic_Council/GeoTech_Cues/page_07/ATLCOUNCIL_05-scotch-a-framework-for-rapidly-assessing-influence-operations.json
data/raw/CODEFEST/F1_IA_y_Capacidades_Estrategicas/Atlantic_Council/GeoTech_Cues/page_07/ATLCOUNCIL_06-games-with-serious-impacts-the-next-generation.json,.json,61.9,raw,DOC-0129,json,data/raw/CODEFEST/F1_IA_y_Capacidades_Estrategicas/Atlantic_Council/GeoTech_Cues/page_07/ATLCOUNCIL_06-games-with-serious-impacts-the-next-generation.json
data/raw/CODEFEST/F1_IA_y_Capacidades_Estrategicas/Atlantic_Council/GeoTech_Cues/page_07/ATLCOUNCIL_07-games-with-serious-consequences-extremist-movements-and-kayfabe-2.json,.json,36.9,raw,DOC-0130,json,data/raw/CODEFEST/F1_IA_y_Capacidades_Estrategicas/Atlantic_Council/GeoTech_Cues/page_07/ATLCOUNCIL_07-games-with-serious-consequences-extremist-movements-and-kayfabe-2.json
data/raw/CODEFEST/F1_IA_y_Capacidades_Estrategicas/Atlantic_Council/GeoTech_Cues/page_07/ATLCOUNCIL_08-event-recap-computing-to-win-the-ai-compute-divide.json,.json,7.7,raw,DOC-0131,json,data/raw/CODEFEST/F1_IA_y_Capacidades_Estrategicas/Atlantic_Council/GeoTech_Cues/page_07/ATLCOUNCIL_08-event-recap-computing-to-win-the-ai-compute-divide.json
data/raw/CODEFEST/F1_IA_y_Capacidades_Estrategicas/Atlantic_Council/GeoTech_Cues/page_07/ATLCOUNCIL_09-how-to-modernize-the-global-food-system-for-an-economy-of-trust.json,.json,14.3,raw,DOC-0132,json,data/raw/CODEFEST/F1_IA_y_Capacidades_Estrategicas/Atlantic_Council/GeoTech_Cues/page_07/ATLCOUNCIL_09-how-to-modernize-the-global-food-system-for-an-economy-of-trust.json
data/raw/CODEFEST/F1_IA_y_Capacidades_Estrategicas/Atlantic_Council/GeoTech_Cues/page_07/ATLCOUNCIL_10-event-recap-data-human-rights-speech-and-privacy.json,.json,8.5,raw,DOC-0133,json,data/raw/CODEFEST/F1_IA_y_Capacidades_Estrategicas/Atlantic_Council/GeoTech_Cues/page_07/ATLCOUNCIL_10-event-recap-data-human-rights-speech-and-privacy.json
data/raw/CODEFEST/F1_IA_y_Capacidades_Estrategicas/Atlantic_Council/GeoTech_Cues/page_08/ATLCOUNCIL_01-event-how-we-can-achieve-both-healthy-communities-and-economic-renewal.json,.json,8.5,raw,DOC-0134,json,data/raw/CODEFEST/F1_IA_y_Capacidades_Estrategicas/Atlantic_Council/GeoTech_Cues/page_08/ATLCOUNCIL_01-event-how-we-can-achieve-both-healthy-communities-and-economic-renewal.json
data/raw/CODEFEST/F1_IA_y_Capacidades_Estrategicas/Atlantic_Council/GeoTech_Cues/page_08/ATLCOUNCIL_02-event-recap-countering-bot-swarms-part-2.json,.json,8.0,raw,DOC-0135,json,data/raw/CODEFEST/F1_IA_y_Capacidades_Estrategicas/Atlantic_Council/GeoTech_Cues/page_08/ATLCOUNCIL_02-event-recap-countering-bot-swarms-part-2.json
data/raw/CODEFEST/F1_IA_y_Capacidades_Estrategicas/Atlantic_Council/GeoTech_Cues/page_08/ATLCOUNCIL_03-event-recap-countering-bot-swarms.json,.json,9.9,raw,DOC-0136,json,data/raw/CODEFEST/F1_IA_y_Capacidades_Estrategicas/Atlantic_Council/GeoTech_Cues/page_08/ATLCOUNCIL_03-event-recap-countering-bot-swarms.json
data/raw/CODEFEST/F1_IA_y_Capacidades_Estrategicas/Atlantic_Council/GeoTech_Cues/page_08/ATLCOUNCIL_04-event-recap-agriculture-technology.json,.json,7.0,raw,DOC-0137,json,data/raw/CODEFEST/F1_IA_y_Capacidades_Estrategicas/Atlantic_Council/GeoTech_Cues/page_08/ATLCOUNCIL_04-event-recap-agriculture-technology.json
data/raw/CODEFEST/F1_IA_y_Capacidades_Estrategicas/Atlantic_Council/GeoTech_Cues/page_08/ATLCOUNCIL_05-event-recap-digital-idendity.json,.json,8.3,raw,DOC-0138,json,data/raw/CODEFEST/F1_IA_y_Capacidades_Estrategicas/Atlantic_Council/GeoTech_Cues/page_08/ATLCOUNCIL_05-event-recap-digital-idendity.json
data/raw/CODEFEST/F1_IA_y_Capacidades_Estrategicas/Atlantic_Council/GeoTech_Cues/page_08/ATLCOUNCIL_06-event-recap-indigenous-data-sovereignty.json,.json,6.9,raw,DOC-0139,json,data/raw/CODEFEST/F1_IA_y_Capacidades_Estrategicas/Atlantic_Council/GeoTech_Cues/page_08/ATLCOUNCIL_06-event-recap-indigenous-data-sovereignty.json
data/raw/CODEFEST/F1_IA_y_Capacidades_Estrategicas/Atlantic_Council/GeoTech_Cues/page_08/ATLCOUNCIL_07-middle-skill-jobs-as-a-strategic-imperative.json,.json,37.3,raw,DOC-0140,json,data/raw/CODEFEST/F1_IA_y_Capacidades_Estrategicas/Atlantic_Council/GeoTech_Cues/page_08/ATLCOUNCIL_07-middle-skill-jobs-as-a-strategic-imperative.json
data/raw/CODEFEST/F1_IA_y_Capacidades_Estrategicas/Atlantic_Council/GeoTech_Cues/page_08/ATLCOUNCIL_08-reimagining-a-just-society-pt-4-new-maps.json,.json,43.2,raw,DOC-0141,json,data/raw/CODEFEST/F1_IA_y_Capacidades_Estrategicas/Atlantic_Council/GeoTech_Cues/page_08/ATLCOUNCIL_08-reimagining-a-just-society-pt-4-new-maps.json
data/raw/CODEFEST/F1_IA_y_Capacidades_Estrategicas/Atlantic_Council/GeoTech_Cues/page_08/ATLCOUNCIL_09-ventilator-to-africa-project.json,.json,11.2,raw,DOC-0142,json,data/raw/CODEFEST/F1_IA_y_Capacidades_Estrategicas/Atlantic_Council/GeoTech_Cues/page_08/ATLCOUNCIL_09-ventilator-to-africa-project.json
data/raw/CODEFEST/F1_IA_y_Capacidades_Estrategicas/Atlantic_Council/GeoTech_Cues/page_09/ATLCOUNCIL_01-event-recap-coordinating-data-privacy-public-interest.json,.json,7.5,raw,DOC-0143,json,data/raw/CODEFEST/F1_IA_y_Capacidades_Estrategicas/Atlantic_Council/GeoTech_Cues/page_09/ATLCOUNCIL_01-event-recap-coordinating-data-privacy-public-interest.json
data/raw/CODEFEST/F1_IA_y_Capacidades_Estrategicas/Atlantic_Council/GeoTech_Cues/page_09/ATLCOUNCIL_02-event-recap-coordinating-data-privacy.json,.json,7.8,raw,DOC-0144,json,data/raw/CODEFEST/F1_IA_y_Capacidades_Estrategicas/Atlantic_Council/GeoTech_Cues/page_09/ATLCOUNCIL_02-event-recap-coordinating-data-privacy.json
data/raw/CODEFEST/F1_IA_y_Capacidades_Estrategicas/Atlantic_Council/GeoTech_Cues/page_09/ATLCOUNCIL_03-event-recap-geotech-decade-ahead.json,.json,8.2,raw,DOC-0145,json,data/raw/CODEFEST/F1_IA_y_Capacidades_Estrategicas/Atlantic_Council/GeoTech_Cues/page_09/ATLCOUNCIL_03-event-recap-geotech-decade-ahead.json
data/raw/CODEFEST/F1_IA_y_Capacidades_Estrategicas/Atlantic_Council/GeoTech_Cues/page_09/ATLCOUNCIL_04-event-recap-artificial-intelligence-2045.json,.json,6.2,raw,DOC-0146,json,data/raw/CODEFEST/F1_IA_y_Capacidades_Estrategicas/Atlantic_Council/GeoTech_Cues/page_09/ATLCOUNCIL_04-event-recap-artificial-intelligence-2045.json
data/raw/CODEFEST/F1_IA_y_Capacidades_Estrategicas/Atlantic_Council/GeoTech_Cues/page_09/ATLCOUNCIL_05-event-recap-women-in-tech.json,.json,8.8,raw,DOC-0147,json,data/raw/CODEFEST/F1_IA_y_Capacidades_Estrategicas/Atlantic_Council/GeoTech_Cues/page_09/ATLCOUNCIL_05-event-recap-women-in-tech.json
data/raw/CODEFEST/F1_IA_y_Capacidades_Estrategicas/Atlantic_Council/GeoTech_Cues/page_09/ATLCOUNCIL_06-synthetic-data-privacy-trust.json,.json,9.2,raw,DOC-0148,json,data/raw/CODEFEST/F1_IA_y_Capacidades_Estrategicas/Atlantic_Council/GeoTech_Cues/page_09/ATLCOUNCIL_06-synthetic-data-privacy-trust.json
data/raw/CODEFEST/F1_IA_y_Capacidades_Estrategicas/Atlantic_Council/GeoTech_Cues/page_09/ATLCOUNCIL_07-information-warfare-military-civil-deception-today-2030.json,.json,21.5,raw,DOC-0149,json,data/raw/CODEFEST/F1_IA_y_Capacidades_Estrategicas/Atlantic_Council/GeoTech_Cues/page_09/ATLCOUNCIL_07-information-warfare-military-civil-deception-today-2030.json
data/raw/CODEFEST/F1_IA_y_Capacidades_Estrategicas/Atlantic_Council/GeoTech_Cues/page_09/ATLCOUNCIL_08-event-recap-data-informed-nutrition-policy-and-initiatives.json,.json,7.5,raw,DOC-0150,json,data/raw/CODEFEST/F1_IA_y_Capacidades_Estrategicas/Atlantic_Council/GeoTech_Cues/page_09/ATLCOUNCIL_08-event-recap-data-informed-nutrition-policy-and-initiatives.json
data/raw/CODEFEST/F1_IA_y_Capacidades_Estrategicas/Atlantic_Council/GeoTech_Cues/page_09/ATLCOUNCIL_09-celebrating-public-service.json,.json,13.0,raw,DOC-0151,json,data/raw/CODEFEST/F1_IA_y_Capacidades_Estrategicas/Atlantic_Council/GeoTech_Cues/page_09/ATLCOUNCIL_09-celebrating-public-service.json
data/raw/CODEFEST/F1_IA_y_Capacidades_Estrategicas/Atlantic_Council/GeoTech_Cues/page_10/ATLCOUNCIL_01-event-recap-geopolitics-of-emerging-tech-pandemic.json,.json,8.0,raw,DOC-0152,json,data/raw/CODEFEST/F1_IA_y_Capacidades_Estrategicas/Atlantic_Council/GeoTech_Cues/page_10/ATLCOUNCIL_01-event-recap-geopolitics-of-emerging-tech-pandemic.json
data/raw/CODEFEST/F1_IA_y_Capacidades_Estrategicas/Atlantic_Council/GeoTech_Cues/page_10/ATLCOUNCIL_02-event-recap-data-salon-episode-6-digital-identity.json,.json,13.1,raw,DOC-0153,json,data/raw/CODEFEST/F1_IA_y_Capacidades_Estrategicas/Atlantic_Council/GeoTech_Cues/page_10/ATLCOUNCIL_02-event-recap-data-salon-episode-6-digital-identity.json
data/raw/CODEFEST/F1_IA_y_Capacidades_Estrategicas/Atlantic_Council/GeoTech_Cues/page_10/ATLCOUNCIL_03-event-recap-tech-enabled-dis-and-misinformation.json,.json,11.9,raw,DOC-0154,json,data/raw/CODEFEST/F1_IA_y_Capacidades_Estrategicas/Atlantic_Council/GeoTech_Cues/page_10/ATLCOUNCIL_03-event-recap-tech-enabled-dis-and-misinformation.json
data/raw/CODEFEST/F1_IA_y_Capacidades_Estrategicas/Atlantic_Council/GeoTech_Cues/page_10/ATLCOUNCIL_04-event-recap-immune-system-for-the-planet.json,.json,9.4,raw,DOC-0155,json,data/raw/CODEFEST/F1_IA_y_Capacidades_Estrategicas/Atlantic_Council/GeoTech_Cues/page_10/ATLCOUNCIL_04-event-recap-immune-system-for-the-planet.json
data/raw/CODEFEST/F1_IA_y_Capacidades_Estrategicas/Atlantic_Council/GeoTech_Cues/page_10/ATLCOUNCIL_05-reimagining-a-just-society-pt-3-a-coming-shift-in-perspective.json,.json,24.4,raw,DOC-0156,json,data/raw/CODEFEST/F1_IA_y_Capacidades_Estrategicas/Atlantic_Council/GeoTech_Cues/page_10/ATLCOUNCIL_05-reimagining-a-just-society-pt-3-a-coming-shift-in-perspective.json
data/raw/CODEFEST/F1_IA_y_Capacidades_Estrategicas/Atlantic_Council/GeoTech_Cues/page_10/ATLCOUNCIL_06-event-recap-improvements-to-public-services.json,.json,11.2,raw,DOC-0157,json,data/raw/CODEFEST/F1_IA_y_Capacidades_Estrategicas/Atlantic_Council/GeoTech_Cues/page_10/ATLCOUNCIL_06-event-recap-improvements-to-public-services.json
data/raw/CODEFEST/F1_IA_y_Capacidades_Estrategicas/Atlantic_Council/GeoTech_Cues/page_10/ATLCOUNCIL_07-event-recap-the-global-quest-for-digital-sovereignty-report-launch.json,.json,10.3,raw,DOC-0158,json,data/raw/CODEFEST/F1_IA_y_Capacidades_Estrategicas/Atlantic_Council/GeoTech_Cues/page_10/ATLCOUNCIL_07-event-recap-the-global-quest-for-digital-sovereignty-report-launch.json
data/raw/CODEFEST/F1_IA_y_Capacidades_Estrategicas/Atlantic_Council/GeoTech_Cues/page_10/ATLCOUNCIL_08-cooperation-in-a-bipolar-world.json,.json,14.7,raw,DOC-0159,json,data/raw/CODEFEST/F1_IA_y_Capacidades_Estrategicas/Atlantic_Council/GeoTech_Cues/page_10/ATLCOUNCIL_08-cooperation-in-a-bipolar-world.json
data/raw/CODEFEST/F1_IA_y_Capacidades_Estrategicas/Atlantic_Council/GeoTech_Cues/page_10/ATLCOUNCIL_09-an-unequal-world.json,.json,11.7,raw,DOC-0160,json,data/raw/CODEFEST/F1_IA_y_Capacidades_Estrategicas/Atlantic_Council/GeoTech_Cues/page_10/ATLCOUNCIL_09-an-unequal-world.json
data/raw/CODEFEST/F1_IA_y_Capacidades_Estrategicas/Atlantic_Council/GeoTech_Cues/page_11/ATLCOUNCIL_01-indias-quest-for-digital-sovereignty.json,.json,13.1,raw,DOC-0161,json,data/raw/CODEFEST/F1_IA_y_Capacidades_Estrategicas/Atlantic_Council/GeoTech_Cues/page_11/ATLCOUNCIL_01-indias-quest-for-digital-sovereignty.json
data/raw/CODEFEST/F1_IA_y_Capacidades_Estrategicas/Atlantic_Council/GeoTech_Cues/page_11/ATLCOUNCIL_02-worries-about-ai-externalities.json,.json,13.7,raw,DOC-0162,json,data/raw/CODEFEST/F1_IA_y_Capacidades_Estrategicas/Atlantic_Council/GeoTech_Cues/page_11/ATLCOUNCIL_02-worries-about-ai-externalities.json
data/raw/CODEFEST/F1_IA_y_Capacidades_Estrategicas/Atlantic_Council/GeoTech_Cues/page_11/ATLCOUNCIL_03-technology-for-good.json,.json,12.6,raw,DOC-0163,json,data/raw/CODEFEST/F1_IA_y_Capacidades_Estrategicas/Atlantic_Council/GeoTech_Cues/page_11/ATLCOUNCIL_03-technology-for-good.json
data/raw/CODEFEST/F1_IA_y_Capacidades_Estrategicas/Atlantic_Council/GeoTech_Cues/page_11/ATLCOUNCIL_04-a-bipolar-world.json,.json,9.7,raw,DOC-0164,json,data/raw/CODEFEST/F1_IA_y_Capacidades_Estrategicas/Atlantic_Council/GeoTech_Cues/page_11/ATLCOUNCIL_04-a-bipolar-world.json
data/raw/CODEFEST/F1_IA_y_Capacidades_Estrategicas/Atlantic_Council/GeoTech_Cues/page_11/ATLCOUNCIL_05-a-multilateral-resurgence.json,.json,10.4,raw,DOC-0165,json,data/raw/CODEFEST/F1_IA_y_Capacidades_Estrategicas/Atlantic_Council/GeoTech_Cues/page_11/ATLCOUNCIL_05-a-multilateral-resurgence.json
data/raw/CODEFEST/F1_IA_y_Capacidades_Estrategicas/Atlantic_Council/GeoTech_Cues/page_11/ATLCOUNCIL_06-third-parties-dont-want-to-choose-sides.json,.json,15.6,raw,DOC-0166,json,data/raw/CODEFEST/F1_IA_y_Capacidades_Estrategicas/Atlantic_Council/GeoTech_Cues/page_11/ATLCOUNCIL_06-third-parties-dont-want-to-choose-sides.json
data/raw/CODEFEST/F1_IA_y_Capacidades_Estrategicas/Atlantic_Council/GeoTech_Cues/page_11/ATLCOUNCIL_07-europes-hurdles.json,.json,13.5,raw,DOC-0167,json,data/raw/CODEFEST/F1_IA_y_Capacidades_Estrategicas/Atlantic_Council/GeoTech_Cues/page_11/ATLCOUNCIL_07-europes-hurdles.json
data/raw/CODEFEST/F1_IA_y_Capacidades_Estrategicas/Atlantic_Council/GeoTech_Cues/page_11/ATLCOUNCIL_08-chinas-ambiguity.json,.json,13.8,raw,DOC-0168,json,data/raw/CODEFEST/F1_IA_y_Capacidades_Estrategicas/Atlantic_Council/GeoTech_Cues/page_11/ATLCOUNCIL_08-chinas-ambiguity.json
data/raw/CODEFEST/F1_IA_y_Capacidades_Estrategicas/Atlantic_Council/GeoTech_Cues/page_11/ATLCOUNCIL_09-smart-partnerships-for-global-challenges.json,.json,17.3,raw,DOC-0169,json,data/raw/CODEFEST/F1_IA_y_Capacidades_Estrategicas/Atlantic_Council/GeoTech_Cues/page_11/ATLCOUNCIL_09-smart-partnerships-for-global-challenges.json
data/raw/CODEFEST/F1_IA_y_Capacidades_Estrategicas/Atlantic_Council/GeoTech_Cues/page_11/ATLCOUNCIL_10-event-recap-tech-and-data-recommendations-2.json,.json,7.6,raw,DOC-0170,json,data/raw/CODEFEST/F1_IA_y_Capacidades_Estrategicas/Atlantic_Council/GeoTech_Cues/page_11/ATLCOUNCIL_10-event-recap-tech-and-data-recommendations-2.json
data/raw/CODEFEST/F1_IA_y_Capacidades_Estrategicas/Atlantic_Council/GeoTech_Cues/page_12/ATLCOUNCIL_01-event-recap-digital-content-safety.json,.json,21.2,raw,DOC-0171,json,data/raw/CODEFEST/F1_IA_y_Capacidades_Estrategicas/Atlantic_Council/GeoTech_Cues/page_12/ATLCOUNCIL_01-event-recap-digital-content-safety.json
data/raw/CODEFEST/F1_IA_y_Capacidades_Estrategicas/Atlantic_Council/GeoTech_Cues/page_12/ATLCOUNCIL_02-vaccine-hesitancy-part-2.json,.json,27.8,raw,DOC-0172,json,data/raw/CODEFEST/F1_IA_y_Capacidades_Estrategicas/Atlantic_Council/GeoTech_Cues/page_12/ATLCOUNCIL_02-vaccine-hesitancy-part-2.json
data/raw/CODEFEST/F1_IA_y_Capacidades_Estrategicas/Atlantic_Council/GeoTech_Cues/page_12/ATLCOUNCIL_03-imagining-our-food-system-in-the-decades-to-come.json,.json,21.6,raw,DOC-0173,json,data/raw/CODEFEST/F1_IA_y_Capacidades_Estrategicas/Atlantic_Council/GeoTech_Cues/page_12/ATLCOUNCIL_03-imagining-our-food-system-in-the-decades-to-come.json
data/raw/CODEFEST/F1_IA_y_Capacidades_Estrategicas/Atlantic_Council/GeoTech_Cues/page_12/ATLCOUNCIL_04-the-end-of-an-era.json,.json,23.2,raw,DOC-0174,json,data/raw/CODEFEST/F1_IA_y_Capacidades_Estrategicas/Atlantic_Council/GeoTech_Cues/page_12/ATLCOUNCIL_04-the-end-of-an-era.json
data/raw/CODEFEST/F1_IA_y_Capacidades_Estrategicas/Atlantic_Council/GeoTech_Cues/page_12/ATLCOUNCIL_05-pretrial-risk-assessment-tools-must-be-directed-toward-an-abolitionist-visio.json,.json,55.4,raw,DOC-0175,json,data/raw/CODEFEST/F1_IA_y_Capacidades_Estrategicas/Atlantic_Council/GeoTech_Cues/page_12/ATLCOUNCIL_05-pretrial-risk-assessment-tools-must-be-directed-toward-an-abolitionist-visio.json
data/raw/CODEFEST/F1_IA_y_Capacidades_Estrategicas/Atlantic_Council/GeoTech_Cues/page_12/ATLCOUNCIL_06-silicon-valleys-role-in-foreign-policy.json,.json,33.6,raw,DOC-0176,json,data/raw/CODEFEST/F1_IA_y_Capacidades_Estrategicas/Atlantic_Council/GeoTech_Cues/page_12/ATLCOUNCIL_06-silicon-valleys-role-in-foreign-policy.json
data/raw/CODEFEST/F1_IA_y_Capacidades_Estrategicas/Atlantic_Council/GeoTech_Cues/page_12/ATLCOUNCIL_07-the-west-china-and-ai-surveillance.json,.json,76.9,raw,DOC-0177,json,data/raw/CODEFEST/F1_IA_y_Capacidades_Estrategicas/Atlantic_Council/GeoTech_Cues/page_12/ATLCOUNCIL_07-the-west-china-and-ai-surveillance.json
data/raw/CODEFEST/F1_IA_y_Capacidades_Estrategicas/Atlantic_Council/GeoTech_Cues/page_12/ATLCOUNCIL_08-property-rights-data-and-prosperity-in-africa.json,.json,22.7,raw,DOC-0178,json,data/raw/CODEFEST/F1_IA_y_Capacidades_Estrategicas/Atlantic_Council/GeoTech_Cues/page_12/ATLCOUNCIL_08-property-rights-data-and-prosperity-in-africa.json
data/raw/CODEFEST/F1_IA_y_Capacidades_Estrategicas/Atlantic_Council/GeoTech_Cues/page_12/ATLCOUNCIL_09-event-recap-technology-policy-and-leadership-in-2021.json,.json,7.9,raw,DOC-0179,json,data/raw/CODEFEST/F1_IA_y_Capacidades_Estrategicas/Atlantic_Council/GeoTech_Cues/page_12/ATLCOUNCIL_09-event-recap-technology-policy-and-leadership-in-2021.json
data/raw/CODEFEST/F1_IA_y_Capacidades_Estrategicas/Atlantic_Council/GeoTech_Cues/page_12/ATLCOUNCIL_10-vaccine-hesitancy-part-1.json,.json,26.7,raw,DOC-0180,json,data/raw/CODEFEST/F1_IA_y_Capacidades_Estrategicas/Atlantic_Council/GeoTech_Cues/page_12/ATLCOUNCIL_10-vaccine-hesitancy-part-1.json
data/raw/CODEFEST/F1_IA_y_Capacidades_Estrategicas/Atlantic_Council/GeoTech_Cues/page_13/ATLCOUNCIL_01-event-recap-space-salon-innovative-solutions-to-real-world-problems.json,.json,8.1,raw,DOC-0181,json,data/raw/CODEFEST/F1_IA_y_Capacidades_Estrategicas/Atlantic_Council/GeoTech_Cues/page_13/ATLCOUNCIL_01-event-recap-space-salon-innovative-solutions-to-real-world-problems.json
data/raw/CODEFEST/F1_IA_y_Capacidades_Estrategicas/Atlantic_Council/GeoTech_Cues/page_13/ATLCOUNCIL_02-event-recap-practical-steps-towards-data-for-good.json,.json,6.9,raw,DOC-0182,json,data/raw/CODEFEST/F1_IA_y_Capacidades_Estrategicas/Atlantic_Council/GeoTech_Cues/page_13/ATLCOUNCIL_02-event-recap-practical-steps-towards-data-for-good.json
data/raw/CODEFEST/F1_IA_y_Capacidades_Estrategicas/Atlantic_Council/GeoTech_Cues/page_13/ATLCOUNCIL_03-reimagining-a-just-society-is-a-different-world-possible.json,.json,24.5,raw,DOC-0183,json,data/raw/CODEFEST/F1_IA_y_Capacidades_Estrategicas/Atlantic_Council/GeoTech_Cues/page_13/ATLCOUNCIL_03-reimagining-a-just-society-is-a-different-world-possible.json
data/raw/CODEFEST/F1_IA_y_Capacidades_Estrategicas/Atlantic_Council/GeoTech_Cues/page_13/ATLCOUNCIL_04-recap-at-the-crossroads-of-emerging-technologies-and-security.json,.json,8.4,raw,DOC-0184,json,data/raw/CODEFEST/F1_IA_y_Capacidades_Estrategicas/Atlantic_Council/GeoTech_Cues/page_13/ATLCOUNCIL_04-recap-at-the-crossroads-of-emerging-technologies-and-security.json
data/raw/CODEFEST/F1_IA_y_Capacidades_Estrategicas/Atlantic_Council/GeoTech_Cues/page_13/ATLCOUNCIL_05-event-recap-food-system-sustainability-in-2021-and-beyond.json,.json,7.1,raw,DOC-0185,json,data/raw/CODEFEST/F1_IA_y_Capacidades_Estrategicas/Atlantic_Council/GeoTech_Cues/page_13/ATLCOUNCIL_05-event-recap-food-system-sustainability-in-2021-and-beyond.json
data/raw/CODEFEST/F1_IA_y_Capacidades_Estrategicas/Atlantic_Council/GeoTech_Cues/page_13/ATLCOUNCIL_06-geotech-vlog-co-commissioners-speak-on-their-outlook-for-the-future.json,.json,7.8,raw,DOC-0186,json,data/raw/CODEFEST/F1_IA_y_Capacidades_Estrategicas/Atlantic_Council/GeoTech_Cues/page_13/ATLCOUNCIL_06-geotech-vlog-co-commissioners-speak-on-their-outlook-for-the-future.json
data/raw/CODEFEST/F1_IA_y_Capacidades_Estrategicas/Atlantic_Council/GeoTech_Cues/page_13/ATLCOUNCIL_07-jeff-rowe-interview.json,.json,6.8,raw,DOC-0187,json,data/raw/CODEFEST/F1_IA_y_Capacidades_Estrategicas/Atlantic_Council/GeoTech_Cues/page_13/ATLCOUNCIL_07-jeff-rowe-interview.json
data/raw/CODEFEST/F1_IA_y_Capacidades_Estrategicas/Atlantic_Council/GeoTech_Cues/page_13/ATLCOUNCIL_08-event-recap-software-supply-chain.json,.json,6.2,raw,DOC-0188,json,data/raw/CODEFEST/F1_IA_y_Capacidades_Estrategicas/Atlantic_Council/GeoTech_Cues/page_13/ATLCOUNCIL_08-event-recap-software-supply-chain.json
data/raw/CODEFEST/F1_IA_y_Capacidades_Estrategicas/Atlantic_Council/GeoTech_Cues/page_14/ATLCOUNCIL_01-event-recap-data-security-and-the-global-food-system.json,.json,6.9,raw,DOC-0189,json,data/raw/CODEFEST/F1_IA_y_Capacidades_Estrategicas/Atlantic_Council/GeoTech_Cues/page_14/ATLCOUNCIL_01-event-recap-data-security-and-the-global-food-system.json
data/raw/CODEFEST/F1_IA_y_Capacidades_Estrategicas/Atlantic_Council/GeoTech_Cues/page_14/ATLCOUNCIL_02-event-recap-global-impacts-of-democratized-tech.json,.json,7.6,raw,DOC-0190,json,data/raw/CODEFEST/F1_IA_y_Capacidades_Estrategicas/Atlantic_Council/GeoTech_Cues/page_14/ATLCOUNCIL_02-event-recap-global-impacts-of-democratized-tech.json
data/raw/CODEFEST/F1_IA_y_Capacidades_Estrategicas/Atlantic_Council/GeoTech_Cues/page_14/ATLCOUNCIL_03-silicon-valleys-role-in-foreign-policy-and-what-others-can-learn-from-it.json,.json,30.5,raw,DOC-0191,json,data/raw/CODEFEST/F1_IA_y_Capacidades_Estrategicas/Atlantic_Council/GeoTech_Cues/page_14/ATLCOUNCIL_03-silicon-valleys-role-in-foreign-policy-and-what-others-can-learn-from-it.json
data/raw/CODEFEST/F1_IA_y_Capacidades_Estrategicas/Atlantic_Council/GeoTech_Cues/page_14/ATLCOUNCIL_04-event-recap-data-tech-and-geopolitics-in-2021-beyond.json,.json,10.3,raw,DOC-0192,json,data/raw/CODEFEST/F1_IA_y_Capacidades_Estrategicas/Atlantic_Council/GeoTech_Cues/page_14/ATLCOUNCIL_04-event-recap-data-tech-and-geopolitics-in-2021-beyond.json
data/raw/CODEFEST/F1_IA_y_Capacidades_Estrategicas/Atlantic_Council/GeoTech_Cues/page_14/ATLCOUNCIL_05-how-data-trusts-can-accelerate-innovation.json,.json,25.7,raw,DOC-0193,json,data/raw/CODEFEST/F1_IA_y_Capacidades_Estrategicas/Atlantic_Council/GeoTech_Cues/page_14/ATLCOUNCIL_05-how-data-trusts-can-accelerate-innovation.json
data/raw/CODEFEST/F1_IA_y_Capacidades_Estrategicas/Atlantic_Council/GeoTech_Cues/page_14/ATLCOUNCIL_06-event-recap-data-salon-ep-5.json,.json,9.5,raw,DOC-0194,json,data/raw/CODEFEST/F1_IA_y_Capacidades_Estrategicas/Atlantic_Council/GeoTech_Cues/page_14/ATLCOUNCIL_06-event-recap-data-salon-ep-5.json
data/raw/CODEFEST/F1_IA_y_Capacidades_Estrategicas/Atlantic_Council/GeoTech_Cues/page_14/ATLCOUNCIL_07-event-recap-entrepreneurs-and-accelerating-startup-ecosystems.json,.json,7.7,raw,DOC-0195,json,data/raw/CODEFEST/F1_IA_y_Capacidades_Estrategicas/Atlantic_Council/GeoTech_Cues/page_14/ATLCOUNCIL_07-event-recap-entrepreneurs-and-accelerating-startup-ecosystems.json
data/raw/CODEFEST/F1_IA_y_Capacidades_Estrategicas/Atlantic_Council/GeoTech_Cues/page_15/ATLCOUNCIL_01-event-climate-tech-and-security.json,.json,7.2,raw,DOC-0196,json,data/raw/CODEFEST/F1_IA_y_Capacidades_Estrategicas/Atlantic_Council/GeoTech_Cues/page_15/ATLCOUNCIL_01-event-climate-tech-and-security.json
data/raw/CODEFEST/F1_IA_y_Capacidades_Estrategicas/Atlantic_Council/GeoTech_Cues/page_15/ATLCOUNCIL_02-the-tipping-point-climate-crises-and-zoonotic-disease.json,.json,19.9,raw,DOC-0197,json,data/raw/CODEFEST/F1_IA_y_Capacidades_Estrategicas/Atlantic_Council/GeoTech_Cues/page_15/ATLCOUNCIL_02-the-tipping-point-climate-crises-and-zoonotic-disease.json
data/raw/CODEFEST/F1_IA_y_Capacidades_Estrategicas/Atlantic_Council/GeoTech_Cues/page_15/ATLCOUNCIL_03-event-recap-space-the-next-frontier-for-innovation-and-more.json,.json,20.9,raw,DOC-0198,json,data/raw/CODEFEST/F1_IA_y_Capacidades_Estrategicas/Atlantic_Council/GeoTech_Cues/page_15/ATLCOUNCIL_03-event-recap-space-the-next-frontier-for-innovation-and-more.json
data/raw/CODEFEST/F1_IA_y_Capacidades_Estrategicas/Atlantic_Council/GeoTech_Cues/page_15/ATLCOUNCIL_04-event-recap-accelerating-covid-19-tests-treatments-and-vaccine-distribution.json,.json,7.0,raw,DOC-0199,json,data/raw/CODEFEST/F1_IA_y_Capacidades_Estrategicas/Atlantic_Council/GeoTech_Cues/page_15/ATLCOUNCIL_04-event-recap-accelerating-covid-19-tests-treatments-and-vaccine-distribution.json
data/raw/CODEFEST/F1_IA_y_Capacidades_Estrategicas/Atlantic_Council/GeoTech_Cues/page_15/ATLCOUNCIL_05-event-recap-space-economics.json,.json,7.2,raw,DOC-0200,json,data/raw/CODEFEST/F1_IA_y_Capacidades_Estrategicas/Atlantic_Council/GeoTech_Cues/page_15/ATLCOUNCIL_05-event-recap-space-economics.json
data/raw/CODEFEST/F1_IA_y_Capacidades_Estrategicas/Atlantic_Council/GeoTech_Cues/page_15/ATLCOUNCIL_06-transfer-of-eu-user-data-to-the-united-states-halted.json,.json,23.8,raw,DOC-0201,json,data/raw/CODEFEST/F1_IA_y_Capacidades_Estrategicas/Atlantic_Council/GeoTech_Cues/page_15/ATLCOUNCIL_06-transfer-of-eu-user-data-to-the-united-states-halted.json
data/raw/CODEFEST/F1_IA_y_Capacidades_Estrategicas/Atlantic_Council/GeoTech_Cues/page_15/ATLCOUNCIL_07-event-recap-global-supply-chains-disrupted.json,.json,8.4,raw,DOC-0202,json,data/raw/CODEFEST/F1_IA_y_Capacidades_Estrategicas/Atlantic_Council/GeoTech_Cues/page_15/ATLCOUNCIL_07-event-recap-global-supply-chains-disrupted.json
data/raw/CODEFEST/F1_IA_y_Capacidades_Estrategicas/Atlantic_Council/GeoTech_Cues/page_15/ATLCOUNCIL_08-event-recap-data-salon-episode-4.json,.json,7.3,raw,DOC-0203,json,data/raw/CODEFEST/F1_IA_y_Capacidades_Estrategicas/Atlantic_Council/GeoTech_Cues/page_15/ATLCOUNCIL_08-event-recap-data-salon-episode-4.json
data/raw/CODEFEST/F1_IA_y_Capacidades_Estrategicas/Atlantic_Council/GeoTech_Cues/page_15/ATLCOUNCIL_09-event-recap-western-society-ii.json,.json,10.4,raw,DOC-0204,json,data/raw/CODEFEST/F1_IA_y_Capacidades_Estrategicas/Atlantic_Council/GeoTech_Cues/page_15/ATLCOUNCIL_09-event-recap-western-society-ii.json
data/raw/CODEFEST/F1_IA_y_Capacidades_Estrategicas/Atlantic_Council/GeoTech_Cues/page_16/ATLCOUNCIL_01-open-societies-must-create-a-grand-strategy.json,.json,88.0,raw,DOC-0205,json,data/raw/CODEFEST/F1_IA_y_Capacidades_Estrategicas/Atlantic_Council/GeoTech_Cues/page_16/ATLCOUNCIL_01-open-societies-must-create-a-grand-strategy.json
data/raw/CODEFEST/F1_IA_y_Capacidades_Estrategicas/Atlantic_Council/GeoTech_Cues/page_16/ATLCOUNCIL_02-why-data-governance-matters.json,.json,99.6,raw,DOC-0206,json,data/raw/CODEFEST/F1_IA_y_Capacidades_Estrategicas/Atlantic_Council/GeoTech_Cues/page_16/ATLCOUNCIL_02-why-data-governance-matters.json
data/raw/CODEFEST/F1_IA_y_Capacidades_Estrategicas/Atlantic_Council/GeoTech_Cues/page_16/ATLCOUNCIL_03-event-recap-western-society-i.json,.json,7.8,raw,DOC-0207,json,data/raw/CODEFEST/F1_IA_y_Capacidades_Estrategicas/Atlantic_Council/GeoTech_Cues/page_16/ATLCOUNCIL_03-event-recap-western-society-i.json
data/raw/CODEFEST/F1_IA_y_Capacidades_Estrategicas/Atlantic_Council/GeoTech_Cues/page_16/ATLCOUNCIL_04-goodtechchoices-address-racism-tech-and-data.json,.json,49.8,raw,DOC-0208,json,data/raw/CODEFEST/F1_IA_y_Capacidades_Estrategicas/Atlantic_Council/GeoTech_Cues/page_16/ATLCOUNCIL_04-goodtechchoices-address-racism-tech-and-data.json
data/raw/CODEFEST/F1_IA_y_Capacidades_Estrategicas/Atlantic_Council/GeoTech_Cues/page_16/ATLCOUNCIL_05-making-sense-of-sensemaking-what-it-is-and-what-it-means-for-pandemic-resear.json,.json,43.5,raw,DOC-0209,json,data/raw/CODEFEST/F1_IA_y_Capacidades_Estrategicas/Atlantic_Council/GeoTech_Cues/page_16/ATLCOUNCIL_05-making-sense-of-sensemaking-what-it-is-and-what-it-means-for-pandemic-resear.json
data/raw/CODEFEST/F1_IA_y_Capacidades_Estrategicas/Atlantic_Council/GeoTech_Cues/page_16/ATLCOUNCIL_06-how-to-pilot-data-trusts-for-good.json,.json,19.8,raw,DOC-0210,json,data/raw/CODEFEST/F1_IA_y_Capacidades_Estrategicas/Atlantic_Council/GeoTech_Cues/page_16/ATLCOUNCIL_06-how-to-pilot-data-trusts-for-good.json
data/raw/CODEFEST/F1_IA_y_Capacidades_Estrategicas/Atlantic_Council/GeoTech_Cues/page_16/ATLCOUNCIL_07-why-a-well-intended-digital-platform-agency-may-not-fit-our-global-networked.json,.json,25.4,raw,DOC-0211,json,data/raw/CODEFEST/F1_IA_y_Capacidades_Estrategicas/Atlantic_Council/GeoTech_Cues/page_16/ATLCOUNCIL_07-why-a-well-intended-digital-platform-agency-may-not-fit-our-global-networked.json
data/raw/CODEFEST/F1_IA_y_Capacidades_Estrategicas/Atlantic_Council/GeoTech_Cues/page_16/ATLCOUNCIL_08-event-recap-a-fireside-chat.json,.json,7.0,raw,DOC-0212,json,data/raw/CODEFEST/F1_IA_y_Capacidades_Estrategicas/Atlantic_Council/GeoTech_Cues/page_16/ATLCOUNCIL_08-event-recap-a-fireside-chat.json
data/raw/CODEFEST/F1_IA_y_Capacidades_Estrategicas/Atlantic_Council/GeoTech_Cues/page_16/ATLCOUNCIL_09-event-recap-data-salon-episode-3.json,.json,8.4,raw,DOC-0213,json,data/raw/CODEFEST/F1_IA_y_Capacidades_Estrategicas/Atlantic_Council/GeoTech_Cues/page_16/ATLCOUNCIL_09-event-recap-data-salon-episode-3.json
data/raw/CODEFEST/F1_IA_y_Capacidades_Estrategicas/Atlantic_Council/GeoTech_Cues/page_17/ATLCOUNCIL_01-living-within-the-truth-in-the-age-of-coronavirus-americas-security-on-the-l.json,.json,34.0,raw,DOC-0214,json,data/raw/CODEFEST/F1_IA_y_Capacidades_Estrategicas/Atlantic_Council/GeoTech_Cues/page_17/ATLCOUNCIL_01-living-within-the-truth-in-the-age-of-coronavirus-americas-security-on-the-l.json
data/raw/CODEFEST/F1_IA_y_Capacidades_Estrategicas/Atlantic_Council/GeoTech_Cues/page_17/ATLCOUNCIL_02-the-geopolitics-of-russias-vaccine-claim.json,.json,20.6,raw,DOC-0215,json,data/raw/CODEFEST/F1_IA_y_Capacidades_Estrategicas/Atlantic_Council/GeoTech_Cues/page_17/ATLCOUNCIL_02-the-geopolitics-of-russias-vaccine-claim.json
data/raw/CODEFEST/F1_IA_y_Capacidades_Estrategicas/Atlantic_Council/GeoTech_Cues/page_17/ATLCOUNCIL_03-event-recap-future-of-trust-and-sensemaking.json,.json,8.8,raw,DOC-0216,json,data/raw/CODEFEST/F1_IA_y_Capacidades_Estrategicas/Atlantic_Council/GeoTech_Cues/page_17/ATLCOUNCIL_03-event-recap-future-of-trust-and-sensemaking.json
data/raw/CODEFEST/F1_IA_y_Capacidades_Estrategicas/Atlantic_Council/GeoTech_Cues/page_17/ATLCOUNCIL_04-goodtechchoices-address-unjust-uses-of-data.json,.json,53.7,raw,DOC-0217,json,data/raw/CODEFEST/F1_IA_y_Capacidades_Estrategicas/Atlantic_Council/GeoTech_Cues/page_17/ATLCOUNCIL_04-goodtechchoices-address-unjust-uses-of-data.json
data/raw/CODEFEST/F1_IA_y_Capacidades_Estrategicas/Atlantic_Council/GeoTech_Cues/page_17/ATLCOUNCIL_05-event-recap-identifying-and-fixing-disruptions-to-the-global-food-system.json,.json,12.8,raw,DOC-0218,json,data/raw/CODEFEST/F1_IA_y_Capacidades_Estrategicas/Atlantic_Council/GeoTech_Cues/page_17/ATLCOUNCIL_05-event-recap-identifying-and-fixing-disruptions-to-the-global-food-system.json
data/raw/CODEFEST/F1_IA_y_Capacidades_Estrategicas/Atlantic_Council/GeoTech_Cues/page_17/ATLCOUNCIL_06-meet-a-fellow-nikhil-raghuveera.json,.json,8.0,raw,DOC-0219,json,data/raw/CODEFEST/F1_IA_y_Capacidades_Estrategicas/Atlantic_Council/GeoTech_Cues/page_17/ATLCOUNCIL_06-meet-a-fellow-nikhil-raghuveera.json
data/raw/CODEFEST/F1_IA_y_Capacidades_Estrategicas/Atlantic_Council/GeoTech_Cues/page_17/ATLCOUNCIL_07-welcoming-our-geotech-fellows.json,.json,14.3,raw,DOC-0220,json,data/raw/CODEFEST/F1_IA_y_Capacidades_Estrategicas/Atlantic_Council/GeoTech_Cues/page_17/ATLCOUNCIL_07-welcoming-our-geotech-fellows.json
data/raw/CODEFEST/F1_IA_y_Capacidades_Estrategicas/Atlantic_Council/GeoTech_Cues/page_17/ATLCOUNCIL_08-event-recap-online-and-in-digital-transactions.json,.json,8.7,raw,DOC-0221,json,data/raw/CODEFEST/F1_IA_y_Capacidades_Estrategicas/Atlantic_Council/GeoTech_Cues/page_17/ATLCOUNCIL_08-event-recap-online-and-in-digital-transactions.json
data/raw/CODEFEST/F1_IA_y_Capacidades_Estrategicas/Atlantic_Council/GeoTech_Cues/page_17/ATLCOUNCIL_09-event-recap-making-space-available-for-everyone.json,.json,12.5,raw,DOC-0222,json,data/raw/CODEFEST/F1_IA_y_Capacidades_Estrategicas/Atlantic_Council/GeoTech_Cues/page_17/ATLCOUNCIL_09-event-recap-making-space-available-for-everyone.json
data/raw/CODEFEST/F1_IA_y_Capacidades_Estrategicas/Atlantic_Council/GeoTech_Cues/page_18/ATLCOUNCIL_01-event-recap-actionable-steps-in-turbulent-times.json,.json,16.2,raw,DOC-0223,json,data/raw/CODEFEST/F1_IA_y_Capacidades_Estrategicas/Atlantic_Council/GeoTech_Cues/page_18/ATLCOUNCIL_01-event-recap-actionable-steps-in-turbulent-times.json
data/raw/CODEFEST/F1_IA_y_Capacidades_Estrategicas/Atlantic_Council/GeoTech_Cues/page_18/ATLCOUNCIL_02-research-and-development-still-key-to-competitiveness-but-for-whom.json,.json,26.7,raw,DOC-0224,json,data/raw/CODEFEST/F1_IA_y_Capacidades_Estrategicas/Atlantic_Council/GeoTech_Cues/page_18/ATLCOUNCIL_02-research-and-development-still-key-to-competitiveness-but-for-whom.json
data/raw/CODEFEST/F1_IA_y_Capacidades_Estrategicas/Atlantic_Council/GeoTech_Cues/page_18/ATLCOUNCIL_03-we-can-increase-public-participation-in-data-and-avoid-surveillance-states-h.json,.json,13.2,raw,DOC-0225,json,data/raw/CODEFEST/F1_IA_y_Capacidades_Estrategicas/Atlantic_Council/GeoTech_Cues/page_18/ATLCOUNCIL_03-we-can-increase-public-participation-in-data-and-avoid-surveillance-states-h.json
data/raw/CODEFEST/F1_IA_y_Capacidades_Estrategicas/Atlantic_Council/GeoTech_Cues/page_18/ATLCOUNCIL_04-event-recap-data-salon-episode-2.json,.json,16.2,raw,DOC-0226,json,data/raw/CODEFEST/F1_IA_y_Capacidades_Estrategicas/Atlantic_Council/GeoTech_Cues/page_18/ATLCOUNCIL_04-event-recap-data-salon-episode-2.json
data/raw/CODEFEST/F1_IA_y_Capacidades_Estrategicas/Atlantic_Council/GeoTech_Cues/page_18/ATLCOUNCIL_05-event-recap-new-approaches-to-trust-in-manufacturing.json,.json,20.1,raw,DOC-0227,json,data/raw/CODEFEST/F1_IA_y_Capacidades_Estrategicas/Atlantic_Council/GeoTech_Cues/page_18/ATLCOUNCIL_05-event-recap-new-approaches-to-trust-in-manufacturing.json
data/raw/CODEFEST/F1_IA_y_Capacidades_Estrategicas/Atlantic_Council/GeoTech_Cues/page_18/ATLCOUNCIL_06-central-bank-digital-currency-can-contribute-to-financial-inclusion-but-cann.json,.json,60.9,raw,DOC-0228,json,data/raw/CODEFEST/F1_IA_y_Capacidades_Estrategicas/Atlantic_Council/GeoTech_Cues/page_18/ATLCOUNCIL_06-central-bank-digital-currency-can-contribute-to-financial-inclusion-but-cann.json
data/raw/CODEFEST/F1_IA_y_Capacidades_Estrategicas/Atlantic_Council/GeoTech_Cues/page_18/ATLCOUNCIL_07-shared-humanity-amid-times-of-turbulence.json,.json,18.1,raw,DOC-0229,json,data/raw/CODEFEST/F1_IA_y_Capacidades_Estrategicas/Atlantic_Council/GeoTech_Cues/page_18/ATLCOUNCIL_07-shared-humanity-amid-times-of-turbulence.json
data/raw/CODEFEST/F1_IA_y_Capacidades_Estrategicas/Atlantic_Council/GeoTech_Cues/page_18/ATLCOUNCIL_08-supply-chains-and-the-effects-of-covid-19-geopolitics-and-technological-inno.json,.json,21.7,raw,DOC-0230,json,data/raw/CODEFEST/F1_IA_y_Capacidades_Estrategicas/Atlantic_Council/GeoTech_Cues/page_18/ATLCOUNCIL_08-supply-chains-and-the-effects-of-covid-19-geopolitics-and-technological-inno.json
data/raw/CODEFEST/F1_IA_y_Capacidades_Estrategicas/Atlantic_Council/GeoTech_Cues/page_19/ATLCOUNCIL_01-event-recap-data-salon-episode-1.json,.json,19.9,raw,DOC-0231,json,data/raw/CODEFEST/F1_IA_y_Capacidades_Estrategicas/Atlantic_Council/GeoTech_Cues/page_19/ATLCOUNCIL_01-event-recap-data-salon-episode-1.json
data/raw/CODEFEST/F1_IA_y_Capacidades_Estrategicas/Atlantic_Council/GeoTech_Cues/page_19/ATLCOUNCIL_02-going-deeper-central-bank-digital-currencies-and-how-best-to-design-them-to.json,.json,12.7,raw,DOC-0232,json,data/raw/CODEFEST/F1_IA_y_Capacidades_Estrategicas/Atlantic_Council/GeoTech_Cues/page_19/ATLCOUNCIL_02-going-deeper-central-bank-digital-currencies-and-how-best-to-design-them-to.json
data/raw/CODEFEST/F1_IA_y_Capacidades_Estrategicas/Atlantic_Council/GeoTech_Cues/page_19/ATLCOUNCIL_03-going-deeper-mobilizing-industry-to-encourage-multi-sector-solutions-to-glob.json,.json,7.8,raw,DOC-0233,json,data/raw/CODEFEST/F1_IA_y_Capacidades_Estrategicas/Atlantic_Council/GeoTech_Cues/page_19/ATLCOUNCIL_03-going-deeper-mobilizing-industry-to-encourage-multi-sector-solutions-to-glob.json
data/raw/CODEFEST/F1_IA_y_Capacidades_Estrategicas/Atlantic_Council/GeoTech_Cues/page_19/ATLCOUNCIL_04-we-can-more-rapidly-respond-to-pandemics-here-is-how.json,.json,14.6,raw,DOC-0234,json,data/raw/CODEFEST/F1_IA_y_Capacidades_Estrategicas/Atlantic_Council/GeoTech_Cues/page_19/ATLCOUNCIL_04-we-can-more-rapidly-respond-to-pandemics-here-is-how.json
data/raw/CODEFEST/F1_IA_y_Capacidades_Estrategicas/Atlantic_Council/GeoTech_Cues/page_19/ATLCOUNCIL_05-we-can-strengthen-the-global-food-system-here-is-how.json,.json,11.4,raw,DOC-0235,json,data/raw/CODEFEST/F1_IA_y_Capacidades_Estrategicas/Atlantic_Council/GeoTech_Cues/page_19/ATLCOUNCIL_05-we-can-strengthen-the-global-food-system-here-is-how.json
data/raw/CODEFEST/F1_IA_y_Capacidades_Estrategicas/Atlantic_Council/GeoTech_Cues/page_19/ATLCOUNCIL_06-societal-and-geopolitical-changes-in-a-post-covid-19-world.json,.json,20.2,raw,DOC-0236,json,data/raw/CODEFEST/F1_IA_y_Capacidades_Estrategicas/Atlantic_Council/GeoTech_Cues/page_19/ATLCOUNCIL_06-societal-and-geopolitical-changes-in-a-post-covid-19-world.json
data/raw/CODEFEST/F1_IA_y_Capacidades_Estrategicas/Atlantic_Council/GeoTech_Cues/page_19/ATLCOUNCIL_07-we-can-get-through-this-covid-19-pandemic-together-here-is-how.json,.json,16.0,raw,DOC-0237,json,data/raw/CODEFEST/F1_IA_y_Capacidades_Estrategicas/Atlantic_Council/GeoTech_Cues/page_19/ATLCOUNCIL_07-we-can-get-through-this-covid-19-pandemic-together-here-is-how.json
data/raw/CODEFEST/F1_IA_y_Capacidades_Estrategicas/Atlantic_Council/GeoTech_Cues/page_19/ATLCOUNCIL_08-public-service-remains-the-essential-undertaking-that-brings-communities-tog.json,.json,14.3,raw,DOC-0238,json,data/raw/CODEFEST/F1_IA_y_Capacidades_Estrategicas/Atlantic_Council/GeoTech_Cues/page_19/ATLCOUNCIL_08-public-service-remains-the-essential-undertaking-that-brings-communities-tog.json
data/raw/CODEFEST/F1_IA_y_Capacidades_Estrategicas/Atlantic_Council/GeoTech_Cues/page_19/ATLCOUNCIL_09-major-takeaways-on-how-we-can-achieve-both-healthy-communities-and-economic.json,.json,8.5,raw,DOC-0239,json,data/raw/CODEFEST/F1_IA_y_Capacidades_Estrategicas/Atlantic_Council/GeoTech_Cues/page_19/ATLCOUNCIL_09-major-takeaways-on-how-we-can-achieve-both-healthy-communities-and-economic.json
data/raw/CODEFEST/F1_IA_y_Capacidades_Estrategicas/Atlantic_Council/GeoTech_Cues/page_19/ATLCOUNCIL_10-video-recap-future-of-data-and-ai-in-space.json,.json,6.4,raw,DOC-0240,json,data/raw/CODEFEST/F1_IA_y_Capacidades_Estrategicas/Atlantic_Council/GeoTech_Cues/page_19/ATLCOUNCIL_10-video-recap-future-of-data-and-ai-in-space.json
data/raw/CODEFEST/F1_IA_y_Capacidades_Estrategicas/Atlantic_Council/GeoTech_Cues/page_20/ATLCOUNCIL_01-covid-19-technological-innovation-and-the-future-of-societies.json,.json,19.0,raw,DOC-0241,json,data/raw/CODEFEST/F1_IA_y_Capacidades_Estrategicas/Atlantic_Council/GeoTech_Cues/page_20/ATLCOUNCIL_01-covid-19-technological-innovation-and-the-future-of-societies.json
data/raw/CODEFEST/F1_IA_y_Capacidades_Estrategicas/Atlantic_Council/GeoTech_Cues/page_20/ATLCOUNCIL_02-design-choices-of-central-bank-digital-currencies-will-transform-digital-pay.json,.json,86.1,raw,DOC-0242,json,data/raw/CODEFEST/F1_IA_y_Capacidades_Estrategicas/Atlantic_Council/GeoTech_Cues/page_20/ATLCOUNCIL_02-design-choices-of-central-bank-digital-currencies-will-transform-digital-pay.json
data/raw/CODEFEST/F1_IA_y_Capacidades_Estrategicas/Atlantic_Council/GeoTech_Cues/page_20/ATLCOUNCIL_03-mitigating-the-impacts-of-global-food-crises-associated-with-covid-19.json,.json,45.3,raw,DOC-0243,json,data/raw/CODEFEST/F1_IA_y_Capacidades_Estrategicas/Atlantic_Council/GeoTech_Cues/page_20/ATLCOUNCIL_03-mitigating-the-impacts-of-global-food-crises-associated-with-covid-19.json
data/raw/CODEFEST/F1_IA_y_Capacidades_Estrategicas/Atlantic_Council/GeoTech_Cues/page_20/ATLCOUNCIL_04-video-recap-strategic-standards-now-so-people-can-return-to-work-soon.json,.json,6.7,raw,DOC-0244,json,data/raw/CODEFEST/F1_IA_y_Capacidades_Estrategicas/Atlantic_Council/GeoTech_Cues/page_20/ATLCOUNCIL_04-video-recap-strategic-standards-now-so-people-can-return-to-work-soon.json
data/raw/CODEFEST/F1_IA_y_Capacidades_Estrategicas/Atlantic_Council/GeoTech_Cues/page_20/ATLCOUNCIL_05-major-takeaways-on-strategic-standards-now-so-people-can-return-to-work-soon.json,.json,15.5,raw,DOC-0245,json,data/raw/CODEFEST/F1_IA_y_Capacidades_Estrategicas/Atlantic_Council/GeoTech_Cues/page_20/ATLCOUNCIL_05-major-takeaways-on-strategic-standards-now-so-people-can-return-to-work-soon.json
data/raw/CODEFEST/F1_IA_y_Capacidades_Estrategicas/Atlantic_Council/GeoTech_Cues/page_20/ATLCOUNCIL_06-covid-19-might-accelerate-or-change-previous-ai-adoption-strategies.json,.json,21.8,raw,DOC-0246,json,data/raw/CODEFEST/F1_IA_y_Capacidades_Estrategicas/Atlantic_Council/GeoTech_Cues/page_20/ATLCOUNCIL_06-covid-19-might-accelerate-or-change-previous-ai-adoption-strategies.json
data/raw/CODEFEST/F1_IA_y_Capacidades_Estrategicas/Atlantic_Council/GeoTech_Cues/page_20/ATLCOUNCIL_07-can-tech-companies-embody-global-values-and-ride-to-the-rescue.json,.json,15.4,raw,DOC-0247,json,data/raw/CODEFEST/F1_IA_y_Capacidades_Estrategicas/Atlantic_Council/GeoTech_Cues/page_20/ATLCOUNCIL_07-can-tech-companies-embody-global-values-and-ride-to-the-rescue.json
data/raw/CODEFEST/F1_IA_y_Capacidades_Estrategicas/Atlantic_Council/GeoTech_Cues/page_20/ATLCOUNCIL_08-event-recap-why-data-trusts-could-help-us-better-respond-and-rebuild-from-co.json,.json,5.9,raw,DOC-0248,json,data/raw/CODEFEST/F1_IA_y_Capacidades_Estrategicas/Atlantic_Council/GeoTech_Cues/page_20/ATLCOUNCIL_08-event-recap-why-data-trusts-could-help-us-better-respond-and-rebuild-from-co.json
data/raw/CODEFEST/F1_IA_y_Capacidades_Estrategicas/Atlantic_Council/GeoTech_Cues/page_21/ATLCOUNCIL_01-covid-19s-potential-impact-on-global-technology-and-data-innovation.json,.json,15.8,raw,DOC-0249,json,data/raw/CODEFEST/F1_IA_y_Capacidades_Estrategicas/Atlantic_Council/GeoTech_Cues/page_21/ATLCOUNCIL_01-covid-19s-potential-impact-on-global-technology-and-data-innovation.json
data/raw/CODEFEST/F1_IA_y_Capacidades_Estrategicas/Atlantic_Council/GeoTech_Cues/page_21/ATLCOUNCIL_02-5gs-geopolitics-solvable-by-improving-routing-protocols-vs-modern-threats.json,.json,28.9,raw,DOC-0250,json,data/raw/CODEFEST/F1_IA_y_Capacidades_Estrategicas/Atlantic_Council/GeoTech_Cues/page_21/ATLCOUNCIL_02-5gs-geopolitics-solvable-by-improving-routing-protocols-vs-modern-threats.json
data/raw/CODEFEST/F1_IA_y_Capacidades_Estrategicas/Atlantic_Council/GeoTech_Cues/page_21/ATLCOUNCIL_03-pandemic-may-replace-the-nation-state-but-with-what.json,.json,31.7,raw,DOC-0251,json,data/raw/CODEFEST/F1_IA_y_Capacidades_Estrategicas/Atlantic_Council/GeoTech_Cues/page_21/ATLCOUNCIL_03-pandemic-may-replace-the-nation-state-but-with-what.json
data/raw/CODEFEST/F1_IA_y_Capacidades_Estrategicas/Atlantic_Council/GeoTech_Cues/page_21/ATLCOUNCIL_04-we-can-build-an-immune-system-for-the-planet.json,.json,19.9,raw,DOC-0252,json,data/raw/CODEFEST/F1_IA_y_Capacidades_Estrategicas/Atlantic_Council/GeoTech_Cues/page_21/ATLCOUNCIL_04-we-can-build-an-immune-system-for-the-planet.json
data/raw/CODEFEST/F1_IA_y_Capacidades_Estrategicas/Atlantic_Council/GeoTech_Cues/page_21/ATLCOUNCIL_05-global-food-security-during-covid-19.json,.json,27.5,raw,DOC-0253,json,data/raw/CODEFEST/F1_IA_y_Capacidades_Estrategicas/Atlantic_Council/GeoTech_Cues/page_21/ATLCOUNCIL_05-global-food-security-during-covid-19.json
data/raw/CODEFEST/F1_IA_y_Capacidades_Estrategicas/Atlantic_Council/GeoTech_Cues/page_22/ATLCOUNCIL_01-pandemic-survival-strategies-a-leadership-guide-for-organizations-wanting-to.json,.json,22.3,raw,DOC-0254,json,data/raw/CODEFEST/F1_IA_y_Capacidades_Estrategicas/Atlantic_Council/GeoTech_Cues/page_22/ATLCOUNCIL_01-pandemic-survival-strategies-a-leadership-guide-for-organizations-wanting-to.json
data/raw/CODEFEST/F1_IA_y_Capacidades_Estrategicas/CENIA/paginas/CENIA_capacitacion-cuprum.json,.json,4.0,raw,DOC-0255,json,data/raw/CODEFEST/F1_IA_y_Capacidades_Estrategicas/CENIA/paginas/CENIA_capacitacion-cuprum.json
data/raw/CODEFEST/F1_IA_y_Capacidades_Estrategicas/CENIA/paginas/CENIA_capacitacion-y-formacion.json,.json,15.5,raw,DOC-0256,json,data/raw/CODEFEST/F1_IA_y_Capacidades_Estrategicas/CENIA/paginas/CENIA_capacitacion-y-formacion.json
data/raw/CODEFEST/F1_IA_y_Capacidades_Estrategicas/CENIA/paginas/CENIA_cenia.json,.json,5.0,raw,DOC-0257,json,data/raw/CODEFEST/F1_IA_y_Capacidades_Estrategicas/CENIA/paginas/CENIA_cenia.json
data/raw/CODEFEST/F1_IA_y_Capacidades_Estrategicas/CENIA/paginas/CENIA_dates.json,.json,1.5,raw,DOC-0258,json,data/raw/CODEFEST/F1_IA_y_Capacidades_Estrategicas/CENIA/paginas/CENIA_dates.json
data/raw/CODEFEST/F1_IA_y_Capacidades_Estrategicas/CENIA/paginas/CENIA_diplomado-ia.json,.json,2.9,raw,DOC-0259,json,data/raw/CODEFEST/F1_IA_y_Capacidades_Estrategicas/CENIA/paginas/CENIA_diplomado-ia.json
data/raw/CODEFEST/F1_IA_y_Capacidades_Estrategicas/CENIA/paginas/CENIA_fechas.json,.json,1.7,raw,DOC-0260,json,data/raw/CODEFEST/F1_IA_y_Capacidades_Estrategicas/CENIA/paginas/CENIA_fechas.json
data/raw/CODEFEST/F1_IA_y_Capacidades_Estrategicas/CENIA/paginas/CENIA_gerencia.json,.json,5.5,raw,DOC-0261,json,data/raw/CODEFEST/F1_IA_y_Capacidades_Estrategicas/CENIA/paginas/CENIA_gerencia.json
data/raw/CODEFEST/F1_IA_y_Capacidades_Estrategicas/CENIA/paginas/CENIA_ia-digital-flow-entel.json,.json,3.4,raw,DOC-0262,json,data/raw/CODEFEST/F1_IA_y_Capacidades_Estrategicas/CENIA/paginas/CENIA_ia-digital-flow-entel.json
data/raw/CODEFEST/F1_IA_y_Capacidades_Estrategicas/CENIA/paginas/CENIA_investigacion.json,.json,44.2,raw,DOC-0263,json,data/raw/CODEFEST/F1_IA_y_Capacidades_Estrategicas/CENIA/paginas/CENIA_investigacion.json
data/raw/CODEFEST/F1_IA_y_Capacidades_Estrategicas/CENIA/paginas/CENIA_lineas-de-investigacion.json,.json,1.7,raw,DOC-0264,json,data/raw/CODEFEST/F1_IA_y_Capacidades_Estrategicas/CENIA/paginas/CENIA_lineas-de-investigacion.json
data/raw/CODEFEST/F1_IA_y_Capacidades_Estrategicas/CENIA/paginas/CENIA_operaciones.json,.json,12.5,raw,DOC-0265,json,data/raw/CODEFEST/F1_IA_y_Capacidades_Estrategicas/CENIA/paginas/CENIA_operaciones.json
data/raw/CODEFEST/F1_IA_y_Capacidades_Estrategicas/CENIA/paginas/CENIA_research-lines.json,.json,1.5,raw,DOC-0266,json,data/raw/CODEFEST/F1_IA_y_Capacidades_Estrategicas/CENIA/paginas/CENIA_research-lines.json
data/raw/CODEFEST/F1_IA_y_Capacidades_Estrategicas/CENIA/paginas/CENIA_research.json,.json,40.7,raw,DOC-0267,json,data/raw/CODEFEST/F1_IA_y_Capacidades_Estrategicas/CENIA/paginas/CENIA_research.json
data/raw/CODEFEST/F1_IA_y_Capacidades_Estrategicas/CENIA/paginas/CENIA_transferencia.json,.json,21.5,raw,DOC-0268,json,data/raw/CODEFEST/F1_IA_y_Capacidades_Estrategicas/CENIA/paginas/CENIA_transferencia.json
data/raw/CODEFEST/F1_IA_y_Capacidades_Estrategicas/CENIA/paginas/CENIA_transparencia.json,.json,8.6,raw,DOC-0269,json,data/raw/CODEFEST/F1_IA_y_Capacidades_Estrategicas/CENIA/paginas/CENIA_transparencia.json
data/raw/CODEFEST/F1_IA_y_Capacidades_Estrategicas/CENIA/pdfs/CENIA_balance-2022-firmado-1.pdf,.pdf,288.3,raw,DOC-0270,pdf,data/raw/CODEFEST/F1_IA_y_Capacidades_Estrategicas/CENIA/pdfs/CENIA_balance-2022-firmado-1.pdf
data/raw/CODEFEST/F1_IA_y_Capacidades_Estrategicas/CENIA/pdfs/CENIA_balance-2024-cenia-firmado.pdf,.pdf,62.3,raw,DOC-0271,pdf,data/raw/CODEFEST/F1_IA_y_Capacidades_Estrategicas/CENIA/pdfs/CENIA_balance-2024-cenia-firmado.pdf
data/raw/CODEFEST/F1_IA_y_Capacidades_Estrategicas/CENIA/pdfs/CENIA_balance-cenia-2023-firmado-1.pdf,.pdf,83.5,raw,DOC-0272,pdf,data/raw/CODEFEST/F1_IA_y_Capacidades_Estrategicas/CENIA/pdfs/CENIA_balance-cenia-2023-firmado-1.pdf
data/raw/CODEFEST/F1_IA_y_Capacidades_Estrategicas/CENIA/pdfs/CENIA_convenio-eqy250001-cenia-eqy250001-30264-compressed.pdf,.pdf,402.5,raw,DOC-0273,pdf,data/raw/CODEFEST/F1_IA_y_Capacidades_Estrategicas/CENIA/pdfs/CENIA_convenio-eqy250001-cenia-eqy250001-30264-compressed.pdf
data/raw/CODEFEST/F1_IA_y_Capacidades_Estrategicas/CENIA/pdfs/CENIA_dpj-500674644740-325343.pdf,.pdf,38.3,raw,DOC-0274,pdf,data/raw/CODEFEST/F1_IA_y_Capacidades_Estrategicas/CENIA/pdfs/CENIA_dpj-500674644740-325343.pdf
data/raw/CODEFEST/F1_IA_y_Capacidades_Estrategicas/CENIA/pdfs/CENIA_estados-resultados-cenia-historico-1-1.pdf,.pdf,173.9,raw,DOC-0275,pdf,data/raw/CODEFEST/F1_IA_y_Capacidades_Estrategicas/CENIA/pdfs/CENIA_estados-resultados-cenia-historico-1-1.pdf
data/raw/CODEFEST/F1_IA_y_Capacidades_Estrategicas/CENIA/pdfs/CENIA_memoria-anual-2024.pdf,.pdf,2575.4,raw,DOC-0276,pdf,data/raw/CODEFEST/F1_IA_y_Capacidades_Estrategicas/CENIA/pdfs/CENIA_memoria-anual-2024.pdf
data/raw/CODEFEST/F1_IA_y_Capacidades_Estrategicas/CENIA/pdfs/CENIA_memoria-anual-cenia-2023.pdf,.pdf,3506.9,raw,DOC-0277,pdf,data/raw/CODEFEST/F1_IA_y_Capacidades_Estrategicas/CENIA/pdfs/CENIA_memoria-anual-cenia-2023.pdf
data/raw/CODEFEST/F1_IA_y_Capacidades_Estrategicas/CENIA/pdfs/CENIA_memoria-cenia-2022.pdf,.pdf,1209.4,raw,DOC-0278,pdf,data/raw/CODEFEST/F1_IA_y_Capacidades_Estrategicas/CENIA/pdfs/CENIA_memoria-cenia-2022.pdf
data/raw/CODEFEST/F1_IA_y_Capacidades_Estrategicas/CENIA/pdfs/CENIA_paper-112.pdf,.pdf,965.8,raw,DOC-0279,pdf,data/raw/CODEFEST/F1_IA_y_Capacidades_Estrategicas/CENIA/pdfs/CENIA_paper-112.pdf
data/raw/CODEFEST/F1_IA_y_Capacidades_Estrategicas/CENIA/pdfs/CENIA_resolucion-de-subsidio-innova-exenta-electronica-24cvi-26468.pdf,.pdf,240.9,raw,DOC-0280,pdf,data/raw/CODEFEST/F1_IA_y_Capacidades_Estrategicas/CENIA/pdfs/CENIA_resolucion-de-subsidio-innova-exenta-electronica-24cvi-26468.pdf
data/raw/CODEFEST/F1_IA_y_Capacidades_Estrategicas/CENIA/pdfs/CENIA_resumen-anid.pdf,.pdf,163.2,raw,DOC-0281,pdf,data/raw/CODEFEST/F1_IA_y_Capacidades_Estrategicas/CENIA/pdfs/CENIA_resumen-anid.pdf
data/raw/CODEFEST/F1_IA_y_Capacidades_Estrategicas/CSET_Georgetown/pdfs/Annual_Report/CSET_center-for-security-and-emerging-technology-2.pdf,.pdf,14050.2,raw,DOC-0282,pdf,data/raw/CODEFEST/F1_IA_y_Capacidades_Estrategicas/CSET_Georgetown/pdfs/Annual_Report/CSET_center-for-security-and-emerging-technology-2.pdf
data/raw/CODEFEST/F1_IA_y_Capacidades_Estrategicas/CSET_Georgetown/pdfs/Annual_Report/CSET_center-for-security-and-emerging-technology-3.pdf,.pdf,12946.1,raw,DOC-0283,pdf,data/raw/CODEFEST/F1_IA_y_Capacidades_Estrategicas/CSET_Georgetown/pdfs/Annual_Report/CSET_center-for-security-and-emerging-technology-3.pdf
data/raw/CODEFEST/F1_IA_y_Capacidades_Estrategicas/CSET_Georgetown/pdfs/Annual_Report/CSET_center-for-security-and-emerging-technology-4.pdf,.pdf,220.8,raw,DOC-0284,pdf,data/raw/CODEFEST/F1_IA_y_Capacidades_Estrategicas/CSET_Georgetown/pdfs/Annual_Report/CSET_center-for-security-and-emerging-technology-4.pdf
data/raw/CODEFEST/F1_IA_y_Capacidades_Estrategicas/CSET_Georgetown/pdfs/Annual_Report/CSET_center-for-security-and-emerging-technology.pdf,.pdf,31930.8,raw,DOC-0285,pdf,data/raw/CODEFEST/F1_IA_y_Capacidades_Estrategicas/CSET_Georgetown/pdfs/Annual_Report/CSET_center-for-security-and-emerging-technology.pdf
data/raw/CODEFEST/F1_IA_y_Capacidades_Estrategicas/CSET_Georgetown/pdfs/Data_Brief/CSET_center-for-security-and-emerging-technology.pdf,.pdf,1016.1,raw,DOC-0286,pdf,data/raw/CODEFEST/F1_IA_y_Capacidades_Estrategicas/CSET_Georgetown/pdfs/Data_Brief/CSET_center-for-security-and-emerging-technology.pdf
data/raw/CODEFEST/F1_IA_y_Capacidades_Estrategicas/CSET_Georgetown/pdfs/Data_Snapshot/CSET_center-for-security-and-emerging-technology-2.pdf,.pdf,491.1,raw,DOC-0287,pdf,data/raw/CODEFEST/F1_IA_y_Capacidades_Estrategicas/CSET_Georgetown/pdfs/Data_Snapshot/CSET_center-for-security-and-emerging-technology-2.pdf
data/raw/CODEFEST/F1_IA_y_Capacidades_Estrategicas/CSET_Georgetown/pdfs/Data_Snapshot/CSET_center-for-security-and-emerging-technology-3.pdf,.pdf,884.4,raw,DOC-0288,pdf,data/raw/CODEFEST/F1_IA_y_Capacidades_Estrategicas/CSET_Georgetown/pdfs/Data_Snapshot/CSET_center-for-security-and-emerging-technology-3.pdf
data/raw/CODEFEST/F1_IA_y_Capacidades_Estrategicas/CSET_Georgetown/pdfs/Data_Snapshot/CSET_center-for-security-and-emerging-technology-4.pdf,.pdf,2950.0,raw,DOC-0289,pdf,data/raw/CODEFEST/F1_IA_y_Capacidades_Estrategicas/CSET_Georgetown/pdfs/Data_Snapshot/CSET_center-for-security-and-emerging-technology-4.pdf
data/raw/CODEFEST/F1_IA_y_Capacidades_Estrategicas/CSET_Georgetown/pdfs/Data_Snapshot/CSET_center-for-security-and-emerging-technology-5.pdf,.pdf,794.9,raw,DOC-0290,pdf,data/raw/CODEFEST/F1_IA_y_Capacidades_Estrategicas/CSET_Georgetown/pdfs/Data_Snapshot/CSET_center-for-security-and-emerging-technology-5.pdf
data/raw/CODEFEST/F1_IA_y_Capacidades_Estrategicas/CSET_Georgetown/pdfs/Data_Snapshot/CSET_center-for-security-and-emerging-technology.pdf,.pdf,216.2,raw,DOC-0291,pdf,data/raw/CODEFEST/F1_IA_y_Capacidades_Estrategicas/CSET_Georgetown/pdfs/Data_Snapshot/CSET_center-for-security-and-emerging-technology.pdf
data/raw/CODEFEST/F1_IA_y_Capacidades_Estrategicas/CSET_Georgetown/pdfs/Formal_Response/CSET_center-for-security-and-emerging-technology-2.pdf,.pdf,2620.7,raw,DOC-0292,pdf,data/raw/CODEFEST/F1_IA_y_Capacidades_Estrategicas/CSET_Georgetown/pdfs/Formal_Response/CSET_center-for-security-and-emerging-technology-2.pdf
data/raw/CODEFEST/F1_IA_y_Capacidades_Estrategicas/CSET_Georgetown/pdfs/Formal_Response/CSET_center-for-security-and-emerging-technology-3.pdf,.pdf,4646.3,raw,DOC-0293,pdf,data/raw/CODEFEST/F1_IA_y_Capacidades_Estrategicas/CSET_Georgetown/pdfs/Formal_Response/CSET_center-for-security-and-emerging-technology-3.pdf
data/raw/CODEFEST/F1_IA_y_Capacidades_Estrategicas/CSET_Georgetown/pdfs/Formal_Response/CSET_center-for-security-and-emerging-technology-4.pdf,.pdf,3836.1,raw,DOC-0294,pdf,data/raw/CODEFEST/F1_IA_y_Capacidades_Estrategicas/CSET_Georgetown/pdfs/Formal_Response/CSET_center-for-security-and-emerging-technology-4.pdf
data/raw/CODEFEST/F1_IA_y_Capacidades_Estrategicas/CSET_Georgetown/pdfs/Formal_Response/CSET_center-for-security-and-emerging-technology-5.pdf,.pdf,757.1,raw,DOC-0295,pdf,data/raw/CODEFEST/F1_IA_y_Capacidades_Estrategicas/CSET_Georgetown/pdfs/Formal_Response/CSET_center-for-security-and-emerging-technology-5.pdf
data/raw/CODEFEST/F1_IA_y_Capacidades_Estrategicas/CSET_Georgetown/pdfs/Formal_Response/CSET_center-for-security-and-emerging-technology-6.pdf,.pdf,629.8,raw,DOC-0296,pdf,data/raw/CODEFEST/F1_IA_y_Capacidades_Estrategicas/CSET_Georgetown/pdfs/Formal_Response/CSET_center-for-security-and-emerging-technology-6.pdf
data/raw/CODEFEST/F1_IA_y_Capacidades_Estrategicas/CSET_Georgetown/pdfs/Formal_Response/CSET_center-for-security-and-emerging-technology.pdf,.pdf,315.7,raw,DOC-0297,pdf,data/raw/CODEFEST/F1_IA_y_Capacidades_Estrategicas/CSET_Georgetown/pdfs/Formal_Response/CSET_center-for-security-and-emerging-technology.pdf
data/raw/CODEFEST/F1_IA_y_Capacidades_Estrategicas/CSET_Georgetown/pdfs/Reports/CSET_center-for-security-and-emerging-technology-10.pdf,.pdf,1563.0,raw,DOC-0298,pdf,data/raw/CODEFEST/F1_IA_y_Capacidades_Estrategicas/CSET_Georgetown/pdfs/Reports/CSET_center-for-security-and-emerging-technology-10.pdf
data/raw/CODEFEST/F1_IA_y_Capacidades_Estrategicas/CSET_Georgetown/pdfs/Reports/CSET_center-for-security-and-emerging-technology-11.pdf,.pdf,2477.4,raw,DOC-0299,pdf,data/raw/CODEFEST/F1_IA_y_Capacidades_Estrategicas/CSET_Georgetown/pdfs/Reports/CSET_center-for-security-and-emerging-technology-11.pdf
data/raw/CODEFEST/F1_IA_y_Capacidades_Estrategicas/CSET_Georgetown/pdfs/Reports/CSET_center-for-security-and-emerging-technology-12.pdf,.pdf,2634.5,raw,DOC-0300,pdf,data/raw/CODEFEST/F1_IA_y_Capacidades_Estrategicas/CSET_Georgetown/pdfs/Reports/CSET_center-for-security-and-emerging-technology-12.pdf
data/raw/CODEFEST/F1_IA_y_Capacidades_Estrategicas/CSET_Georgetown/pdfs/Reports/CSET_center-for-security-and-emerging-technology-13.pdf,.pdf,339.3,raw,DOC-0301,pdf,data/raw/CODEFEST/F1_IA_y_Capacidades_Estrategicas/CSET_Georgetown/pdfs/Reports/CSET_center-for-security-and-emerging-technology-13.pdf
data/raw/CODEFEST/F1_IA_y_Capacidades_Estrategicas/CSET_Georgetown/pdfs/Reports/CSET_center-for-security-and-emerging-technology-14.pdf,.pdf,2284.1,raw,DOC-0302,pdf,data/raw/CODEFEST/F1_IA_y_Capacidades_Estrategicas/CSET_Georgetown/pdfs/Reports/CSET_center-for-security-and-emerging-technology-14.pdf
data/raw/CODEFEST/F1_IA_y_Capacidades_Estrategicas/CSET_Georgetown/pdfs/Reports/CSET_center-for-security-and-emerging-technology-15.pdf,.pdf,2986.6,raw,DOC-0303,pdf,data/raw/CODEFEST/F1_IA_y_Capacidades_Estrategicas/CSET_Georgetown/pdfs/Reports/CSET_center-for-security-and-emerging-technology-15.pdf
data/raw/CODEFEST/F1_IA_y_Capacidades_Estrategicas/CSET_Georgetown/pdfs/Reports/CSET_center-for-security-and-emerging-technology-16.pdf,.pdf,125.5,raw,DOC-0304,pdf,data/raw/CODEFEST/F1_IA_y_Capacidades_Estrategicas/CSET_Georgetown/pdfs/Reports/CSET_center-for-security-and-emerging-technology-16.pdf
data/raw/CODEFEST/F1_IA_y_Capacidades_Estrategicas/CSET_Georgetown/pdfs/Reports/CSET_center-for-security-and-emerging-technology-17.pdf,.pdf,3273.4,raw,DOC-0305,pdf,data/raw/CODEFEST/F1_IA_y_Capacidades_Estrategicas/CSET_Georgetown/pdfs/Reports/CSET_center-for-security-and-emerging-technology-17.pdf
data/raw/CODEFEST/F1_IA_y_Capacidades_Estrategicas/CSET_Georgetown/pdfs/Reports/CSET_center-for-security-and-emerging-technology-18.pdf,.pdf,2401.9,raw,DOC-0306,pdf,data/raw/CODEFEST/F1_IA_y_Capacidades_Estrategicas/CSET_Georgetown/pdfs/Reports/CSET_center-for-security-and-emerging-technology-18.pdf
data/raw/CODEFEST/F1_IA_y_Capacidades_Estrategicas/CSET_Georgetown/pdfs/Reports/CSET_center-for-security-and-emerging-technology-19.pdf,.pdf,2998.7,raw,DOC-0307,pdf,data/raw/CODEFEST/F1_IA_y_Capacidades_Estrategicas/CSET_Georgetown/pdfs/Reports/CSET_center-for-security-and-emerging-technology-19.pdf
data/raw/CODEFEST/F1_IA_y_Capacidades_Estrategicas/CSET_Georgetown/pdfs/Reports/CSET_center-for-security-and-emerging-technology-2.pdf,.pdf,369.2,raw,DOC-0308,pdf,data/raw/CODEFEST/F1_IA_y_Capacidades_Estrategicas/CSET_Georgetown/pdfs/Reports/CSET_center-for-security-and-emerging-technology-2.pdf
data/raw/CODEFEST/F1_IA_y_Capacidades_Estrategicas/CSET_Georgetown/pdfs/Reports/CSET_center-for-security-and-emerging-technology-20.pdf,.pdf,15239.3,raw,DOC-0309,pdf,data/raw/CODEFEST/F1_IA_y_Capacidades_Estrategicas/CSET_Georgetown/pdfs/Reports/CSET_center-for-security-and-emerging-technology-20.pdf
data/raw/CODEFEST/F1_IA_y_Capacidades_Estrategicas/CSET_Georgetown/pdfs/Reports/CSET_center-for-security-and-emerging-technology-21.pdf,.pdf,135.1,raw,DOC-0310,pdf,data/raw/CODEFEST/F1_IA_y_Capacidades_Estrategicas/CSET_Georgetown/pdfs/Reports/CSET_center-for-security-and-emerging-technology-21.pdf
data/raw/CODEFEST/F1_IA_y_Capacidades_Estrategicas/CSET_Georgetown/pdfs/Reports/CSET_center-for-security-and-emerging-technology-22.pdf,.pdf,3604.4,raw,DOC-0311,pdf,data/raw/CODEFEST/F1_IA_y_Capacidades_Estrategicas/CSET_Georgetown/pdfs/Reports/CSET_center-for-security-and-emerging-technology-22.pdf
data/raw/CODEFEST/F1_IA_y_Capacidades_Estrategicas/CSET_Georgetown/pdfs/Reports/CSET_center-for-security-and-emerging-technology-23.pdf,.pdf,136.1,raw,DOC-0312,pdf,data/raw/CODEFEST/F1_IA_y_Capacidades_Estrategicas/CSET_Georgetown/pdfs/Reports/CSET_center-for-security-and-emerging-technology-23.pdf
data/raw/CODEFEST/F1_IA_y_Capacidades_Estrategicas/CSET_Georgetown/pdfs/Reports/CSET_center-for-security-and-emerging-technology-24.pdf,.pdf,2728.0,raw,DOC-0313,pdf,data/raw/CODEFEST/F1_IA_y_Capacidades_Estrategicas/CSET_Georgetown/pdfs/Reports/CSET_center-for-security-and-emerging-technology-24.pdf
data/raw/CODEFEST/F1_IA_y_Capacidades_Estrategicas/CSET_Georgetown/pdfs/Reports/CSET_center-for-security-and-emerging-technology-25.pdf,.pdf,108.7,raw,DOC-0314,pdf,data/raw/CODEFEST/F1_IA_y_Capacidades_Estrategicas/CSET_Georgetown/pdfs/Reports/CSET_center-for-security-and-emerging-technology-25.pdf
data/raw/CODEFEST/F1_IA_y_Capacidades_Estrategicas/CSET_Georgetown/pdfs/Reports/CSET_center-for-security-and-emerging-technology-26.pdf,.pdf,685.0,raw,DOC-0315,pdf,data/raw/CODEFEST/F1_IA_y_Capacidades_Estrategicas/CSET_Georgetown/pdfs/Reports/CSET_center-for-security-and-emerging-technology-26.pdf
data/raw/CODEFEST/F1_IA_y_Capacidades_Estrategicas/CSET_Georgetown/pdfs/Reports/CSET_center-for-security-and-emerging-technology-27.pdf,.pdf,2684.0,raw,DOC-0316,pdf,data/raw/CODEFEST/F1_IA_y_Capacidades_Estrategicas/CSET_Georgetown/pdfs/Reports/CSET_center-for-security-and-emerging-technology-27.pdf
data/raw/CODEFEST/F1_IA_y_Capacidades_Estrategicas/CSET_Georgetown/pdfs/Reports/CSET_center-for-security-and-emerging-technology-28.pdf,.pdf,909.4,raw,DOC-0317,pdf,data/raw/CODEFEST/F1_IA_y_Capacidades_Estrategicas/CSET_Georgetown/pdfs/Reports/CSET_center-for-security-and-emerging-technology-28.pdf
data/raw/CODEFEST/F1_IA_y_Capacidades_Estrategicas/CSET_Georgetown/pdfs/Reports/CSET_center-for-security-and-emerging-technology-29.pdf,.pdf,2377.7,raw,DOC-0318,pdf,data/raw/CODEFEST/F1_IA_y_Capacidades_Estrategicas/CSET_Georgetown/pdfs/Reports/CSET_center-for-security-and-emerging-technology-29.pdf
data/raw/CODEFEST/F1_IA_y_Capacidades_Estrategicas/CSET_Georgetown/pdfs/Reports/CSET_center-for-security-and-emerging-technology-3.pdf,.pdf,1175.7,raw,DOC-0319,pdf,data/raw/CODEFEST/F1_IA_y_Capacidades_Estrategicas/CSET_Georgetown/pdfs/Reports/CSET_center-for-security-and-emerging-technology-3.pdf
data/raw/CODEFEST/F1_IA_y_Capacidades_Estrategicas/CSET_Georgetown/pdfs/Reports/CSET_center-for-security-and-emerging-technology-30.pdf,.pdf,174.4,raw,DOC-0320,pdf,data/raw/CODEFEST/F1_IA_y_Capacidades_Estrategicas/CSET_Georgetown/pdfs/Reports/CSET_center-for-security-and-emerging-technology-30.pdf
data/raw/CODEFEST/F1_IA_y_Capacidades_Estrategicas/CSET_Georgetown/pdfs/Reports/CSET_center-for-security-and-emerging-technology-31.pdf,.pdf,2233.9,raw,DOC-0321,pdf,data/raw/CODEFEST/F1_IA_y_Capacidades_Estrategicas/CSET_Georgetown/pdfs/Reports/CSET_center-for-security-and-emerging-technology-31.pdf
data/raw/CODEFEST/F1_IA_y_Capacidades_Estrategicas/CSET_Georgetown/pdfs/Reports/CSET_center-for-security-and-emerging-technology-32.pdf,.pdf,180.9,raw,DOC-0322,pdf,data/raw/CODEFEST/F1_IA_y_Capacidades_Estrategicas/CSET_Georgetown/pdfs/Reports/CSET_center-for-security-and-emerging-technology-32.pdf
data/raw/CODEFEST/F1_IA_y_Capacidades_Estrategicas/CSET_Georgetown/pdfs/Reports/CSET_center-for-security-and-emerging-technology-33.pdf,.pdf,2590.0,raw,DOC-0323,pdf,data/raw/CODEFEST/F1_IA_y_Capacidades_Estrategicas/CSET_Georgetown/pdfs/Reports/CSET_center-for-security-and-emerging-technology-33.pdf
data/raw/CODEFEST/F1_IA_y_Capacidades_Estrategicas/CSET_Georgetown/pdfs/Reports/CSET_center-for-security-and-emerging-technology-34.pdf,.pdf,611.0,raw,DOC-0324,pdf,data/raw/CODEFEST/F1_IA_y_Capacidades_Estrategicas/CSET_Georgetown/pdfs/Reports/CSET_center-for-security-and-emerging-technology-34.pdf
data/raw/CODEFEST/F1_IA_y_Capacidades_Estrategicas/CSET_Georgetown/pdfs/Reports/CSET_center-for-security-and-emerging-technology-35.pdf,.pdf,312.8,raw,DOC-0325,pdf,data/raw/CODEFEST/F1_IA_y_Capacidades_Estrategicas/CSET_Georgetown/pdfs/Reports/CSET_center-for-security-and-emerging-technology-35.pdf
data/raw/CODEFEST/F1_IA_y_Capacidades_Estrategicas/CSET_Georgetown/pdfs/Reports/CSET_center-for-security-and-emerging-technology-36.pdf,.pdf,2401.3,raw,DOC-0326,pdf,data/raw/CODEFEST/F1_IA_y_Capacidades_Estrategicas/CSET_Georgetown/pdfs/Reports/CSET_center-for-security-and-emerging-technology-36.pdf
data/raw/CODEFEST/F1_IA_y_Capacidades_Estrategicas/CSET_Georgetown/pdfs/Reports/CSET_center-for-security-and-emerging-technology-37.pdf,.pdf,123.8,raw,DOC-0327,pdf,data/raw/CODEFEST/F1_IA_y_Capacidades_Estrategicas/CSET_Georgetown/pdfs/Reports/CSET_center-for-security-and-emerging-technology-37.pdf
data/raw/CODEFEST/F1_IA_y_Capacidades_Estrategicas/CSET_Georgetown/pdfs/Reports/CSET_center-for-security-and-emerging-technology-38.pdf,.pdf,1997.9,raw,DOC-0328,pdf,data/raw/CODEFEST/F1_IA_y_Capacidades_Estrategicas/CSET_Georgetown/pdfs/Reports/CSET_center-for-security-and-emerging-technology-38.pdf
data/raw/CODEFEST/F1_IA_y_Capacidades_Estrategicas/CSET_Georgetown/pdfs/Reports/CSET_center-for-security-and-emerging-technology-39.pdf,.pdf,124.2,raw,DOC-0329,pdf,data/raw/CODEFEST/F1_IA_y_Capacidades_Estrategicas/CSET_Georgetown/pdfs/Reports/CSET_center-for-security-and-emerging-technology-39.pdf
data/raw/CODEFEST/F1_IA_y_Capacidades_Estrategicas/CSET_Georgetown/pdfs/Reports/CSET_center-for-security-and-emerging-technology-4.pdf,.pdf,100026.6,raw,DOC-0330,pdf,data/raw/CODEFEST/F1_IA_y_Capacidades_Estrategicas/CSET_Georgetown/pdfs/Reports/CSET_center-for-security-and-emerging-technology-4.pdf
data/raw/CODEFEST/F1_IA_y_Capacidades_Estrategicas/CSET_Georgetown/pdfs/Reports/CSET_center-for-security-and-emerging-technology-40.pdf,.pdf,3350.2,raw,DOC-0331,pdf,data/raw/CODEFEST/F1_IA_y_Capacidades_Estrategicas/CSET_Georgetown/pdfs/Reports/CSET_center-for-security-and-emerging-technology-40.pdf
data/raw/CODEFEST/F1_IA_y_Capacidades_Estrategicas/CSET_Georgetown/pdfs/Reports/CSET_center-for-security-and-emerging-technology-41.pdf,.pdf,147.7,raw,DOC-0332,pdf,data/raw/CODEFEST/F1_IA_y_Capacidades_Estrategicas/CSET_Georgetown/pdfs/Reports/CSET_center-for-security-and-emerging-technology-41.pdf
data/raw/CODEFEST/F1_IA_y_Capacidades_Estrategicas/CSET_Georgetown/pdfs/Reports/CSET_center-for-security-and-emerging-technology-42.pdf,.pdf,955.8,raw,DOC-0333,pdf,data/raw/CODEFEST/F1_IA_y_Capacidades_Estrategicas/CSET_Georgetown/pdfs/Reports/CSET_center-for-security-and-emerging-technology-42.pdf
data/raw/CODEFEST/F1_IA_y_Capacidades_Estrategicas/CSET_Georgetown/pdfs/Reports/CSET_center-for-security-and-emerging-technology-43.pdf,.pdf,954.0,raw,DOC-0334,pdf,data/raw/CODEFEST/F1_IA_y_Capacidades_Estrategicas/CSET_Georgetown/pdfs/Reports/CSET_center-for-security-and-emerging-technology-43.pdf
data/raw/CODEFEST/F1_IA_y_Capacidades_Estrategicas/CSET_Georgetown/pdfs/Reports/CSET_center-for-security-and-emerging-technology-44.pdf,.pdf,3615.4,raw,DOC-0335,pdf,data/raw/CODEFEST/F1_IA_y_Capacidades_Estrategicas/CSET_Georgetown/pdfs/Reports/CSET_center-for-security-and-emerging-technology-44.pdf
data/raw/CODEFEST/F1_IA_y_Capacidades_Estrategicas/CSET_Georgetown/pdfs/Reports/CSET_center-for-security-and-emerging-technology-45.pdf,.pdf,1434.1,raw,DOC-0336,pdf,data/raw/CODEFEST/F1_IA_y_Capacidades_Estrategicas/CSET_Georgetown/pdfs/Reports/CSET_center-for-security-and-emerging-technology-45.pdf
data/raw/CODEFEST/F1_IA_y_Capacidades_Estrategicas/CSET_Georgetown/pdfs/Reports/CSET_center-for-security-and-emerging-technology-46.pdf,.pdf,129.9,raw,DOC-0337,pdf,data/raw/CODEFEST/F1_IA_y_Capacidades_Estrategicas/CSET_Georgetown/pdfs/Reports/CSET_center-for-security-and-emerging-technology-46.pdf
data/raw/CODEFEST/F1_IA_y_Capacidades_Estrategicas/CSET_Georgetown/pdfs/Reports/CSET_center-for-security-and-emerging-technology-47.pdf,.pdf,1479.5,raw,DOC-0338,pdf,data/raw/CODEFEST/F1_IA_y_Capacidades_Estrategicas/CSET_Georgetown/pdfs/Reports/CSET_center-for-security-and-emerging-technology-47.pdf
data/raw/CODEFEST/F1_IA_y_Capacidades_Estrategicas/CSET_Georgetown/pdfs/Reports/CSET_center-for-security-and-emerging-technology-48.pdf,.pdf,125.1,raw,DOC-0339,pdf,data/raw/CODEFEST/F1_IA_y_Capacidades_Estrategicas/CSET_Georgetown/pdfs/Reports/CSET_center-for-security-and-emerging-technology-48.pdf
data/raw/CODEFEST/F1_IA_y_Capacidades_Estrategicas/CSET_Georgetown/pdfs/Reports/CSET_center-for-security-and-emerging-technology-49.pdf,.pdf,840.0,raw,DOC-0340,pdf,data/raw/CODEFEST/F1_IA_y_Capacidades_Estrategicas/CSET_Georgetown/pdfs/Reports/CSET_center-for-security-and-emerging-technology-49.pdf
data/raw/CODEFEST/F1_IA_y_Capacidades_Estrategicas/CSET_Georgetown/pdfs/Reports/CSET_center-for-security-and-emerging-technology-5.pdf,.pdf,2837.6,raw,DOC-0341,pdf,data/raw/CODEFEST/F1_IA_y_Capacidades_Estrategicas/CSET_Georgetown/pdfs/Reports/CSET_center-for-security-and-emerging-technology-5.pdf
data/raw/CODEFEST/F1_IA_y_Capacidades_Estrategicas/CSET_Georgetown/pdfs/Reports/CSET_center-for-security-and-emerging-technology-50.pdf,.pdf,676.7,raw,DOC-0342,pdf,data/raw/CODEFEST/F1_IA_y_Capacidades_Estrategicas/CSET_Georgetown/pdfs/Reports/CSET_center-for-security-and-emerging-technology-50.pdf
data/raw/CODEFEST/F1_IA_y_Capacidades_Estrategicas/CSET_Georgetown/pdfs/Reports/CSET_center-for-security-and-emerging-technology-51.pdf,.pdf,1159.0,raw,DOC-0343,pdf,data/raw/CODEFEST/F1_IA_y_Capacidades_Estrategicas/CSET_Georgetown/pdfs/Reports/CSET_center-for-security-and-emerging-technology-51.pdf
data/raw/CODEFEST/F1_IA_y_Capacidades_Estrategicas/CSET_Georgetown/pdfs/Reports/CSET_center-for-security-and-emerging-technology-52.pdf,.pdf,151.4,raw,DOC-0344,pdf,data/raw/CODEFEST/F1_IA_y_Capacidades_Estrategicas/CSET_Georgetown/pdfs/Reports/CSET_center-for-security-and-emerging-technology-52.pdf
data/raw/CODEFEST/F1_IA_y_Capacidades_Estrategicas/CSET_Georgetown/pdfs/Reports/CSET_center-for-security-and-emerging-technology-53.pdf,.pdf,1852.6,raw,DOC-0345,pdf,data/raw/CODEFEST/F1_IA_y_Capacidades_Estrategicas/CSET_Georgetown/pdfs/Reports/CSET_center-for-security-and-emerging-technology-53.pdf
data/raw/CODEFEST/F1_IA_y_Capacidades_Estrategicas/CSET_Georgetown/pdfs/Reports/CSET_center-for-security-and-emerging-technology-54.pdf,.pdf,107.4,raw,DOC-0346,pdf,data/raw/CODEFEST/F1_IA_y_Capacidades_Estrategicas/CSET_Georgetown/pdfs/Reports/CSET_center-for-security-and-emerging-technology-54.pdf
data/raw/CODEFEST/F1_IA_y_Capacidades_Estrategicas/CSET_Georgetown/pdfs/Reports/CSET_center-for-security-and-emerging-technology-55.pdf,.pdf,1018.2,raw,DOC-0347,pdf,data/raw/CODEFEST/F1_IA_y_Capacidades_Estrategicas/CSET_Georgetown/pdfs/Reports/CSET_center-for-security-and-emerging-technology-55.pdf
data/raw/CODEFEST/F1_IA_y_Capacidades_Estrategicas/CSET_Georgetown/pdfs/Reports/CSET_center-for-security-and-emerging-technology-56.pdf,.pdf,518.1,raw,DOC-0348,pdf,data/raw/CODEFEST/F1_IA_y_Capacidades_Estrategicas/CSET_Georgetown/pdfs/Reports/CSET_center-for-security-and-emerging-technology-56.pdf
data/raw/CODEFEST/F1_IA_y_Capacidades_Estrategicas/CSET_Georgetown/pdfs/Reports/CSET_center-for-security-and-emerging-technology-57.pdf,.pdf,8206.7,raw,DOC-0349,pdf,data/raw/CODEFEST/F1_IA_y_Capacidades_Estrategicas/CSET_Georgetown/pdfs/Reports/CSET_center-for-security-and-emerging-technology-57.pdf
data/raw/CODEFEST/F1_IA_y_Capacidades_Estrategicas/CSET_Georgetown/pdfs/Reports/CSET_center-for-security-and-emerging-technology-58.pdf,.pdf,1129.8,raw,DOC-0350,pdf,data/raw/CODEFEST/F1_IA_y_Capacidades_Estrategicas/CSET_Georgetown/pdfs/Reports/CSET_center-for-security-and-emerging-technology-58.pdf
data/raw/CODEFEST/F1_IA_y_Capacidades_Estrategicas/CSET_Georgetown/pdfs/Reports/CSET_center-for-security-and-emerging-technology-59.pdf,.pdf,1144.9,raw,DOC-0351,pdf,data/raw/CODEFEST/F1_IA_y_Capacidades_Estrategicas/CSET_Georgetown/pdfs/Reports/CSET_center-for-security-and-emerging-technology-59.pdf
data/raw/CODEFEST/F1_IA_y_Capacidades_Estrategicas/CSET_Georgetown/pdfs/Reports/CSET_center-for-security-and-emerging-technology-6.pdf,.pdf,148.4,raw,DOC-0352,pdf,data/raw/CODEFEST/F1_IA_y_Capacidades_Estrategicas/CSET_Georgetown/pdfs/Reports/CSET_center-for-security-and-emerging-technology-6.pdf
data/raw/CODEFEST/F1_IA_y_Capacidades_Estrategicas/CSET_Georgetown/pdfs/Reports/CSET_center-for-security-and-emerging-technology-60.pdf,.pdf,1119.5,raw,DOC-0353,pdf,data/raw/CODEFEST/F1_IA_y_Capacidades_Estrategicas/CSET_Georgetown/pdfs/Reports/CSET_center-for-security-and-emerging-technology-60.pdf
data/raw/CODEFEST/F1_IA_y_Capacidades_Estrategicas/CSET_Georgetown/pdfs/Reports/CSET_center-for-security-and-emerging-technology-61.pdf,.pdf,1034.1,raw,DOC-0354,pdf,data/raw/CODEFEST/F1_IA_y_Capacidades_Estrategicas/CSET_Georgetown/pdfs/Reports/CSET_center-for-security-and-emerging-technology-61.pdf
data/raw/CODEFEST/F1_IA_y_Capacidades_Estrategicas/CSET_Georgetown/pdfs/Reports/CSET_center-for-security-and-emerging-technology-7.pdf,.pdf,1001.4,raw,DOC-0355,pdf,data/raw/CODEFEST/F1_IA_y_Capacidades_Estrategicas/CSET_Georgetown/pdfs/Reports/CSET_center-for-security-and-emerging-technology-7.pdf
data/raw/CODEFEST/F1_IA_y_Capacidades_Estrategicas/CSET_Georgetown/pdfs/Reports/CSET_center-for-security-and-emerging-technology-8.pdf,.pdf,152.0,raw,DOC-0356,pdf,data/raw/CODEFEST/F1_IA_y_Capacidades_Estrategicas/CSET_Georgetown/pdfs/Reports/CSET_center-for-security-and-emerging-technology-8.pdf
data/raw/CODEFEST/F1_IA_y_Capacidades_Estrategicas/CSET_Georgetown/pdfs/Reports/CSET_center-for-security-and-emerging-technology-9.pdf,.pdf,2884.0,raw,DOC-0357,pdf,data/raw/CODEFEST/F1_IA_y_Capacidades_Estrategicas/CSET_Georgetown/pdfs/Reports/CSET_center-for-security-and-emerging-technology-9.pdf
data/raw/CODEFEST/F1_IA_y_Capacidades_Estrategicas/CSET_Georgetown/pdfs/Reports/CSET_center-for-security-and-emerging-technology.pdf,.pdf,2520.5,raw,DOC-0358,pdf,data/raw/CODEFEST/F1_IA_y_Capacidades_Estrategicas/CSET_Georgetown/pdfs/Reports/CSET_center-for-security-and-emerging-technology.pdf
data/raw/CODEFEST/F1_IA_y_Capacidades_Estrategicas/CSET_Georgetown/pdfs/Testimony/CSET_center-for-security-and-emerging-technology-2.pdf,.pdf,430.9,raw,DOC-0359,pdf,data/raw/CODEFEST/F1_IA_y_Capacidades_Estrategicas/CSET_Georgetown/pdfs/Testimony/CSET_center-for-security-and-emerging-technology-2.pdf
data/raw/CODEFEST/F1_IA_y_Capacidades_Estrategicas/CSET_Georgetown/pdfs/Testimony/CSET_center-for-security-and-emerging-technology-3.pdf,.pdf,118.1,raw,DOC-0360,pdf,data/raw/CODEFEST/F1_IA_y_Capacidades_Estrategicas/CSET_Georgetown/pdfs/Testimony/CSET_center-for-security-and-emerging-technology-3.pdf
data/raw/CODEFEST/F1_IA_y_Capacidades_Estrategicas/CSET_Georgetown/pdfs/Testimony/CSET_center-for-security-and-emerging-technology-4.pdf,.pdf,164.9,raw,DOC-0361,pdf,data/raw/CODEFEST/F1_IA_y_Capacidades_Estrategicas/CSET_Georgetown/pdfs/Testimony/CSET_center-for-security-and-emerging-technology-4.pdf
data/raw/CODEFEST/F1_IA_y_Capacidades_Estrategicas/CSET_Georgetown/pdfs/Testimony/CSET_center-for-security-and-emerging-technology.pdf,.pdf,184.4,raw,DOC-0362,pdf,data/raw/CODEFEST/F1_IA_y_Capacidades_Estrategicas/CSET_Georgetown/pdfs/Testimony/CSET_center-for-security-and-emerging-technology.pdf
data/raw/CODEFEST/F1_IA_y_Capacidades_Estrategicas/CSET_Georgetown/pdfs/Translation/CSET_center-for-security-and-emerging-technology-10.pdf,.pdf,388.2,raw,DOC-0363,pdf,data/raw/CODEFEST/F1_IA_y_Capacidades_Estrategicas/CSET_Georgetown/pdfs/Translation/CSET_center-for-security-and-emerging-technology-10.pdf
data/raw/CODEFEST/F1_IA_y_Capacidades_Estrategicas/CSET_Georgetown/pdfs/Translation/CSET_center-for-security-and-emerging-technology-11.pdf,.pdf,272.1,raw,DOC-0364,pdf,data/raw/CODEFEST/F1_IA_y_Capacidades_Estrategicas/CSET_Georgetown/pdfs/Translation/CSET_center-for-security-and-emerging-technology-11.pdf
data/raw/CODEFEST/F1_IA_y_Capacidades_Estrategicas/CSET_Georgetown/pdfs/Translation/CSET_center-for-security-and-emerging-technology-12.pdf,.pdf,544.0,raw,DOC-0365,pdf,data/raw/CODEFEST/F1_IA_y_Capacidades_Estrategicas/CSET_Georgetown/pdfs/Translation/CSET_center-for-security-and-emerging-technology-12.pdf
data/raw/CODEFEST/F1_IA_y_Capacidades_Estrategicas/CSET_Georgetown/pdfs/Translation/CSET_center-for-security-and-emerging-technology-13.pdf,.pdf,615.5,raw,DOC-0366,pdf,data/raw/CODEFEST/F1_IA_y_Capacidades_Estrategicas/CSET_Georgetown/pdfs/Translation/CSET_center-for-security-and-emerging-technology-13.pdf
data/raw/CODEFEST/F1_IA_y_Capacidades_Estrategicas/CSET_Georgetown/pdfs/Translation/CSET_center-for-security-and-emerging-technology-14.pdf,.pdf,308.2,raw,DOC-0367,pdf,data/raw/CODEFEST/F1_IA_y_Capacidades_Estrategicas/CSET_Georgetown/pdfs/Translation/CSET_center-for-security-and-emerging-technology-14.pdf
data/raw/CODEFEST/F1_IA_y_Capacidades_Estrategicas/CSET_Georgetown/pdfs/Translation/CSET_center-for-security-and-emerging-technology-15.pdf,.pdf,184.1,raw,DOC-0368,pdf,data/raw/CODEFEST/F1_IA_y_Capacidades_Estrategicas/CSET_Georgetown/pdfs/Translation/CSET_center-for-security-and-emerging-technology-15.pdf
data/raw/CODEFEST/F1_IA_y_Capacidades_Estrategicas/CSET_Georgetown/pdfs/Translation/CSET_center-for-security-and-emerging-technology-16.pdf,.pdf,390.0,raw,DOC-0369,pdf,data/raw/CODEFEST/F1_IA_y_Capacidades_Estrategicas/CSET_Georgetown/pdfs/Translation/CSET_center-for-security-and-emerging-technology-16.pdf
data/raw/CODEFEST/F1_IA_y_Capacidades_Estrategicas/CSET_Georgetown/pdfs/Translation/CSET_center-for-security-and-emerging-technology-17.pdf,.pdf,273.7,raw,DOC-0370,pdf,data/raw/CODEFEST/F1_IA_y_Capacidades_Estrategicas/CSET_Georgetown/pdfs/Translation/CSET_center-for-security-and-emerging-technology-17.pdf
data/raw/CODEFEST/F1_IA_y_Capacidades_Estrategicas/CSET_Georgetown/pdfs/Translation/CSET_center-for-security-and-emerging-technology-18.pdf,.pdf,412.6,raw,DOC-0371,pdf,data/raw/CODEFEST/F1_IA_y_Capacidades_Estrategicas/CSET_Georgetown/pdfs/Translation/CSET_center-for-security-and-emerging-technology-18.pdf
data/raw/CODEFEST/F1_IA_y_Capacidades_Estrategicas/CSET_Georgetown/pdfs/Translation/CSET_center-for-security-and-emerging-technology-19.pdf,.pdf,319.9,raw,DOC-0372,pdf,data/raw/CODEFEST/F1_IA_y_Capacidades_Estrategicas/CSET_Georgetown/pdfs/Translation/CSET_center-for-security-and-emerging-technology-19.pdf
data/raw/CODEFEST/F1_IA_y_Capacidades_Estrategicas/CSET_Georgetown/pdfs/Translation/CSET_center-for-security-and-emerging-technology-2.pdf,.pdf,289.5,raw,DOC-0373,pdf,data/raw/CODEFEST/F1_IA_y_Capacidades_Estrategicas/CSET_Georgetown/pdfs/Translation/CSET_center-for-security-and-emerging-technology-2.pdf
data/raw/CODEFEST/F1_IA_y_Capacidades_Estrategicas/CSET_Georgetown/pdfs/Translation/CSET_center-for-security-and-emerging-technology-20.pdf,.pdf,6073.1,raw,DOC-0374,pdf,data/raw/CODEFEST/F1_IA_y_Capacidades_Estrategicas/CSET_Georgetown/pdfs/Translation/CSET_center-for-security-and-emerging-technology-20.pdf
data/raw/CODEFEST/F1_IA_y_Capacidades_Estrategicas/CSET_Georgetown/pdfs/Translation/CSET_center-for-security-and-emerging-technology-21.pdf,.pdf,2006.7,raw,DOC-0375,pdf,data/raw/CODEFEST/F1_IA_y_Capacidades_Estrategicas/CSET_Georgetown/pdfs/Translation/CSET_center-for-security-and-emerging-technology-21.pdf
data/raw/CODEFEST/F1_IA_y_Capacidades_Estrategicas/CSET_Georgetown/pdfs/Translation/CSET_center-for-security-and-emerging-technology-22.pdf,.pdf,509.4,raw,DOC-0376,pdf,data/raw/CODEFEST/F1_IA_y_Capacidades_Estrategicas/CSET_Georgetown/pdfs/Translation/CSET_center-for-security-and-emerging-technology-22.pdf
data/raw/CODEFEST/F1_IA_y_Capacidades_Estrategicas/CSET_Georgetown/pdfs/Translation/CSET_center-for-security-and-emerging-technology-23.pdf,.pdf,4849.8,raw,DOC-0377,pdf,data/raw/CODEFEST/F1_IA_y_Capacidades_Estrategicas/CSET_Georgetown/pdfs/Translation/CSET_center-for-security-and-emerging-technology-23.pdf
data/raw/CODEFEST/F1_IA_y_Capacidades_Estrategicas/CSET_Georgetown/pdfs/Translation/CSET_center-for-security-and-emerging-technology-24.pdf,.pdf,372.4,raw,DOC-0378,pdf,data/raw/CODEFEST/F1_IA_y_Capacidades_Estrategicas/CSET_Georgetown/pdfs/Translation/CSET_center-for-security-and-emerging-technology-24.pdf
data/raw/CODEFEST/F1_IA_y_Capacidades_Estrategicas/CSET_Georgetown/pdfs/Translation/CSET_center-for-security-and-emerging-technology-25.pdf,.pdf,217.9,raw,DOC-0379,pdf,data/raw/CODEFEST/F1_IA_y_Capacidades_Estrategicas/CSET_Georgetown/pdfs/Translation/CSET_center-for-security-and-emerging-technology-25.pdf
data/raw/CODEFEST/F1_IA_y_Capacidades_Estrategicas/CSET_Georgetown/pdfs/Translation/CSET_center-for-security-and-emerging-technology-26.pdf,.pdf,291.1,raw,DOC-0380,pdf,data/raw/CODEFEST/F1_IA_y_Capacidades_Estrategicas/CSET_Georgetown/pdfs/Translation/CSET_center-for-security-and-emerging-technology-26.pdf
data/raw/CODEFEST/F1_IA_y_Capacidades_Estrategicas/CSET_Georgetown/pdfs/Translation/CSET_center-for-security-and-emerging-technology-27.pdf,.pdf,173.7,raw,DOC-0381,pdf,data/raw/CODEFEST/F1_IA_y_Capacidades_Estrategicas/CSET_Georgetown/pdfs/Translation/CSET_center-for-security-and-emerging-technology-27.pdf
data/raw/CODEFEST/F1_IA_y_Capacidades_Estrategicas/CSET_Georgetown/pdfs/Translation/CSET_center-for-security-and-emerging-technology-28.pdf,.pdf,723.5,raw,DOC-0382,pdf,data/raw/CODEFEST/F1_IA_y_Capacidades_Estrategicas/CSET_Georgetown/pdfs/Translation/CSET_center-for-security-and-emerging-technology-28.pdf
data/raw/CODEFEST/F1_IA_y_Capacidades_Estrategicas/CSET_Georgetown/pdfs/Translation/CSET_center-for-security-and-emerging-technology-29.pdf,.pdf,342.7,raw,DOC-0383,pdf,data/raw/CODEFEST/F1_IA_y_Capacidades_Estrategicas/CSET_Georgetown/pdfs/Translation/CSET_center-for-security-and-emerging-technology-29.pdf
data/raw/CODEFEST/F1_IA_y_Capacidades_Estrategicas/CSET_Georgetown/pdfs/Translation/CSET_center-for-security-and-emerging-technology-3.pdf,.pdf,276.3,raw,DOC-0384,pdf,data/raw/CODEFEST/F1_IA_y_Capacidades_Estrategicas/CSET_Georgetown/pdfs/Translation/CSET_center-for-security-and-emerging-technology-3.pdf
data/raw/CODEFEST/F1_IA_y_Capacidades_Estrategicas/CSET_Georgetown/pdfs/Translation/CSET_center-for-security-and-emerging-technology-30.pdf,.pdf,240.2,raw,DOC-0385,pdf,data/raw/CODEFEST/F1_IA_y_Capacidades_Estrategicas/CSET_Georgetown/pdfs/Translation/CSET_center-for-security-and-emerging-technology-30.pdf
data/raw/CODEFEST/F1_IA_y_Capacidades_Estrategicas/CSET_Georgetown/pdfs/Translation/CSET_center-for-security-and-emerging-technology-31.pdf,.pdf,228.6,raw,DOC-0386,pdf,data/raw/CODEFEST/F1_IA_y_Capacidades_Estrategicas/CSET_Georgetown/pdfs/Translation/CSET_center-for-security-and-emerging-technology-31.pdf
data/raw/CODEFEST/F1_IA_y_Capacidades_Estrategicas/CSET_Georgetown/pdfs/Translation/CSET_center-for-security-and-emerging-technology-32.pdf,.pdf,622.3,raw,DOC-0387,pdf,data/raw/CODEFEST/F1_IA_y_Capacidades_Estrategicas/CSET_Georgetown/pdfs/Translation/CSET_center-for-security-and-emerging-technology-32.pdf
data/raw/CODEFEST/F1_IA_y_Capacidades_Estrategicas/CSET_Georgetown/pdfs/Translation/CSET_center-for-security-and-emerging-technology-33.pdf,.pdf,438.9,raw,DOC-0388,pdf,data/raw/CODEFEST/F1_IA_y_Capacidades_Estrategicas/CSET_Georgetown/pdfs/Translation/CSET_center-for-security-and-emerging-technology-33.pdf
data/raw/CODEFEST/F1_IA_y_Capacidades_Estrategicas/CSET_Georgetown/pdfs/Translation/CSET_center-for-security-and-emerging-technology-34.pdf,.pdf,299.5,raw,DOC-0389,pdf,data/raw/CODEFEST/F1_IA_y_Capacidades_Estrategicas/CSET_Georgetown/pdfs/Translation/CSET_center-for-security-and-emerging-technology-34.pdf
data/raw/CODEFEST/F1_IA_y_Capacidades_Estrategicas/CSET_Georgetown/pdfs/Translation/CSET_center-for-security-and-emerging-technology-35.pdf,.pdf,455.0,raw,DOC-0390,pdf,data/raw/CODEFEST/F1_IA_y_Capacidades_Estrategicas/CSET_Georgetown/pdfs/Translation/CSET_center-for-security-and-emerging-technology-35.pdf
data/raw/CODEFEST/F1_IA_y_Capacidades_Estrategicas/CSET_Georgetown/pdfs/Translation/CSET_center-for-security-and-emerging-technology-36.pdf,.pdf,465.0,raw,DOC-0391,pdf,data/raw/CODEFEST/F1_IA_y_Capacidades_Estrategicas/CSET_Georgetown/pdfs/Translation/CSET_center-for-security-and-emerging-technology-36.pdf
data/raw/CODEFEST/F1_IA_y_Capacidades_Estrategicas/CSET_Georgetown/pdfs/Translation/CSET_center-for-security-and-emerging-technology-37.pdf,.pdf,275.8,raw,DOC-0392,pdf,data/raw/CODEFEST/F1_IA_y_Capacidades_Estrategicas/CSET_Georgetown/pdfs/Translation/CSET_center-for-security-and-emerging-technology-37.pdf
data/raw/CODEFEST/F1_IA_y_Capacidades_Estrategicas/CSET_Georgetown/pdfs/Translation/CSET_center-for-security-and-emerging-technology-38.pdf,.pdf,437.0,raw,DOC-0393,pdf,data/raw/CODEFEST/F1_IA_y_Capacidades_Estrategicas/CSET_Georgetown/pdfs/Translation/CSET_center-for-security-and-emerging-technology-38.pdf
data/raw/CODEFEST/F1_IA_y_Capacidades_Estrategicas/CSET_Georgetown/pdfs/Translation/CSET_center-for-security-and-emerging-technology-39.pdf,.pdf,184.2,raw,DOC-0394,pdf,data/raw/CODEFEST/F1_IA_y_Capacidades_Estrategicas/CSET_Georgetown/pdfs/Translation/CSET_center-for-security-and-emerging-technology-39.pdf
data/raw/CODEFEST/F1_IA_y_Capacidades_Estrategicas/CSET_Georgetown/pdfs/Translation/CSET_center-for-security-and-emerging-technology-4.pdf,.pdf,396.2,raw,DOC-0395,pdf,data/raw/CODEFEST/F1_IA_y_Capacidades_Estrategicas/CSET_Georgetown/pdfs/Translation/CSET_center-for-security-and-emerging-technology-4.pdf
data/raw/CODEFEST/F1_IA_y_Capacidades_Estrategicas/CSET_Georgetown/pdfs/Translation/CSET_center-for-security-and-emerging-technology-40.pdf,.pdf,925.2,raw,DOC-0396,pdf,data/raw/CODEFEST/F1_IA_y_Capacidades_Estrategicas/CSET_Georgetown/pdfs/Translation/CSET_center-for-security-and-emerging-technology-40.pdf
data/raw/CODEFEST/F1_IA_y_Capacidades_Estrategicas/CSET_Georgetown/pdfs/Translation/CSET_center-for-security-and-emerging-technology-41.pdf,.pdf,318.5,raw,DOC-0397,pdf,data/raw/CODEFEST/F1_IA_y_Capacidades_Estrategicas/CSET_Georgetown/pdfs/Translation/CSET_center-for-security-and-emerging-technology-41.pdf
data/raw/CODEFEST/F1_IA_y_Capacidades_Estrategicas/CSET_Georgetown/pdfs/Translation/CSET_center-for-security-and-emerging-technology-42.pdf,.pdf,263.7,raw,DOC-0398,pdf,data/raw/CODEFEST/F1_IA_y_Capacidades_Estrategicas/CSET_Georgetown/pdfs/Translation/CSET_center-for-security-and-emerging-technology-42.pdf
data/raw/CODEFEST/F1_IA_y_Capacidades_Estrategicas/CSET_Georgetown/pdfs/Translation/CSET_center-for-security-and-emerging-technology-43.pdf,.pdf,216.5,raw,DOC-0399,pdf,data/raw/CODEFEST/F1_IA_y_Capacidades_Estrategicas/CSET_Georgetown/pdfs/Translation/CSET_center-for-security-and-emerging-technology-43.pdf
data/raw/CODEFEST/F1_IA_y_Capacidades_Estrategicas/CSET_Georgetown/pdfs/Translation/CSET_center-for-security-and-emerging-technology-44.pdf,.pdf,241.3,raw,DOC-0400,pdf,data/raw/CODEFEST/F1_IA_y_Capacidades_Estrategicas/CSET_Georgetown/pdfs/Translation/CSET_center-for-security-and-emerging-technology-44.pdf
data/raw/CODEFEST/F1_IA_y_Capacidades_Estrategicas/CSET_Georgetown/pdfs/Translation/CSET_center-for-security-and-emerging-technology-45.pdf,.pdf,286.1,raw,DOC-0401,pdf,data/raw/CODEFEST/F1_IA_y_Capacidades_Estrategicas/CSET_Georgetown/pdfs/Translation/CSET_center-for-security-and-emerging-technology-45.pdf
data/raw/CODEFEST/F1_IA_y_Capacidades_Estrategicas/CSET_Georgetown/pdfs/Translation/CSET_center-for-security-and-emerging-technology-46.pdf,.pdf,308.3,raw,DOC-0402,pdf,data/raw/CODEFEST/F1_IA_y_Capacidades_Estrategicas/CSET_Georgetown/pdfs/Translation/CSET_center-for-security-and-emerging-technology-46.pdf
data/raw/CODEFEST/F1_IA_y_Capacidades_Estrategicas/CSET_Georgetown/pdfs/Translation/CSET_center-for-security-and-emerging-technology-5.pdf,.pdf,281.3,raw,DOC-0403,pdf,data/raw/CODEFEST/F1_IA_y_Capacidades_Estrategicas/CSET_Georgetown/pdfs/Translation/CSET_center-for-security-and-emerging-technology-5.pdf
data/raw/CODEFEST/F1_IA_y_Capacidades_Estrategicas/CSET_Georgetown/pdfs/Translation/CSET_center-for-security-and-emerging-technology-6.pdf,.pdf,367.6,raw,DOC-0404,pdf,data/raw/CODEFEST/F1_IA_y_Capacidades_Estrategicas/CSET_Georgetown/pdfs/Translation/CSET_center-for-security-and-emerging-technology-6.pdf
data/raw/CODEFEST/F1_IA_y_Capacidades_Estrategicas/CSET_Georgetown/pdfs/Translation/CSET_center-for-security-and-emerging-technology-7.pdf,.pdf,242.1,raw,DOC-0405,pdf,data/raw/CODEFEST/F1_IA_y_Capacidades_Estrategicas/CSET_Georgetown/pdfs/Translation/CSET_center-for-security-and-emerging-technology-7.pdf
data/raw/CODEFEST/F1_IA_y_Capacidades_Estrategicas/CSET_Georgetown/pdfs/Translation/CSET_center-for-security-and-emerging-technology-8.pdf,.pdf,277.3,raw,DOC-0406,pdf,data/raw/CODEFEST/F1_IA_y_Capacidades_Estrategicas/CSET_Georgetown/pdfs/Translation/CSET_center-for-security-and-emerging-technology-8.pdf
data/raw/CODEFEST/F1_IA_y_Capacidades_Estrategicas/CSET_Georgetown/pdfs/Translation/CSET_center-for-security-and-emerging-technology-9.pdf,.pdf,262.2,raw,DOC-0407,pdf,data/raw/CODEFEST/F1_IA_y_Capacidades_Estrategicas/CSET_Georgetown/pdfs/Translation/CSET_center-for-security-and-emerging-technology-9.pdf
data/raw/CODEFEST/F1_IA_y_Capacidades_Estrategicas/CSET_Georgetown/pdfs/Translation/CSET_center-for-security-and-emerging-technology.pdf,.pdf,269.3,raw,DOC-0408,pdf,data/raw/CODEFEST/F1_IA_y_Capacidades_Estrategicas/CSET_Georgetown/pdfs/Translation/CSET_center-for-security-and-emerging-technology.pdf
data/raw/CODEFEST/F1_IA_y_Capacidades_Estrategicas/DAIO/daio_pdfs/DAIO_catalog-2.csv,.csv,12.7,raw,DOC-0409,csv,data/raw/CODEFEST/F1_IA_y_Capacidades_Estrategicas/DAIO/daio_pdfs/DAIO_catalog-2.csv
data/raw/CODEFEST/F1_IA_y_Capacidades_Estrategicas/DAIO/daio_pdfs/DAIO_catalog-2.json,.json,20.7,raw,DOC-0410,json,data/raw/CODEFEST/F1_IA_y_Capacidades_Estrategicas/DAIO/daio_pdfs/DAIO_catalog-2.json
data/raw/CODEFEST/F1_IA_y_Capacidades_Estrategicas/DAIO/daio_pdfs/pdfs/DAIO_beware-the-hype.pdf,.pdf,1661.7,raw,DOC-0411,pdf,data/raw/CODEFEST/F1_IA_y_Capacidades_Estrategicas/DAIO/daio_pdfs/pdfs/DAIO_beware-the-hype.pdf
data/raw/CODEFEST/F1_IA_y_Capacidades_Estrategicas/DAIO/daio_pdfs/pdfs/DAIO_study2202-2.pdf,.pdf,1352.2,raw,DOC-0412,pdf,data/raw/CODEFEST/F1_IA_y_Capacidades_Estrategicas/DAIO/daio_pdfs/pdfs/DAIO_study2202-2.pdf
data/raw/CODEFEST/F1_IA_y_Capacidades_Estrategicas/DAIO/daio_pdfs/pdfs/DAIO_study2203-2.pdf,.pdf,1447.3,raw,DOC-0413,pdf,data/raw/CODEFEST/F1_IA_y_Capacidades_Estrategicas/DAIO/daio_pdfs/pdfs/DAIO_study2203-2.pdf
data/raw/CODEFEST/F1_IA_y_Capacidades_Estrategicas/DAIO/daio_pdfs/pdfs/DAIO_study2204-2.pdf,.pdf,1326.0,raw,DOC-0414,pdf,data/raw/CODEFEST/F1_IA_y_Capacidades_Estrategicas/DAIO/daio_pdfs/pdfs/DAIO_study2204-2.pdf
data/raw/CODEFEST/F1_IA_y_Capacidades_Estrategicas/DAIO/daio_pdfs/pdfs/DAIO_study2205-2.pdf,.pdf,1335.6,raw,DOC-0415,pdf,data/raw/CODEFEST/F1_IA_y_Capacidades_Estrategicas/DAIO/daio_pdfs/pdfs/DAIO_study2205-2.pdf
data/raw/CODEFEST/F1_IA_y_Capacidades_Estrategicas/DAIO/daio_pdfs/pdfs/DAIO_study2206-2.pdf,.pdf,1353.8,raw,DOC-0416,pdf,data/raw/CODEFEST/F1_IA_y_Capacidades_Estrategicas/DAIO/daio_pdfs/pdfs/DAIO_study2206-2.pdf
data/raw/CODEFEST/F1_IA_y_Capacidades_Estrategicas/DAIO/daio_pdfs/pdfs/DAIO_study2307-2.pdf,.pdf,998.8,raw,DOC-0417,pdf,data/raw/CODEFEST/F1_IA_y_Capacidades_Estrategicas/DAIO/daio_pdfs/pdfs/DAIO_study2307-2.pdf
data/raw/CODEFEST/F1_IA_y_Capacidades_Estrategicas/DAIO/daio_pdfs/pdfs/DAIO_study2308-2.pdf,.pdf,1318.4,raw,DOC-0418,pdf,data/raw/CODEFEST/F1_IA_y_Capacidades_Estrategicas/DAIO/daio_pdfs/pdfs/DAIO_study2308-2.pdf
data/raw/CODEFEST/F1_IA_y_Capacidades_Estrategicas/DAIO/daio_pdfs/pdfs/DAIO_study2309-2.pdf,.pdf,1467.8,raw,DOC-0419,pdf,data/raw/CODEFEST/F1_IA_y_Capacidades_Estrategicas/DAIO/daio_pdfs/pdfs/DAIO_study2309-2.pdf
data/raw/CODEFEST/F1_IA_y_Capacidades_Estrategicas/DAIO/daio_pdfs/pdfs/DAIO_study2310-2.pdf,.pdf,1376.2,raw,DOC-0420,pdf,data/raw/CODEFEST/F1_IA_y_Capacidades_Estrategicas/DAIO/daio_pdfs/pdfs/DAIO_study2310-2.pdf
data/raw/CODEFEST/F1_IA_y_Capacidades_Estrategicas/DAIO/daio_pdfs/pdfs/DAIO_study2311-2.pdf,.pdf,1407.0,raw,DOC-0421,pdf,data/raw/CODEFEST/F1_IA_y_Capacidades_Estrategicas/DAIO/daio_pdfs/pdfs/DAIO_study2311-2.pdf
data/raw/CODEFEST/F1_IA_y_Capacidades_Estrategicas/DAIO/daio_pdfs/pdfs/DAIO_study2312-master-and-servant-borchert-schuetz-verbovszky.pdf,.pdf,1456.6,raw,DOC-0422,pdf,data/raw/CODEFEST/F1_IA_y_Capacidades_Estrategicas/DAIO/daio_pdfs/pdfs/DAIO_study2312-master-and-servant-borchert-schuetz-verbovszky.pdf
data/raw/CODEFEST/F1_IA_y_Capacidades_Estrategicas/DAIO/daio_pdfs/pdfs/DAIO_study2313-overtaking-on-the-curve-john-lee.pdf,.pdf,1079.6,raw,DOC-0423,pdf,data/raw/CODEFEST/F1_IA_y_Capacidades_Estrategicas/DAIO/daio_pdfs/pdfs/DAIO_study2313-overtaking-on-the-curve-john-lee.pdf
data/raw/CODEFEST/F1_IA_y_Capacidades_Estrategicas/DAIO/daio_pdfs/pdfs/DAIO_study2314-a-fertile-soil-for-ai-alastair-finlan.pdf,.pdf,973.8,raw,DOC-0424,pdf,data/raw/CODEFEST/F1_IA_y_Capacidades_Estrategicas/DAIO/daio_pdfs/pdfs/DAIO_study2314-a-fertile-soil-for-ai-alastair-finlan.pdf
data/raw/CODEFEST/F1_IA_y_Capacidades_Estrategicas/DAIO/daio_pdfs/pdfs/DAIO_study2315-embracing-the-organized-mess-dolinko-antebi.pdf,.pdf,963.9,raw,DOC-0425,pdf,data/raw/CODEFEST/F1_IA_y_Capacidades_Estrategicas/DAIO/daio_pdfs/pdfs/DAIO_study2315-embracing-the-organized-mess-dolinko-antebi.pdf
data/raw/CODEFEST/F1_IA_y_Capacidades_Estrategicas/DAIO/daio_pdfs/pdfs/DAIO_study2316-cautious-data-driven-evolution-sami-jaervinen.pdf,.pdf,1059.7,raw,DOC-0426,pdf,data/raw/CODEFEST/F1_IA_y_Capacidades_Estrategicas/DAIO/daio_pdfs/pdfs/DAIO_study2316-cautious-data-driven-evolution-sami-jaervinen.pdf
data/raw/CODEFEST/F1_IA_y_Capacidades_Estrategicas/DAIO/daio_pdfs/pdfs/DAIO_study2317-a-winding-road-before-scaling-up-kevin-martin-lucie-liversain.pdf,.pdf,1742.4,raw,DOC-0427,pdf,data/raw/CODEFEST/F1_IA_y_Capacidades_Estrategicas/DAIO/daio_pdfs/pdfs/DAIO_study2317-a-winding-road-before-scaling-up-kevin-martin-lucie-liversain.pdf
data/raw/CODEFEST/F1_IA_y_Capacidades_Estrategicas/DAIO/daio_pdfs/pdfs/DAIO_study2318-servers-before-tanks-andreas-graae.pdf,.pdf,1952.5,raw,DOC-0428,pdf,data/raw/CODEFEST/F1_IA_y_Capacidades_Estrategicas/DAIO/daio_pdfs/pdfs/DAIO_study2318-servers-before-tanks-andreas-graae.pdf
data/raw/CODEFEST/F1_IA_y_Capacidades_Estrategicas/DAIO/daio_pdfs/pdfs/DAIO_study2319-harnessing-the-potential-karampekios-sakalis-oikonomou.pdf,.pdf,1024.0,raw,DOC-0429,pdf,data/raw/CODEFEST/F1_IA_y_Capacidades_Estrategicas/DAIO/daio_pdfs/pdfs/DAIO_study2319-harnessing-the-potential-karampekios-sakalis-oikonomou.pdf
data/raw/CODEFEST/F1_IA_y_Capacidades_Estrategicas/DAIO/daio_pdfs/pdfs/DAIO_study2421-will-the-one-ring-hold-youngwook-park.pdf,.pdf,953.1,raw,DOC-0430,pdf,data/raw/CODEFEST/F1_IA_y_Capacidades_Estrategicas/DAIO/daio_pdfs/pdfs/DAIO_study2421-will-the-one-ring-hold-youngwook-park.pdf
data/raw/CODEFEST/F1_IA_y_Capacidades_Estrategicas/DAIO/daio_pdfs/pdfs/DAIO_study2422-survival-of-the-smartest-vitaliy-goncharuk.pdf,.pdf,956.1,raw,DOC-0431,pdf,data/raw/CODEFEST/F1_IA_y_Capacidades_Estrategicas/DAIO/daio_pdfs/pdfs/DAIO_study2422-survival-of-the-smartest-vitaliy-goncharuk.pdf
data/raw/CODEFEST/F1_IA_y_Capacidades_Estrategicas/DAIO/daio_pdfs/pdfs/DAIO_study2423-overcoming-the-long-shadow-of-the-past-motohiro-tsuchiya.pdf,.pdf,1016.4,raw,DOC-0432,pdf,data/raw/CODEFEST/F1_IA_y_Capacidades_Estrategicas/DAIO/daio_pdfs/pdfs/DAIO_study2423-overcoming-the-long-shadow-of-the-past-motohiro-tsuchiya.pdf
data/raw/CODEFEST/F1_IA_y_Capacidades_Estrategicas/DAIO/daio_pdfs/pdfs/DAIO_study2424-intelligent-national-defense-amid-strategic-ambiguity-kitsch-liao.pdf,.pdf,1146.6,raw,DOC-0433,pdf,data/raw/CODEFEST/F1_IA_y_Capacidades_Estrategicas/DAIO/daio_pdfs/pdfs/DAIO_study2424-intelligent-national-defense-amid-strategic-ambiguity-kitsch-liao.pdf
data/raw/CODEFEST/F1_IA_y_Capacidades_Estrategicas/DAIO/daio_pdfs/pdfs/DAIO_study2425-heavy-thunder-no-rain-mahmoud-javadi.pdf,.pdf,1990.5,raw,DOC-0434,pdf,data/raw/CODEFEST/F1_IA_y_Capacidades_Estrategicas/DAIO/daio_pdfs/pdfs/DAIO_study2425-heavy-thunder-no-rain-mahmoud-javadi.pdf
data/raw/CODEFEST/F1_IA_y_Capacidades_Estrategicas/DAIO/daio_pdfs/pdfs/DAIO_study2426-his-hands-cant-hit-what-his-eyes-cant-see-borchert-brandlhuber.pdf,.pdf,2252.0,raw,DOC-0435,pdf,data/raw/CODEFEST/F1_IA_y_Capacidades_Estrategicas/DAIO/daio_pdfs/pdfs/DAIO_study2426-his-hands-cant-hit-what-his-eyes-cant-see-borchert-brandlhuber.pdf
data/raw/CODEFEST/F1_IA_y_Capacidades_Estrategicas/DAIO/daio_pdfs/pdfs/DAIO_study2527-thinking-before-sinking-borchert-brandlhuber-dzaack.pdf,.pdf,1428.2,raw,DOC-0436,pdf,data/raw/CODEFEST/F1_IA_y_Capacidades_Estrategicas/DAIO/daio_pdfs/pdfs/DAIO_study2527-thinking-before-sinking-borchert-brandlhuber-dzaack.pdf
data/raw/CODEFEST/F1_IA_y_Capacidades_Estrategicas/DAIO/daio_pdfs/pdfs/DAIO_study2528-an-underdeveloped-strategic-necessity-umaima-ali.pdf,.pdf,1438.5,raw,DOC-0437,pdf,data/raw/CODEFEST/F1_IA_y_Capacidades_Estrategicas/DAIO/daio_pdfs/pdfs/DAIO_study2528-an-underdeveloped-strategic-necessity-umaima-ali.pdf
data/raw/CODEFEST/F1_IA_y_Capacidades_Estrategicas/DAIO/daio_pdfs/pdfs/DAIO_study2529-guarding-the-alliances-eastern-frontiers-lipka-wernik-dziegiel.pdf,.pdf,1667.0,raw,DOC-0438,pdf,data/raw/CODEFEST/F1_IA_y_Capacidades_Estrategicas/DAIO/daio_pdfs/pdfs/DAIO_study2529-guarding-the-alliances-eastern-frontiers-lipka-wernik-dziegiel.pdf
data/raw/CODEFEST/F1_IA_y_Capacidades_Estrategicas/DAIO/daio_pdfs/pdfs/DAIO_study2530-bonds-that-separate-heiko-borchert.pdf,.pdf,1757.3,raw,DOC-0439,pdf,data/raw/CODEFEST/F1_IA_y_Capacidades_Estrategicas/DAIO/daio_pdfs/pdfs/DAIO_study2530-bonds-that-separate-heiko-borchert.pdf
data/raw/CODEFEST/F1_IA_y_Capacidades_Estrategicas/DAIO/daio_pdfs/pdfs/DAIO_study2531-a-careful-walk-on-thin-ice-emanuel-ario-bimo-bagus-jatmiko.pdf,.pdf,1548.1,raw,DOC-0440,pdf,data/raw/CODEFEST/F1_IA_y_Capacidades_Estrategicas/DAIO/daio_pdfs/pdfs/DAIO_study2531-a-careful-walk-on-thin-ice-emanuel-ario-bimo-bagus-jatmiko.pdf
data/raw/CODEFEST/F1_IA_y_Capacidades_Estrategicas/DAIO/daio_pdfs/pdfs/DAIO_study2632-from-laggard-to-potential-regional-innovator-raluca-csernatoni.pdf,.pdf,1450.2,raw,DOC-0441,pdf,data/raw/CODEFEST/F1_IA_y_Capacidades_Estrategicas/DAIO/daio_pdfs/pdfs/DAIO_study2632-from-laggard-to-potential-regional-innovator-raluca-csernatoni.pdf
data/raw/CODEFEST/F1_IA_y_Capacidades_Estrategicas/DAIO/daio_pdfs/pdfs/DAIO_study2633-controlled-adaptation-and-integration-daniel-fiott.pdf,.pdf,1436.0,raw,DOC-0442,pdf,data/raw/CODEFEST/F1_IA_y_Capacidades_Estrategicas/DAIO/daio_pdfs/pdfs/DAIO_study2633-controlled-adaptation-and-integration-daniel-fiott.pdf
data/raw/CODEFEST/F1_IA_y_Capacidades_Estrategicas/DAIO/daio_pdfs/pdfs/DAIO_study2634-fragmented-efforts-joao-paulo-moralez-santiago-rivas.pdf,.pdf,1398.8,raw,DOC-0443,pdf,data/raw/CODEFEST/F1_IA_y_Capacidades_Estrategicas/DAIO/daio_pdfs/pdfs/DAIO_study2634-fragmented-efforts-joao-paulo-moralez-santiago-rivas.pdf
data/raw/CODEFEST/F1_IA_y_Capacidades_Estrategicas/Defensa21_LatAm/defensa21_data/DEFENSA21_articulos-2.json,.json,0.0,raw,DOC-0444,json,data/raw/CODEFEST/F1_IA_y_Capacidades_Estrategicas/Defensa21_LatAm/defensa21_data/DEFENSA21_articulos-2.json
data/raw/CODEFEST/F1_IA_y_Capacidades_Estrategicas/Defensa21_LatAm/defensa21_data/DEFENSA21_catalog-2.json,.json,0.7,raw,DOC-0445,json,data/raw/CODEFEST/F1_IA_y_Capacidades_Estrategicas/Defensa21_LatAm/defensa21_data/DEFENSA21_catalog-2.json
data/raw/CODEFEST/F1_IA_y_Capacidades_Estrategicas/ILIA_Latam/pdfs/ILIA_2023/ILIA_2023.pdf,.pdf,27589.1,raw,DOC-0446,pdf,data/raw/CODEFEST/F1_IA_y_Capacidades_Estrategicas/ILIA_Latam/pdfs/ILIA_2023/ILIA_2023.pdf
data/raw/CODEFEST/F1_IA_y_Capacidades_Estrategicas/ILIA_Latam/pdfs/ILIA_2023/ILIA_esp-compressed.pdf,.pdf,27713.5,raw,DOC-0447,pdf,data/raw/CODEFEST/F1_IA_y_Capacidades_Estrategicas/ILIA_Latam/pdfs/ILIA_2023/ILIA_esp-compressed.pdf
data/raw/CODEFEST/F1_IA_y_Capacidades_Estrategicas/ILIA_Latam/pdfs/ILIA_2024/ILIA_2024-020125-compressed.pdf,.pdf,5381.9,raw,DOC-0448,pdf,data/raw/CODEFEST/F1_IA_y_Capacidades_Estrategicas/ILIA_Latam/pdfs/ILIA_2024/ILIA_2024-020125-compressed.pdf
data/raw/CODEFEST/F1_IA_y_Capacidades_Estrategicas/ILIA_Latam/pdfs/ILIA_2024/ILIA_2024.pdf,.pdf,8758.8,raw,DOC-0449,pdf,data/raw/CODEFEST/F1_IA_y_Capacidades_Estrategicas/ILIA_Latam/pdfs/ILIA_2024/ILIA_2024.pdf
data/raw/CODEFEST/F1_IA_y_Capacidades_Estrategicas/ILIA_Latam/pdfs/ILIA_2025/ILIA_2025-executive-summary.pdf,.pdf,2642.4,raw,DOC-0450,pdf,data/raw/CODEFEST/F1_IA_y_Capacidades_Estrategicas/ILIA_Latam/pdfs/ILIA_2025/ILIA_2025-executive-summary.pdf
data/raw/CODEFEST/F1_IA_y_Capacidades_Estrategicas/ILIA_Latam/pdfs/ILIA_2025/ILIA_2025.-fichas-de-pais-y-aspectos-metodologicos.pdf,.pdf,6653.8,raw,DOC-0451,pdf,data/raw/CODEFEST/F1_IA_y_Capacidades_Estrategicas/ILIA_Latam/pdfs/ILIA_2025/ILIA_2025.-fichas-de-pais-y-aspectos-metodologicos.pdf
data/raw/CODEFEST/F1_IA_y_Capacidades_Estrategicas/ILIA_Latam/pdfs/ILIA_2025/ILIA_2025.-hallazgos-principales-ia-aplicada-y-talento-humano-compressed.pdf,.pdf,10096.9,raw,DOC-0452,pdf,data/raw/CODEFEST/F1_IA_y_Capacidades_Estrategicas/ILIA_Latam/pdfs/ILIA_2025/ILIA_2025.-hallazgos-principales-ia-aplicada-y-talento-humano-compressed.pdf
data/raw/CODEFEST/F1_IA_y_Capacidades_Estrategicas/ILIA_Latam/pdfs/ILIA_2025/ILIA_2025.-key-findings-applied-artificial-intelligence-and-human-talent-compressed.pdf,.pdf,9228.5,raw,DOC-0453,pdf,data/raw/CODEFEST/F1_IA_y_Capacidades_Estrategicas/ILIA_Latam/pdfs/ILIA_2025/ILIA_2025.-key-findings-applied-artificial-intelligence-and-human-talent-compressed.pdf
data/raw/CODEFEST/F1_IA_y_Capacidades_Estrategicas/ILIA_Latam/pdfs/ILIA_2025/ILIA_docuemnto-ilia-web.pdf,.pdf,7883.4,raw,DOC-0454,pdf,data/raw/CODEFEST/F1_IA_y_Capacidades_Estrategicas/ILIA_Latam/pdfs/ILIA_2025/ILIA_docuemnto-ilia-web.pdf
data/raw/CODEFEST/F1_IA_y_Capacidades_Estrategicas/ILIA_Latam/pdfs/ILIA_2025/ILIA_documento-ilia-2025.pdf,.pdf,6685.6,raw,DOC-0455,pdf,data/raw/CODEFEST/F1_IA_y_Capacidades_Estrategicas/ILIA_Latam/pdfs/ILIA_2025/ILIA_documento-ilia-2025.pdf
data/raw/CODEFEST/F1_IA_y_Capacidades_Estrategicas/RutaN_GEIAL/pdfs/Observatorio/RUTAN_informe-geial-latam.pdf,.pdf,8132.2,raw,DOC-0456,pdf,data/raw/CODEFEST/F1_IA_y_Capacidades_Estrategicas/RutaN_GEIAL/pdfs/Observatorio/RUTAN_informe-geial-latam.pdf
data/raw/CODEFEST/F1_IA_y_Capacidades_Estrategicas/RutaN_GEIAL/pdfs/Observatorio/RUTAN_informe-geial-medellin.pdf,.pdf,6508.5,raw,DOC-0457,pdf,data/raw/CODEFEST/F1_IA_y_Capacidades_Estrategicas/RutaN_GEIAL/pdfs/Observatorio/RUTAN_informe-geial-medellin.pdf
data/raw/CODEFEST/F1_IA_y_Capacidades_Estrategicas/RutaN_GEIAL/pdfs/Observatorio/RUTAN_resultados-encuesta-innovacion.pdf,.pdf,1857.3,raw,DOC-0458,pdf,data/raw/CODEFEST/F1_IA_y_Capacidades_Estrategicas/RutaN_GEIAL/pdfs/Observatorio/RUTAN_resultados-encuesta-innovacion.pdf
data/raw/CODEFEST/F1_IA_y_Capacidades_Estrategicas/RutaN_GEIAL/pdfs/Observatorio/RUTAN_s2200488-es.pdf,.pdf,4979.3,raw,DOC-0459,pdf,data/raw/CODEFEST/F1_IA_y_Capacidades_Estrategicas/RutaN_GEIAL/pdfs/Observatorio/RUTAN_s2200488-es.pdf
data/raw/CODEFEST/F1_IA_y_Capacidades_Estrategicas/RutaN_GEIAL/pdfs/Observatorio/RUTAN_socializacion-geial-medellin.pdf,.pdf,981.9,raw,DOC-0460,pdf,data/raw/CODEFEST/F1_IA_y_Capacidades_Estrategicas/RutaN_GEIAL/pdfs/Observatorio/RUTAN_socializacion-geial-medellin.pdf
data/raw/CODEFEST/F1_IA_y_Capacidades_Estrategicas/RutaN_GEIAL/rutan_pdfs/RUTAN_catalog-2.csv,.csv,0.7,raw,DOC-0461,csv,data/raw/CODEFEST/F1_IA_y_Capacidades_Estrategicas/RutaN_GEIAL/rutan_pdfs/RUTAN_catalog-2.csv
data/raw/CODEFEST/F1_IA_y_Capacidades_Estrategicas/RutaN_GEIAL/rutan_pdfs/RUTAN_catalog-2.json,.json,0.9,raw,DOC-0462,json,data/raw/CODEFEST/F1_IA_y_Capacidades_Estrategicas/RutaN_GEIAL/rutan_pdfs/RUTAN_catalog-2.json
data/raw/CODEFEST/F2_Seguridad_Entorno_Espacial/.DS_Store,,6.0,raw,DOC-0463,,data/raw/CODEFEST/F2_Seguridad_Entorno_Espacial/.DS_Store
data/raw/CODEFEST/F2_Seguridad_Entorno_Espacial/CSIS_Aerospace/.DS_Store,,6.0,raw,DOC-0464,,data/raw/CODEFEST/F2_Seguridad_Entorno_Espacial/CSIS_Aerospace/.DS_Store
data/raw/CODEFEST/F2_Seguridad_Entorno_Espacial/CSIS_Aerospace/articulos/CSIS_2018-06-01-podcast-a-behind-the-scenes-look-at-space-threats.json,.json,1.9,raw,DOC-0465,json,data/raw/CODEFEST/F2_Seguridad_Entorno_Espacial/CSIS_Aerospace/articulos/CSIS_2018-06-01-podcast-a-behind-the-scenes-look-at-space-threats.json
data/raw/CODEFEST/F2_Seguridad_Entorno_Espacial/CSIS_Aerospace/articulos/CSIS_2018-06-19-how-does-space-policy-directive-3-affect-space-traffic-management.json,.json,14.5,raw,DOC-0466,json,data/raw/CODEFEST/F2_Seguridad_Entorno_Espacial/CSIS_Aerospace/articulos/CSIS_2018-06-19-how-does-space-policy-directive-3-affect-space-traffic-management.json
data/raw/CODEFEST/F2_Seguridad_Entorno_Espacial/CSIS_Aerospace/articulos/CSIS_2018-06-22-podcast-trumps-space-force-and-turkeys-elections.json,.json,2.0,raw,DOC-0467,json,data/raw/CODEFEST/F2_Seguridad_Entorno_Espacial/CSIS_Aerospace/articulos/CSIS_2018-06-22-podcast-trumps-space-force-and-turkeys-elections.json
data/raw/CODEFEST/F2_Seguridad_Entorno_Espacial/CSIS_Aerospace/articulos/CSIS_2018-07-02-why-a-space-based-missile-interceptor-system-is-not-viable.json,.json,1.3,raw,DOC-0468,json,data/raw/CODEFEST/F2_Seguridad_Entorno_Espacial/CSIS_Aerospace/articulos/CSIS_2018-07-02-why-a-space-based-missile-interceptor-system-is-not-viable.json
data/raw/CODEFEST/F2_Seguridad_Entorno_Espacial/CSIS_Aerospace/articulos/CSIS_2018-07-31-beyond-the-glass-ceiling-why-nasa-must-continue-to-launch-a-diverse-astron.json,.json,12.7,raw,DOC-0469,json,data/raw/CODEFEST/F2_Seguridad_Entorno_Espacial/CSIS_Aerospace/articulos/CSIS_2018-07-31-beyond-the-glass-ceiling-why-nasa-must-continue-to-launch-a-diverse-astron.json
data/raw/CODEFEST/F2_Seguridad_Entorno_Espacial/CSIS_Aerospace/articulos/CSIS_2018-08-07-unmanned-aerial-systems-influences-on-conflict-escalation-dynamics.json,.json,265.3,raw,DOC-0470,json,data/raw/CODEFEST/F2_Seguridad_Entorno_Espacial/CSIS_Aerospace/articulos/CSIS_2018-08-07-unmanned-aerial-systems-influences-on-conflict-escalation-dynamics.json
data/raw/CODEFEST/F2_Seguridad_Entorno_Espacial/CSIS_Aerospace/articulos/CSIS_2018-09-17-the-sixth-service-what-the-reorganization-of-special-operations-forces-can.json,.json,1.5,raw,DOC-0471,json,data/raw/CODEFEST/F2_Seguridad_Entorno_Espacial/CSIS_Aerospace/articulos/CSIS_2018-09-17-the-sixth-service-what-the-reorganization-of-special-operations-forces-can.json
data/raw/CODEFEST/F2_Seguridad_Entorno_Espacial/CSIS_Aerospace/articulos/CSIS_2018-09-25-understanding-national-security-space.json,.json,7.9,raw,DOC-0472,json,data/raw/CODEFEST/F2_Seguridad_Entorno_Espacial/CSIS_Aerospace/articulos/CSIS_2018-09-25-understanding-national-security-space.json
data/raw/CODEFEST/F2_Seguridad_Entorno_Espacial/CSIS_Aerospace/articulos/CSIS_2018-10-03-why-a-space-force-can-wait.json,.json,18.4,raw,DOC-0473,json,data/raw/CODEFEST/F2_Seguridad_Entorno_Espacial/CSIS_Aerospace/articulos/CSIS_2018-10-03-why-a-space-force-can-wait.json
data/raw/CODEFEST/F2_Seguridad_Entorno_Espacial/CSIS_Aerospace/articulos/CSIS_2018-10-03-why-we-need-a-space-force.json,.json,27.5,raw,DOC-0474,json,data/raw/CODEFEST/F2_Seguridad_Entorno_Espacial/CSIS_Aerospace/articulos/CSIS_2018-10-03-why-we-need-a-space-force.json
data/raw/CODEFEST/F2_Seguridad_Entorno_Espacial/CSIS_Aerospace/articulos/CSIS_2018-10-17-u-s-missile-defense-and-the-theater-strategic-nexus.json,.json,3.1,raw,DOC-0475,json,data/raw/CODEFEST/F2_Seguridad_Entorno_Espacial/CSIS_Aerospace/articulos/CSIS_2018-10-17-u-s-missile-defense-and-the-theater-strategic-nexus.json
data/raw/CODEFEST/F2_Seguridad_Entorno_Espacial/CSIS_Aerospace/articulos/CSIS_2018-10-18-what-can-24-satellites-do-for-u-s-missile-defense.json,.json,2.4,raw,DOC-0476,json,data/raw/CODEFEST/F2_Seguridad_Entorno_Espacial/CSIS_Aerospace/articulos/CSIS_2018-10-18-what-can-24-satellites-do-for-u-s-missile-defense.json
data/raw/CODEFEST/F2_Seguridad_Entorno_Espacial/CSIS_Aerospace/articulos/CSIS_2018-11-19-how-much-will-the-space-force-cost.json,.json,0.9,raw,DOC-0477,json,data/raw/CODEFEST/F2_Seguridad_Entorno_Espacial/CSIS_Aerospace/articulos/CSIS_2018-11-19-how-much-will-the-space-force-cost.json
data/raw/CODEFEST/F2_Seguridad_Entorno_Espacial/CSIS_Aerospace/articulos/CSIS_2018-11-27-a-space-force-is-worth-the-price.json,.json,1.8,raw,DOC-0478,json,data/raw/CODEFEST/F2_Seguridad_Entorno_Espacial/CSIS_Aerospace/articulos/CSIS_2018-11-27-a-space-force-is-worth-the-price.json
data/raw/CODEFEST/F2_Seguridad_Entorno_Espacial/CSIS_Aerospace/articulos/CSIS_2018-12-03-so-whats-the-big-deal-about-mars-insight.json,.json,2.1,raw,DOC-0479,json,data/raw/CODEFEST/F2_Seguridad_Entorno_Espacial/CSIS_Aerospace/articulos/CSIS_2018-12-03-so-whats-the-big-deal-about-mars-insight.json
data/raw/CODEFEST/F2_Seguridad_Entorno_Espacial/CSIS_Aerospace/articulos/CSIS_2018-12-21-bad-idea-conflating-the-space-force-with-nasa.json,.json,3.3,raw,DOC-0480,json,data/raw/CODEFEST/F2_Seguridad_Entorno_Espacial/CSIS_Aerospace/articulos/CSIS_2018-12-21-bad-idea-conflating-the-space-force-with-nasa.json
data/raw/CODEFEST/F2_Seguridad_Entorno_Espacial/CSIS_Aerospace/articulos/CSIS_2019-02-20-how-does-space-policy-directive-4-reorganize-u-s-military-space-operations.json,.json,17.9,raw,DOC-0481,json,data/raw/CODEFEST/F2_Seguridad_Entorno_Espacial/CSIS_Aerospace/articulos/CSIS_2019-02-20-how-does-space-policy-directive-4-reorganize-u-s-military-space-operations.json
data/raw/CODEFEST/F2_Seguridad_Entorno_Espacial/CSIS_Aerospace/articulos/CSIS_2019-03-01-is-the-white-house-planning-to-hold-the-space-station-hostage.json,.json,20.2,raw,DOC-0482,json,data/raw/CODEFEST/F2_Seguridad_Entorno_Espacial/CSIS_Aerospace/articulos/CSIS_2019-03-01-is-the-white-house-planning-to-hold-the-space-station-hostage.json
data/raw/CODEFEST/F2_Seguridad_Entorno_Espacial/CSIS_Aerospace/articulos/CSIS_2019-03-13-spaceports-of-the-world.json,.json,2.8,raw,DOC-0483,json,data/raw/CODEFEST/F2_Seguridad_Entorno_Espacial/CSIS_Aerospace/articulos/CSIS_2019-03-13-spaceports-of-the-world.json
data/raw/CODEFEST/F2_Seguridad_Entorno_Espacial/CSIS_Aerospace/articulos/CSIS_2019-04-04-deaf-dumb-blind-and-impotent-in-space.json,.json,6.1,raw,DOC-0484,json,data/raw/CODEFEST/F2_Seguridad_Entorno_Espacial/CSIS_Aerospace/articulos/CSIS_2019-04-04-deaf-dumb-blind-and-impotent-in-space.json
data/raw/CODEFEST/F2_Seguridad_Entorno_Espacial/CSIS_Aerospace/articulos/CSIS_2019-04-04-report-space-threat-assessment-2019.json,.json,4.5,raw,DOC-0485,json,data/raw/CODEFEST/F2_Seguridad_Entorno_Espacial/CSIS_Aerospace/articulos/CSIS_2019-04-04-report-space-threat-assessment-2019.json
data/raw/CODEFEST/F2_Seguridad_Entorno_Espacial/CSIS_Aerospace/articulos/CSIS_2019-04-04-space-threat-assessment-2019.json,.json,101.2,raw,DOC-0486,json,data/raw/CODEFEST/F2_Seguridad_Entorno_Espacial/CSIS_Aerospace/articulos/CSIS_2019-04-04-space-threat-assessment-2019.json
data/raw/CODEFEST/F2_Seguridad_Entorno_Espacial/CSIS_Aerospace/articulos/CSIS_2019-04-11-commanding-space-story-behind-the-space-force.json,.json,2.3,raw,DOC-0487,json,data/raw/CODEFEST/F2_Seguridad_Entorno_Espacial/CSIS_Aerospace/articulos/CSIS_2019-04-11-commanding-space-story-behind-the-space-force.json
data/raw/CODEFEST/F2_Seguridad_Entorno_Espacial/CSIS_Aerospace/articulos/CSIS_2019-04-25-congressional-testimony-china-in-space.json,.json,67.7,raw,DOC-0488,json,data/raw/CODEFEST/F2_Seguridad_Entorno_Espacial/CSIS_Aerospace/articulos/CSIS_2019-04-25-congressional-testimony-china-in-space.json
data/raw/CODEFEST/F2_Seguridad_Entorno_Espacial/CSIS_Aerospace/articulos/CSIS_2019-04-26-video-china-in-space-a-strategic-competition.json,.json,1.2,raw,DOC-0489,json,data/raw/CODEFEST/F2_Seguridad_Entorno_Espacial/CSIS_Aerospace/articulos/CSIS_2019-04-26-video-china-in-space-a-strategic-competition.json
data/raw/CODEFEST/F2_Seguridad_Entorno_Espacial/CSIS_Aerospace/articulos/CSIS_2019-06-27-space-force-or-space-corps-competing-visions-for-a-new-military-service.json,.json,0.9,raw,DOC-0490,json,data/raw/CODEFEST/F2_Seguridad_Entorno_Espacial/CSIS_Aerospace/articulos/CSIS_2019-06-27-space-force-or-space-corps-competing-visions-for-a-new-military-service.json
data/raw/CODEFEST/F2_Seguridad_Entorno_Espacial/CSIS_Aerospace/articulos/CSIS_2019-07-23-to-the-moon-in-five-years-understanding-nasas-artemis-program.json,.json,18.8,raw,DOC-0491,json,data/raw/CODEFEST/F2_Seguridad_Entorno_Espacial/CSIS_Aerospace/articulos/CSIS_2019-07-23-to-the-moon-in-five-years-understanding-nasas-artemis-program.json
data/raw/CODEFEST/F2_Seguridad_Entorno_Espacial/CSIS_Aerospace/articulos/CSIS_2019-07-30-the-risks-a-war-in-space-poses-for-nuclear-stability-on-earth.json,.json,2.3,raw,DOC-0492,json,data/raw/CODEFEST/F2_Seguridad_Entorno_Espacial/CSIS_Aerospace/articulos/CSIS_2019-07-30-the-risks-a-war-in-space-poses-for-nuclear-stability-on-earth.json
data/raw/CODEFEST/F2_Seguridad_Entorno_Espacial/CSIS_Aerospace/articulos/CSIS_2019-08-28-what-does-the-trump-administrations-new-memorandum-mean-for-nuclear-powere.json,.json,21.1,raw,DOC-0493,json,data/raw/CODEFEST/F2_Seguridad_Entorno_Espacial/CSIS_Aerospace/articulos/CSIS_2019-08-28-what-does-the-trump-administrations-new-memorandum-mean-for-nuclear-powere.json
data/raw/CODEFEST/F2_Seguridad_Entorno_Espacial/CSIS_Aerospace/articulos/CSIS_2019-10-29-report-the-air-force-of-the-future.json,.json,5.3,raw,DOC-0494,json,data/raw/CODEFEST/F2_Seguridad_Entorno_Espacial/CSIS_Aerospace/articulos/CSIS_2019-10-29-report-the-air-force-of-the-future.json
data/raw/CODEFEST/F2_Seguridad_Entorno_Espacial/CSIS_Aerospace/articulos/CSIS_2019-11-11-how-the-air-force-can-save-30-billion.json,.json,7.3,raw,DOC-0495,json,data/raw/CODEFEST/F2_Seguridad_Entorno_Espacial/CSIS_Aerospace/articulos/CSIS_2019-11-11-how-the-air-force-can-save-30-billion.json
data/raw/CODEFEST/F2_Seguridad_Entorno_Espacial/CSIS_Aerospace/articulos/CSIS_2019-11-18-the-air-force-digital-century-series-beyond-the-buzzwords.json,.json,5.2,raw,DOC-0496,json,data/raw/CODEFEST/F2_Seguridad_Entorno_Espacial/CSIS_Aerospace/articulos/CSIS_2019-11-18-the-air-force-digital-century-series-beyond-the-buzzwords.json
data/raw/CODEFEST/F2_Seguridad_Entorno_Espacial/CSIS_Aerospace/articulos/CSIS_2019-12-19-congress-approved-the-space-force-now-what.json,.json,4.3,raw,DOC-0497,json,data/raw/CODEFEST/F2_Seguridad_Entorno_Espacial/CSIS_Aerospace/articulos/CSIS_2019-12-19-congress-approved-the-space-force-now-what.json
data/raw/CODEFEST/F2_Seguridad_Entorno_Espacial/CSIS_Aerospace/articulos/CSIS_2020-03-29-a-foreword-to-space-threat-assessment-2020.json,.json,5.9,raw,DOC-0498,json,data/raw/CODEFEST/F2_Seguridad_Entorno_Espacial/CSIS_Aerospace/articulos/CSIS_2020-03-29-a-foreword-to-space-threat-assessment-2020.json
data/raw/CODEFEST/F2_Seguridad_Entorno_Espacial/CSIS_Aerospace/articulos/CSIS_2020-03-30-report-space-threat-assessment-2020.json,.json,4.1,raw,DOC-0499,json,data/raw/CODEFEST/F2_Seguridad_Entorno_Espacial/CSIS_Aerospace/articulos/CSIS_2020-03-30-report-space-threat-assessment-2020.json
data/raw/CODEFEST/F2_Seguridad_Entorno_Espacial/CSIS_Aerospace/articulos/CSIS_2020-03-30-space-threat-assessment-2020.json,.json,586.6,raw,DOC-0500,json,data/raw/CODEFEST/F2_Seguridad_Entorno_Espacial/CSIS_Aerospace/articulos/CSIS_2020-03-30-space-threat-assessment-2020.json
data/raw/CODEFEST/F2_Seguridad_Entorno_Espacial/CSIS_Aerospace/articulos/CSIS_2020-05-05-what-the-fcc-ligado-approval-means-for-u-s-military-systems.json,.json,17.7,raw,DOC-0501,json,data/raw/CODEFEST/F2_Seguridad_Entorno_Espacial/CSIS_Aerospace/articulos/CSIS_2020-05-05-what-the-fcc-ligado-approval-means-for-u-s-military-systems.json
data/raw/CODEFEST/F2_Seguridad_Entorno_Espacial/CSIS_Aerospace/articulos/CSIS_2020-05-15-itar-satellite-regulation.json,.json,328.1,raw,DOC-0502,json,data/raw/CODEFEST/F2_Seguridad_Entorno_Espacial/CSIS_Aerospace/articulos/CSIS_2020-05-15-itar-satellite-regulation.json
data/raw/CODEFEST/F2_Seguridad_Entorno_Espacial/CSIS_Aerospace/articulos/CSIS_2020-05-27-international-perspectives-on-space-weapons.json,.json,4.0,raw,DOC-0503,json,data/raw/CODEFEST/F2_Seguridad_Entorno_Espacial/CSIS_Aerospace/articulos/CSIS_2020-05-27-international-perspectives-on-space-weapons.json
data/raw/CODEFEST/F2_Seguridad_Entorno_Espacial/CSIS_Aerospace/articulos/CSIS_2020-06-24-challenges-and-opportunities-of-nigerias-space-policy.json,.json,289.7,raw,DOC-0504,json,data/raw/CODEFEST/F2_Seguridad_Entorno_Espacial/CSIS_Aerospace/articulos/CSIS_2020-06-24-challenges-and-opportunities-of-nigerias-space-policy.json
data/raw/CODEFEST/F2_Seguridad_Entorno_Espacial/CSIS_Aerospace/articulos/CSIS_2020-07-13-strategic-interest-in-cislunar-space-and-the-moon.json,.json,2.1,raw,DOC-0505,json,data/raw/CODEFEST/F2_Seguridad_Entorno_Espacial/CSIS_Aerospace/articulos/CSIS_2020-07-13-strategic-interest-in-cislunar-space-and-the-moon.json
data/raw/CODEFEST/F2_Seguridad_Entorno_Espacial/CSIS_Aerospace/articulos/CSIS_2020-09-01-key-governance-issues-in-space.json,.json,14.1,raw,DOC-0506,json,data/raw/CODEFEST/F2_Seguridad_Entorno_Espacial/CSIS_Aerospace/articulos/CSIS_2020-09-01-key-governance-issues-in-space.json
data/raw/CODEFEST/F2_Seguridad_Entorno_Espacial/CSIS_Aerospace/articulos/CSIS_2020-09-14-how-does-space-policy-directive-5-change-cybersecurity-principles-for-spac.json,.json,14.2,raw,DOC-0507,json,data/raw/CODEFEST/F2_Seguridad_Entorno_Espacial/CSIS_Aerospace/articulos/CSIS_2020-09-14-how-does-space-policy-directive-5-change-cybersecurity-principles-for-spac.json
data/raw/CODEFEST/F2_Seguridad_Entorno_Espacial/CSIS_Aerospace/articulos/CSIS_2020-10-15-exploring-insights-from-new-space-agencies.json,.json,5.8,raw,DOC-0508,json,data/raw/CODEFEST/F2_Seguridad_Entorno_Espacial/CSIS_Aerospace/articulos/CSIS_2020-10-15-exploring-insights-from-new-space-agencies.json
data/raw/CODEFEST/F2_Seguridad_Entorno_Espacial/CSIS_Aerospace/articulos/CSIS_2020-10-26-a-balance-of-instability-effects-of-a-direct-ascent-anti-satellite-weapons.json,.json,5.4,raw,DOC-0509,json,data/raw/CODEFEST/F2_Seguridad_Entorno_Espacial/CSIS_Aerospace/articulos/CSIS_2020-10-26-a-balance-of-instability-effects-of-a-direct-ascent-anti-satellite-weapons.json
data/raw/CODEFEST/F2_Seguridad_Entorno_Espacial/CSIS_Aerospace/articulos/CSIS_2020-10-29-cross-domain-competition-how-organizational-stovepipes-create-risks-for-sh.json,.json,3.6,raw,DOC-0510,json,data/raw/CODEFEST/F2_Seguridad_Entorno_Espacial/CSIS_Aerospace/articulos/CSIS_2020-10-29-cross-domain-competition-how-organizational-stovepipes-create-risks-for-sh.json
data/raw/CODEFEST/F2_Seguridad_Entorno_Espacial/CSIS_Aerospace/articulos/CSIS_2021-02-10-the-need-for-innovation-and-continuity-in-national-security-space-during-t.json,.json,2.4,raw,DOC-0511,json,data/raw/CODEFEST/F2_Seguridad_Entorno_Espacial/CSIS_Aerospace/articulos/CSIS_2021-02-10-the-need-for-innovation-and-continuity-in-national-security-space-during-t.json
data/raw/CODEFEST/F2_Seguridad_Entorno_Espacial/CSIS_Aerospace/articulos/CSIS_2021-02-10-to-infinity-and-beyond-civil-and-commercial-space-policy-in-the-biden-admi.json,.json,2.8,raw,DOC-0512,json,data/raw/CODEFEST/F2_Seguridad_Entorno_Espacial/CSIS_Aerospace/articulos/CSIS_2021-02-10-to-infinity-and-beyond-civil-and-commercial-space-policy-in-the-biden-admi.json
data/raw/CODEFEST/F2_Seguridad_Entorno_Espacial/CSIS_Aerospace/articulos/CSIS_2021-02-26-defense-against-the-dark-arts-in-space.json,.json,6.6,raw,DOC-0513,json,data/raw/CODEFEST/F2_Seguridad_Entorno_Espacial/CSIS_Aerospace/articulos/CSIS_2021-02-26-defense-against-the-dark-arts-in-space.json
data/raw/CODEFEST/F2_Seguridad_Entorno_Espacial/CSIS_Aerospace/articulos/CSIS_2021-03-03-rethinking-the-role-of-remotely-crewed-systems-in-the-future-force.json,.json,5.5,raw,DOC-0514,json,data/raw/CODEFEST/F2_Seguridad_Entorno_Espacial/CSIS_Aerospace/articulos/CSIS_2021-03-03-rethinking-the-role-of-remotely-crewed-systems-in-the-future-force.json
data/raw/CODEFEST/F2_Seguridad_Entorno_Espacial/CSIS_Aerospace/articulos/CSIS_2021-03-31-counterspace-timeline.json,.json,1.8,raw,DOC-0515,json,data/raw/CODEFEST/F2_Seguridad_Entorno_Espacial/CSIS_Aerospace/articulos/CSIS_2021-03-31-counterspace-timeline.json
data/raw/CODEFEST/F2_Seguridad_Entorno_Espacial/CSIS_Aerospace/articulos/CSIS_2021-04-01-space-threat-assessment-2021.json,.json,3.5,raw,DOC-0516,json,data/raw/CODEFEST/F2_Seguridad_Entorno_Espacial/CSIS_Aerospace/articulos/CSIS_2021-04-01-space-threat-assessment-2021.json
data/raw/CODEFEST/F2_Seguridad_Entorno_Espacial/CSIS_Aerospace/articulos/CSIS_2021-08-05-battle-networks-and-the-future-force.json,.json,6.0,raw,DOC-0517,json,data/raw/CODEFEST/F2_Seguridad_Entorno_Espacial/CSIS_Aerospace/articulos/CSIS_2021-08-05-battle-networks-and-the-future-force.json
data/raw/CODEFEST/F2_Seguridad_Entorno_Espacial/CSIS_Aerospace/articulos/CSIS_2021-09-16-on-orbit-servicing.json,.json,4.0,raw,DOC-0518,json,data/raw/CODEFEST/F2_Seguridad_Entorno_Espacial/CSIS_Aerospace/articulos/CSIS_2021-09-16-on-orbit-servicing.json
data/raw/CODEFEST/F2_Seguridad_Entorno_Espacial/CSIS_Aerospace/articulos/CSIS_2021-09-21-congressional-testimony-nasas-future-in-low-earth-orbit.json,.json,37.0,raw,DOC-0519,json,data/raw/CODEFEST/F2_Seguridad_Entorno_Espacial/CSIS_Aerospace/articulos/CSIS_2021-09-21-congressional-testimony-nasas-future-in-low-earth-orbit.json
data/raw/CODEFEST/F2_Seguridad_Entorno_Espacial/CSIS_Aerospace/articulos/CSIS_2021-11-03-battle-networks-and-the-future-force-part-2.json,.json,5.6,raw,DOC-0520,json,data/raw/CODEFEST/F2_Seguridad_Entorno_Espacial/CSIS_Aerospace/articulos/CSIS_2021-11-03-battle-networks-and-the-future-force-part-2.json
data/raw/CODEFEST/F2_Seguridad_Entorno_Espacial/CSIS_Aerospace/articulos/CSIS_2021-12-07-indian-space-policy-for-the-private-sector.json,.json,2.1,raw,DOC-0521,json,data/raw/CODEFEST/F2_Seguridad_Entorno_Espacial/CSIS_Aerospace/articulos/CSIS_2021-12-07-indian-space-policy-for-the-private-sector.json
data/raw/CODEFEST/F2_Seguridad_Entorno_Espacial/CSIS_Aerospace/articulos/CSIS_2022-01-11-asat-prisoners-dilemma.json,.json,29.3,raw,DOC-0522,json,data/raw/CODEFEST/F2_Seguridad_Entorno_Espacial/CSIS_Aerospace/articulos/CSIS_2022-01-11-asat-prisoners-dilemma.json
data/raw/CODEFEST/F2_Seguridad_Entorno_Espacial/CSIS_Aerospace/articulos/CSIS_2022-01-12-the-problem-of-orbital-debris.json,.json,13.7,raw,DOC-0523,json,data/raw/CODEFEST/F2_Seguridad_Entorno_Espacial/CSIS_Aerospace/articulos/CSIS_2022-01-12-the-problem-of-orbital-debris.json
data/raw/CODEFEST/F2_Seguridad_Entorno_Espacial/CSIS_Aerospace/articulos/CSIS_2022-02-02-commercial-space-remote-sensing-and-its-role-in-national-security.json,.json,3.1,raw,DOC-0524,json,data/raw/CODEFEST/F2_Seguridad_Entorno_Espacial/CSIS_Aerospace/articulos/CSIS_2022-02-02-commercial-space-remote-sensing-and-its-role-in-national-security.json
data/raw/CODEFEST/F2_Seguridad_Entorno_Espacial/CSIS_Aerospace/articulos/CSIS_2022-02-15-fly-me-to-the-moon-worldwide-cislunar-and-lunar-missions.json,.json,6.3,raw,DOC-0525,json,data/raw/CODEFEST/F2_Seguridad_Entorno_Espacial/CSIS_Aerospace/articulos/CSIS_2022-02-15-fly-me-to-the-moon-worldwide-cislunar-and-lunar-missions.json
data/raw/CODEFEST/F2_Seguridad_Entorno_Espacial/CSIS_Aerospace/articulos/CSIS_2022-03-04-battle-networks-and-the-future-force-part-3.json,.json,3.0,raw,DOC-0526,json,data/raw/CODEFEST/F2_Seguridad_Entorno_Espacial/CSIS_Aerospace/articulos/CSIS_2022-03-04-battle-networks-and-the-future-force-part-3.json
data/raw/CODEFEST/F2_Seguridad_Entorno_Espacial/CSIS_Aerospace/articulos/CSIS_2022-03-04-battlenetworks.json,.json,3.9,raw,DOC-0527,json,data/raw/CODEFEST/F2_Seguridad_Entorno_Espacial/CSIS_Aerospace/articulos/CSIS_2022-03-04-battlenetworks.json
data/raw/CODEFEST/F2_Seguridad_Entorno_Espacial/CSIS_Aerospace/articulos/CSIS_2022-04-04-space-threat-assessment-2022.json,.json,4.9,raw,DOC-0528,json,data/raw/CODEFEST/F2_Seguridad_Entorno_Espacial/CSIS_Aerospace/articulos/CSIS_2022-04-04-space-threat-assessment-2022.json
data/raw/CODEFEST/F2_Seguridad_Entorno_Espacial/CSIS_Aerospace/articulos/CSIS_2022-06-02-save-the-last-dance-for-the-international-space-station.json,.json,20.3,raw,DOC-0529,json,data/raw/CODEFEST/F2_Seguridad_Entorno_Espacial/CSIS_Aerospace/articulos/CSIS_2022-06-02-save-the-last-dance-for-the-international-space-station.json
data/raw/CODEFEST/F2_Seguridad_Entorno_Espacial/CSIS_Aerospace/articulos/CSIS_2022-07-25-the-private-sectors-assessment-of-u-s-space-policy-and-law.json,.json,230.0,raw,DOC-0530,json,data/raw/CODEFEST/F2_Seguridad_Entorno_Espacial/CSIS_Aerospace/articulos/CSIS_2022-07-25-the-private-sectors-assessment-of-u-s-space-policy-and-law.json
data/raw/CODEFEST/F2_Seguridad_Entorno_Espacial/CSIS_Aerospace/articulos/CSIS_2022-12-14-low-orbit-high-stakes-all-in-on-the-leo-broadband-competition.json,.json,3.3,raw,DOC-0531,json,data/raw/CODEFEST/F2_Seguridad_Entorno_Espacial/CSIS_Aerospace/articulos/CSIS_2022-12-14-low-orbit-high-stakes-all-in-on-the-leo-broadband-competition.json
data/raw/CODEFEST/F2_Seguridad_Entorno_Espacial/CSIS_Aerospace/articulos/CSIS_2022-12-22-us-space-force-primer.json,.json,423.1,raw,DOC-0532,json,data/raw/CODEFEST/F2_Seguridad_Entorno_Espacial/CSIS_Aerospace/articulos/CSIS_2022-12-22-us-space-force-primer.json
data/raw/CODEFEST/F2_Seguridad_Entorno_Espacial/CSIS_Aerospace/articulos/CSIS_2023-01-13-u-s-space-based-nuclear-command-and-control-a-guide.json,.json,2.8,raw,DOC-0533,json,data/raw/CODEFEST/F2_Seguridad_Entorno_Espacial/CSIS_Aerospace/articulos/CSIS_2023-01-13-u-s-space-based-nuclear-command-and-control-a-guide.json
data/raw/CODEFEST/F2_Seguridad_Entorno_Espacial/CSIS_Aerospace/articulos/CSIS_2023-02-02-congressional-testimony-launching-into-the-state-of-the-satellite-marketpl.json,.json,6.0,raw,DOC-0534,json,data/raw/CODEFEST/F2_Seguridad_Entorno_Espacial/CSIS_Aerospace/articulos/CSIS_2023-02-02-congressional-testimony-launching-into-the-state-of-the-satellite-marketpl.json
data/raw/CODEFEST/F2_Seguridad_Entorno_Espacial/CSIS_Aerospace/articulos/CSIS_2023-04-14-space-threat-assessment-2023.json,.json,6.4,raw,DOC-0535,json,data/raw/CODEFEST/F2_Seguridad_Entorno_Espacial/CSIS_Aerospace/articulos/CSIS_2023-04-14-space-threat-assessment-2023.json
data/raw/CODEFEST/F2_Seguridad_Entorno_Espacial/CSIS_Aerospace/articulos/CSIS_2023-05-30-does-the-fy24-budget-request-reflect-defense-priorities.json,.json,12.4,raw,DOC-0536,json,data/raw/CODEFEST/F2_Seguridad_Entorno_Espacial/CSIS_Aerospace/articulos/CSIS_2023-05-30-does-the-fy24-budget-request-reflect-defense-priorities.json
data/raw/CODEFEST/F2_Seguridad_Entorno_Espacial/CSIS_Aerospace/articulos/CSIS_2023-08-30-another-leap-forward-indias-historic-moon-landing-and-the-space-competitio.json,.json,18.2,raw,DOC-0537,json,data/raw/CODEFEST/F2_Seguridad_Entorno_Espacial/CSIS_Aerospace/articulos/CSIS_2023-08-30-another-leap-forward-indias-historic-moon-landing-and-the-space-competitio.json
data/raw/CODEFEST/F2_Seguridad_Entorno_Espacial/CSIS_Aerospace/articulos/CSIS_2024-01-11-mission-authorization-decoding-the-space-policy-dilemma.json,.json,21.6,raw,DOC-0538,json,data/raw/CODEFEST/F2_Seguridad_Entorno_Espacial/CSIS_Aerospace/articulos/CSIS_2024-01-11-mission-authorization-decoding-the-space-policy-dilemma.json
data/raw/CODEFEST/F2_Seguridad_Entorno_Espacial/CSIS_Aerospace/articulos/CSIS_2024-01-19-no-place-to-hide-a-look-into-chinas-geosynchronous-surveillance-capabiliti.json,.json,23.4,raw,DOC-0539,json,data/raw/CODEFEST/F2_Seguridad_Entorno_Espacial/CSIS_Aerospace/articulos/CSIS_2024-01-19-no-place-to-hide-a-look-into-chinas-geosynchronous-surveillance-capabiliti.json
data/raw/CODEFEST/F2_Seguridad_Entorno_Espacial/CSIS_Aerospace/articulos/CSIS_2024-03-12-the-pitfalls-of-labeling-whole-space-missions-as-inherently-governmental.json,.json,15.2,raw,DOC-0540,json,data/raw/CODEFEST/F2_Seguridad_Entorno_Espacial/CSIS_Aerospace/articulos/CSIS_2024-03-12-the-pitfalls-of-labeling-whole-space-missions-as-inherently-governmental.json
data/raw/CODEFEST/F2_Seguridad_Entorno_Espacial/CSIS_Aerospace/articulos/CSIS_2024-03-14-the-evolution-of-french-space-security.json,.json,2.6,raw,DOC-0541,json,data/raw/CODEFEST/F2_Seguridad_Entorno_Espacial/CSIS_Aerospace/articulos/CSIS_2024-03-14-the-evolution-of-french-space-security.json
data/raw/CODEFEST/F2_Seguridad_Entorno_Espacial/CSIS_Aerospace/articulos/CSIS_2024-04-17-space-threat-assessment-2024.json,.json,2.3,raw,DOC-0542,json,data/raw/CODEFEST/F2_Seguridad_Entorno_Espacial/CSIS_Aerospace/articulos/CSIS_2024-04-17-space-threat-assessment-2024.json
data/raw/CODEFEST/F2_Seguridad_Entorno_Espacial/CSIS_Aerospace/articulos/CSIS_2024-05-06-u-s-civil-space-primer.json,.json,3.9,raw,DOC-0543,json,data/raw/CODEFEST/F2_Seguridad_Entorno_Espacial/CSIS_Aerospace/articulos/CSIS_2024-05-06-u-s-civil-space-primer.json
data/raw/CODEFEST/F2_Seguridad_Entorno_Espacial/CSIS_Aerospace/articulos/CSIS_2024-05-15-2024-priorities-for-the-intelligence-community.json,.json,57.1,raw,DOC-0544,json,data/raw/CODEFEST/F2_Seguridad_Entorno_Espacial/CSIS_Aerospace/articulos/CSIS_2024-05-15-2024-priorities-for-the-intelligence-community.json
data/raw/CODEFEST/F2_Seguridad_Entorno_Espacial/CSIS_Aerospace/articulos/CSIS_2024-05-17-pedal-to-the-metal-accelerating-pentagon-integration-of-commercial-space.json,.json,21.5,raw,DOC-0545,json,data/raw/CODEFEST/F2_Seguridad_Entorno_Espacial/CSIS_Aerospace/articulos/CSIS_2024-05-17-pedal-to-the-metal-accelerating-pentagon-integration-of-commercial-space.json
data/raw/CODEFEST/F2_Seguridad_Entorno_Espacial/CSIS_Aerospace/articulos/CSIS_2024-06-28-is-there-a-path-to-counter-russias-space-weapons.json,.json,34.2,raw,DOC-0546,json,data/raw/CODEFEST/F2_Seguridad_Entorno_Espacial/CSIS_Aerospace/articulos/CSIS_2024-06-28-is-there-a-path-to-counter-russias-space-weapons.json
data/raw/CODEFEST/F2_Seguridad_Entorno_Espacial/CSIS_Aerospace/articulos/CSIS_2024-07-09-what-can-we-learn-from-ariane-for-future-space-partnerships.json,.json,17.1,raw,DOC-0547,json,data/raw/CODEFEST/F2_Seguridad_Entorno_Espacial/CSIS_Aerospace/articulos/CSIS_2024-07-09-what-can-we-learn-from-ariane-for-future-space-partnerships.json
data/raw/CODEFEST/F2_Seguridad_Entorno_Espacial/CSIS_Aerospace/articulos/CSIS_2024-07-30-why-did-china-and-russia-stage-a-joint-bomber-exercise-near-alaska.json,.json,26.9,raw,DOC-0548,json,data/raw/CODEFEST/F2_Seguridad_Entorno_Espacial/CSIS_Aerospace/articulos/CSIS_2024-07-30-why-did-china-and-russia-stage-a-joint-bomber-exercise-near-alaska.json
data/raw/CODEFEST/F2_Seguridad_Entorno_Espacial/CSIS_Aerospace/articulos/CSIS_2024-08-19-why-hasnt-starliner-returned.json,.json,21.0,raw,DOC-0549,json,data/raw/CODEFEST/F2_Seguridad_Entorno_Espacial/CSIS_Aerospace/articulos/CSIS_2024-08-19-why-hasnt-starliner-returned.json
data/raw/CODEFEST/F2_Seguridad_Entorno_Espacial/CSIS_Aerospace/articulos/CSIS_2024-08-23-from-earth-to-uchu-japanese-translation-e59cb0e79083e3818be38289e5ae87e5ae.json,.json,2.2,raw,DOC-0550,json,data/raw/CODEFEST/F2_Seguridad_Entorno_Espacial/CSIS_Aerospace/articulos/CSIS_2024-08-23-from-earth-to-uchu-japanese-translation-e59cb0e79083e3818be38289e5ae87e5ae.json
data/raw/CODEFEST/F2_Seguridad_Entorno_Espacial/CSIS_Aerospace/articulos/CSIS_2024-08-23-from-earth-to-uchu-the-evolution-of-japans-space-security-policy-and-a-blu.json,.json,4.2,raw,DOC-0551,json,data/raw/CODEFEST/F2_Seguridad_Entorno_Espacial/CSIS_Aerospace/articulos/CSIS_2024-08-23-from-earth-to-uchu-the-evolution-of-japans-space-security-policy-and-a-blu.json
data/raw/CODEFEST/F2_Seguridad_Entorno_Espacial/CSIS_Aerospace/articulos/CSIS_2024-10-01-gold-rush-the-2024-commercial-remote-sensing-global-rankings.json,.json,2.7,raw,DOC-0552,json,data/raw/CODEFEST/F2_Seguridad_Entorno_Espacial/CSIS_Aerospace/articulos/CSIS_2024-10-01-gold-rush-the-2024-commercial-remote-sensing-global-rankings.json
data/raw/CODEFEST/F2_Seguridad_Entorno_Espacial/CSIS_Aerospace/articulos/CSIS_2024-10-21-salmon-swimming-upstream-charting-a-course-in-cislunar-space.json,.json,2.7,raw,DOC-0553,json,data/raw/CODEFEST/F2_Seguridad_Entorno_Espacial/CSIS_Aerospace/articulos/CSIS_2024-10-21-salmon-swimming-upstream-charting-a-course-in-cislunar-space.json
data/raw/CODEFEST/F2_Seguridad_Entorno_Espacial/CSIS_Aerospace/articulos/CSIS_2024-10-31-space-in-focus.json,.json,4.6,raw,DOC-0554,json,data/raw/CODEFEST/F2_Seguridad_Entorno_Espacial/CSIS_Aerospace/articulos/CSIS_2024-10-31-space-in-focus.json
data/raw/CODEFEST/F2_Seguridad_Entorno_Espacial/CSIS_Aerospace/articulos/CSIS_2024-11-08-why-did-south-korea-create-a-new-space-agency.json,.json,2.9,raw,DOC-0555,json,data/raw/CODEFEST/F2_Seguridad_Entorno_Espacial/CSIS_Aerospace/articulos/CSIS_2024-11-08-why-did-south-korea-create-a-new-space-agency.json
data/raw/CODEFEST/F2_Seguridad_Entorno_Espacial/CSIS_Aerospace/articulos/CSIS_2025-03-05-protecting-the-homeland-the-iron-dome-for-america.json,.json,2.2,raw,DOC-0556,json,data/raw/CODEFEST/F2_Seguridad_Entorno_Espacial/CSIS_Aerospace/articulos/CSIS_2025-03-05-protecting-the-homeland-the-iron-dome-for-america.json
data/raw/CODEFEST/F2_Seguridad_Entorno_Espacial/CSIS_Aerospace/articulos/CSIS_2025-03-14-bringing-the-private-sector-to-space.json,.json,5.3,raw,DOC-0557,json,data/raw/CODEFEST/F2_Seguridad_Entorno_Espacial/CSIS_Aerospace/articulos/CSIS_2025-03-14-bringing-the-private-sector-to-space.json
data/raw/CODEFEST/F2_Seguridad_Entorno_Espacial/CSIS_Aerospace/articulos/CSIS_2025-03-14-missile-technology-control-regime-reform-key-changes-and-next-steps.json,.json,33.3,raw,DOC-0558,json,data/raw/CODEFEST/F2_Seguridad_Entorno_Espacial/CSIS_Aerospace/articulos/CSIS_2025-03-14-missile-technology-control-regime-reform-key-changes-and-next-steps.json
data/raw/CODEFEST/F2_Seguridad_Entorno_Espacial/CSIS_Aerospace/articulos/CSIS_2025-03-14-why-should-the-united-states-prioritize-mars.json,.json,22.4,raw,DOC-0559,json,data/raw/CODEFEST/F2_Seguridad_Entorno_Espacial/CSIS_Aerospace/articulos/CSIS_2025-03-14-why-should-the-united-states-prioritize-mars.json
data/raw/CODEFEST/F2_Seguridad_Entorno_Espacial/CSIS_Aerospace/articulos/CSIS_2025-03-17-u-s-leadership-in-lunar-spectrum-policy.json,.json,3.9,raw,DOC-0560,json,data/raw/CODEFEST/F2_Seguridad_Entorno_Espacial/CSIS_Aerospace/articulos/CSIS_2025-03-17-u-s-leadership-in-lunar-spectrum-policy.json
data/raw/CODEFEST/F2_Seguridad_Entorno_Espacial/CSIS_Aerospace/articulos/CSIS_2025-04-10-next-steps-for-the-u-s-japan-space-alliance.json,.json,15.4,raw,DOC-0561,json,data/raw/CODEFEST/F2_Seguridad_Entorno_Espacial/CSIS_Aerospace/articulos/CSIS_2025-04-10-next-steps-for-the-u-s-japan-space-alliance.json
data/raw/CODEFEST/F2_Seguridad_Entorno_Espacial/CSIS_Aerospace/articulos/CSIS_2025-04-10-the-future-of-military-power-is-space-power.json,.json,27.1,raw,DOC-0562,json,data/raw/CODEFEST/F2_Seguridad_Entorno_Espacial/CSIS_Aerospace/articulos/CSIS_2025-04-10-the-future-of-military-power-is-space-power.json
data/raw/CODEFEST/F2_Seguridad_Entorno_Espacial/CSIS_Aerospace/articulos/CSIS_2025-04-25-space-threat-assessment-2025.json,.json,4.3,raw,DOC-0563,json,data/raw/CODEFEST/F2_Seguridad_Entorno_Espacial/CSIS_Aerospace/articulos/CSIS_2025-04-25-space-threat-assessment-2025.json
data/raw/CODEFEST/F2_Seguridad_Entorno_Espacial/CSIS_Aerospace/articulos/CSIS_2025-10-06-what-will-international-partnerships-look-like-post-international-space-st.json,.json,1.5,raw,DOC-0564,json,data/raw/CODEFEST/F2_Seguridad_Entorno_Espacial/CSIS_Aerospace/articulos/CSIS_2025-10-06-what-will-international-partnerships-look-like-post-international-space-st.json
data/raw/CODEFEST/F2_Seguridad_Entorno_Espacial/CSIS_Aerospace/articulos/CSIS_2026-04-20-artemis-rewritten-nasas-new-moon-plan-its-risks-and-whether-the-u-s-can-st.json,.json,3.5,raw,DOC-0565,json,data/raw/CODEFEST/F2_Seguridad_Entorno_Espacial/CSIS_Aerospace/articulos/CSIS_2026-04-20-artemis-rewritten-nasas-new-moon-plan-its-risks-and-whether-the-u-s-can-st.json
data/raw/CODEFEST/F2_Seguridad_Entorno_Espacial/CSIS_Aerospace/articulos/CSIS_july-22-2-space-threat-assessment-2023.json,.json,0.9,raw,DOC-0566,json,data/raw/CODEFEST/F2_Seguridad_Entorno_Espacial/CSIS_Aerospace/articulos/CSIS_july-22-2-space-threat-assessment-2023.json
data/raw/CODEFEST/F2_Seguridad_Entorno_Espacial/CSIS_Aerospace/csis_pdfs/CSIS_catalog-2.csv,.csv,1.0,raw,DOC-0567,csv,data/raw/CODEFEST/F2_Seguridad_Entorno_Espacial/CSIS_Aerospace/csis_pdfs/CSIS_catalog-2.csv
data/raw/CODEFEST/F2_Seguridad_Entorno_Espacial/CSIS_Aerospace/csis_pdfs/CSIS_catalog-2.json,.json,1.5,raw,DOC-0568,json,data/raw/CODEFEST/F2_Seguridad_Entorno_Espacial/CSIS_Aerospace/csis_pdfs/CSIS_catalog-2.json
data/raw/CODEFEST/F2_Seguridad_Entorno_Espacial/CSIS_Aerospace/pdfs_full/.DS_Store,,6.0,raw,DOC-0569,,data/raw/CODEFEST/F2_Seguridad_Entorno_Espacial/CSIS_Aerospace/pdfs_full/.DS_Store
data/raw/CODEFEST/F2_Seguridad_Entorno_Espacial/CSIS_Aerospace/pdfs_full/Otros/CSIS_0103space.pdf,.pdf,220.8,raw,DOC-0570,pdf,data/raw/CODEFEST/F2_Seguridad_Entorno_Espacial/CSIS_Aerospace/pdfs_full/Otros/CSIS_0103space.pdf
data/raw/CODEFEST/F2_Seguridad_Entorno_Espacial/CSIS_Aerospace/pdfs_full/Otros/CSIS_032321-harrisonjohnsonyoung-defenseagainstdarkartsinspace-report-update-compressed.pdf,.pdf,17801.1,raw,DOC-0571,pdf,data/raw/CODEFEST/F2_Seguridad_Entorno_Espacial/CSIS_Aerospace/pdfs_full/Otros/CSIS_032321-harrisonjohnsonyoung-defenseagainstdarkartsinspace-report-update-compressed.pdf
data/raw/CODEFEST/F2_Seguridad_Entorno_Espacial/CSIS_Aerospace/pdfs_full/Otros/CSIS_05172018-babin-opening-leo.pdf,.pdf,227.2,raw,DOC-0572,pdf,data/raw/CODEFEST/F2_Seguridad_Entorno_Espacial/CSIS_Aerospace/pdfs_full/Otros/CSIS_05172018-babin-opening-leo.pdf
data/raw/CODEFEST/F2_Seguridad_Entorno_Espacial/CSIS_Aerospace/pdfs_full/Otros/CSIS_130223-mv-spacenuclearanalysis.pdf,.pdf,426.5,raw,DOC-0573,pdf,data/raw/CODEFEST/F2_Seguridad_Entorno_Espacial/CSIS_Aerospace/pdfs_full/Otros/CSIS_130223-mv-spacenuclearanalysis.pdf
data/raw/CODEFEST/F2_Seguridad_Entorno_Espacial/CSIS_Aerospace/pdfs_full/Otros/CSIS_181017-usmissiledefense.pdf,.pdf,69.4,raw,DOC-0574,pdf,data/raw/CODEFEST/F2_Seguridad_Entorno_Espacial/CSIS_Aerospace/pdfs_full/Otros/CSIS_181017-usmissiledefense.pdf
data/raw/CODEFEST/F2_Seguridad_Entorno_Espacial/CSIS_Aerospace/pdfs_full/Otros/CSIS_181018-roberts-24satellitesmissiledefense.pdf,.pdf,1053.4,raw,DOC-0575,pdf,data/raw/CODEFEST/F2_Seguridad_Entorno_Espacial/CSIS_Aerospace/pdfs_full/Otros/CSIS_181018-roberts-24satellitesmissiledefense.pdf
data/raw/CODEFEST/F2_Seguridad_Entorno_Espacial/CSIS_Aerospace/pdfs_full/Otros/CSIS_181119-harrison-spaceforce-layout-final.pdf,.pdf,2103.2,raw,DOC-0576,pdf,data/raw/CODEFEST/F2_Seguridad_Entorno_Espacial/CSIS_Aerospace/pdfs_full/Otros/CSIS_181119-harrison-spaceforce-layout-final.pdf
data/raw/CODEFEST/F2_Seguridad_Entorno_Espacial/CSIS_Aerospace/pdfs_full/Otros/CSIS_190313-spaceportsoftheworld.pdf,.pdf,22047.4,raw,DOC-0577,pdf,data/raw/CODEFEST/F2_Seguridad_Entorno_Espacial/CSIS_Aerospace/pdfs_full/Otros/CSIS_190313-spaceportsoftheworld.pdf
data/raw/CODEFEST/F2_Seguridad_Entorno_Espacial/CSIS_Aerospace/pdfs_full/Otros/CSIS_190425-harrison-chinaspace.pdf,.pdf,832.0,raw,DOC-0578,pdf,data/raw/CODEFEST/F2_Seguridad_Entorno_Espacial/CSIS_Aerospace/pdfs_full/Otros/CSIS_190425-harrison-chinaspace.pdf
data/raw/CODEFEST/F2_Seguridad_Entorno_Espacial/CSIS_Aerospace/pdfs_full/Otros/CSIS_190626-johnson-spaceforcelegislation-layout-v1.pdf,.pdf,1516.8,raw,DOC-0579,pdf,data/raw/CODEFEST/F2_Seguridad_Entorno_Espacial/CSIS_Aerospace/pdfs_full/Otros/CSIS_190626-johnson-spaceforcelegislation-layout-v1.pdf
data/raw/CODEFEST/F2_Seguridad_Entorno_Espacial/CSIS_Aerospace/pdfs_full/Otros/CSIS_191029-harrison-airforceofthefuture-web4.pdf,.pdf,4602.1,raw,DOC-0580,pdf,data/raw/CODEFEST/F2_Seguridad_Entorno_Espacial/CSIS_Aerospace/pdfs_full/Otros/CSIS_191029-harrison-airforceofthefuture-web4.pdf
data/raw/CODEFEST/F2_Seguridad_Entorno_Espacial/CSIS_Aerospace/pdfs_full/Otros/CSIS_191107-dwyer-beyondthebuzzwords-final.pdf,.pdf,942.4,raw,DOC-0581,pdf,data/raw/CODEFEST/F2_Seguridad_Entorno_Espacial/CSIS_Aerospace/pdfs_full/Otros/CSIS_191107-dwyer-beyondthebuzzwords-final.pdf
data/raw/CODEFEST/F2_Seguridad_Entorno_Espacial/CSIS_Aerospace/pdfs_full/Otros/CSIS_20160005961.pdf,.pdf,460.6,raw,DOC-0582,pdf,data/raw/CODEFEST/F2_Seguridad_Entorno_Espacial/CSIS_Aerospace/pdfs_full/Otros/CSIS_20160005961.pdf
data/raw/CODEFEST/F2_Seguridad_Entorno_Espacial/CSIS_Aerospace/pdfs_full/Otros/CSIS_2020-gwu-exploringinsights-final-2nd-edits-101920-compressed.pdf,.pdf,987.9,raw,DOC-0583,pdf,data/raw/CODEFEST/F2_Seguridad_Entorno_Espacial/CSIS_Aerospace/pdfs_full/Otros/CSIS_2020-gwu-exploringinsights-final-2nd-edits-101920-compressed.pdf
data/raw/CODEFEST/F2_Seguridad_Entorno_Espacial/CSIS_Aerospace/pdfs_full/Otros/CSIS_20200714-kaplan-cislunar-final.pdf,.pdf,528.3,raw,DOC-0584,pdf,data/raw/CODEFEST/F2_Seguridad_Entorno_Espacial/CSIS_Aerospace/pdfs_full/Otros/CSIS_20200714-kaplan-cislunar-final.pdf
data/raw/CODEFEST/F2_Seguridad_Entorno_Espacial/CSIS_Aerospace/pdfs_full/Otros/CSIS_20210914-duke-osam.pdf,.pdf,434.5,raw,DOC-0585,pdf,data/raw/CODEFEST/F2_Seguridad_Entorno_Espacial/CSIS_Aerospace/pdfs_full/Otros/CSIS_20210914-duke-osam.pdf
data/raw/CODEFEST/F2_Seguridad_Entorno_Espacial/CSIS_Aerospace/pdfs_full/Otros/CSIS_2022-02-04-china-russia-joint-statement-international-relations-entering-a-new-era.pdf,.pdf,193.5,raw,DOC-0586,pdf,data/raw/CODEFEST/F2_Seguridad_Entorno_Espacial/CSIS_Aerospace/pdfs_full/Otros/CSIS_2022-02-04-china-russia-joint-statement-international-relations-entering-a-new-era.pdf
data/raw/CODEFEST/F2_Seguridad_Entorno_Espacial/CSIS_Aerospace/pdfs_full/Otros/CSIS_2022-iss-transition-report-final-tagged.pdf,.pdf,6005.4,raw,DOC-0587,pdf,data/raw/CODEFEST/F2_Seguridad_Entorno_Espacial/CSIS_Aerospace/pdfs_full/Otros/CSIS_2022-iss-transition-report-final-tagged.pdf
data/raw/CODEFEST/F2_Seguridad_Entorno_Espacial/CSIS_Aerospace/pdfs_full/Otros/CSIS_2022-national-defense-strategy-npr-mdr.pdf,.pdf,8234.0,raw,DOC-0588,pdf,data/raw/CODEFEST/F2_Seguridad_Entorno_Espacial/CSIS_Aerospace/pdfs_full/Otros/CSIS_2022-national-defense-strategy-npr-mdr.pdf
data/raw/CODEFEST/F2_Seguridad_Entorno_Espacial/CSIS_Aerospace/pdfs_full/Otros/CSIS_20230202-testimony-to-house-e-c-comms-and-tech-subcomm-csis-bingen.pdf,.pdf,590.0,raw,DOC-0589,pdf,data/raw/CODEFEST/F2_Seguridad_Entorno_Espacial/CSIS_Aerospace/pdfs_full/Otros/CSIS_20230202-testimony-to-house-e-c-comms-and-tech-subcomm-csis-bingen.pdf
data/raw/CODEFEST/F2_Seguridad_Entorno_Espacial/CSIS_Aerospace/pdfs_full/Otros/CSIS_2024-24091.pdf,.pdf,432.2,raw,DOC-0590,pdf,data/raw/CODEFEST/F2_Seguridad_Entorno_Espacial/CSIS_Aerospace/pdfs_full/Otros/CSIS_2024-24091.pdf
data/raw/CODEFEST/F2_Seguridad_Entorno_Espacial/CSIS_Aerospace/pdfs_full/Otros/CSIS_2024-architecture-executive-overview.pdf,.pdf,16757.2,raw,DOC-0591,pdf,data/raw/CODEFEST/F2_Seguridad_Entorno_Espacial/CSIS_Aerospace/pdfs_full/Otros/CSIS_2024-architecture-executive-overview.pdf
data/raw/CODEFEST/F2_Seguridad_Entorno_Espacial/CSIS_Aerospace/pdfs_full/Otros/CSIS_2024-dod-commercial-space-integration-strategy.pdf,.pdf,1702.1,raw,DOC-0592,pdf,data/raw/CODEFEST/F2_Seguridad_Entorno_Espacial/CSIS_Aerospace/pdfs_full/Otros/CSIS_2024-dod-commercial-space-integration-strategy.pdf
data/raw/CODEFEST/F2_Seguridad_Entorno_Espacial/CSIS_Aerospace/pdfs_full/Otros/CSIS_210303-harrison-crewed-systems.pdf,.pdf,1053.7,raw,DOC-0593,pdf,data/raw/CODEFEST/F2_Seguridad_Entorno_Espacial/CSIS_Aerospace/pdfs_full/Otros/CSIS_210303-harrison-crewed-systems.pdf
data/raw/CODEFEST/F2_Seguridad_Entorno_Espacial/CSIS_Aerospace/pdfs_full/Otros/CSIS_210709-weitz-chinese-russian-exercises.pdf,.pdf,143.8,raw,DOC-0594,pdf,data/raw/CODEFEST/F2_Seguridad_Entorno_Espacial/CSIS_Aerospace/pdfs_full/Otros/CSIS_210709-weitz-chinese-russian-exercises.pdf
data/raw/CODEFEST/F2_Seguridad_Entorno_Espacial/CSIS_Aerospace/pdfs_full/Otros/CSIS_210805-harrison-battlenetworks-partone.pdf,.pdf,526.5,raw,DOC-0595,pdf,data/raw/CODEFEST/F2_Seguridad_Entorno_Espacial/CSIS_Aerospace/pdfs_full/Otros/CSIS_210805-harrison-battlenetworks-partone.pdf
data/raw/CODEFEST/F2_Seguridad_Entorno_Espacial/CSIS_Aerospace/pdfs_full/Otros/CSIS_211103-harrison-battle-networks-part2-compressed.pdf,.pdf,280.8,raw,DOC-0596,pdf,data/raw/CODEFEST/F2_Seguridad_Entorno_Espacial/CSIS_Aerospace/pdfs_full/Otros/CSIS_211103-harrison-battle-networks-part2-compressed.pdf
data/raw/CODEFEST/F2_Seguridad_Entorno_Espacial/CSIS_Aerospace/pdfs_full/Otros/CSIS_220202-harrison-commercial-space-compressed.pdf,.pdf,501.2,raw,DOC-0597,pdf,data/raw/CODEFEST/F2_Seguridad_Entorno_Espacial/CSIS_Aerospace/pdfs_full/Otros/CSIS_220202-harrison-commercial-space-compressed.pdf
data/raw/CODEFEST/F2_Seguridad_Entorno_Espacial/CSIS_Aerospace/pdfs_full/Otros/CSIS_220215-johnson-flyme-moon-web.pdf,.pdf,3230.7,raw,DOC-0598,pdf,data/raw/CODEFEST/F2_Seguridad_Entorno_Espacial/CSIS_Aerospace/pdfs_full/Otros/CSIS_220215-johnson-flyme-moon-web.pdf
data/raw/CODEFEST/F2_Seguridad_Entorno_Espacial/CSIS_Aerospace/pdfs_full/Otros/CSIS_221214-young-loworbit-highstakes-min.pdf,.pdf,586.1,raw,DOC-0599,pdf,data/raw/CODEFEST/F2_Seguridad_Entorno_Espacial/CSIS_Aerospace/pdfs_full/Otros/CSIS_221214-young-loworbit-highstakes-min.pdf
data/raw/CODEFEST/F2_Seguridad_Entorno_Espacial/CSIS_Aerospace/pdfs_full/Otros/CSIS_240314-young-french-space.pdf,.pdf,1931.4,raw,DOC-0600,pdf,data/raw/CODEFEST/F2_Seguridad_Entorno_Espacial/CSIS_Aerospace/pdfs_full/Otros/CSIS_240314-young-french-space.pdf
data/raw/CODEFEST/F2_Seguridad_Entorno_Espacial/CSIS_Aerospace/pdfs_full/Otros/CSIS_240417-swope-space-threat-0.pdf,.pdf,14312.8,raw,DOC-0601,pdf,data/raw/CODEFEST/F2_Seguridad_Entorno_Espacial/CSIS_Aerospace/pdfs_full/Otros/CSIS_240417-swope-space-threat-0.pdf
data/raw/CODEFEST/F2_Seguridad_Entorno_Espacial/CSIS_Aerospace/pdfs_full/Otros/CSIS_240503-stewart-nuclear-option.pdf,.pdf,197.2,raw,DOC-0602,pdf,data/raw/CODEFEST/F2_Seguridad_Entorno_Espacial/CSIS_Aerospace/pdfs_full/Otros/CSIS_240503-stewart-nuclear-option.pdf
data/raw/CODEFEST/F2_Seguridad_Entorno_Espacial/CSIS_Aerospace/pdfs_full/Otros/CSIS_240823-bingen-earth-uchu-min.pdf,.pdf,1274.4,raw,DOC-0603,pdf,data/raw/CODEFEST/F2_Seguridad_Entorno_Espacial/CSIS_Aerospace/pdfs_full/Otros/CSIS_240823-bingen-earth-uchu-min.pdf
data/raw/CODEFEST/F2_Seguridad_Entorno_Espacial/CSIS_Aerospace/pdfs_full/Otros/CSIS_241001-bingen-gold-rush-min.pdf,.pdf,1499.7,raw,DOC-0604,pdf,data/raw/CODEFEST/F2_Seguridad_Entorno_Espacial/CSIS_Aerospace/pdfs_full/Otros/CSIS_241001-bingen-gold-rush-min.pdf
data/raw/CODEFEST/F2_Seguridad_Entorno_Espacial/CSIS_Aerospace/pdfs_full/Otros/CSIS_241021-swope-swimmimg-upstream-0-compressed.pdf,.pdf,8300.9,raw,DOC-0605,pdf,data/raw/CODEFEST/F2_Seguridad_Entorno_Espacial/CSIS_Aerospace/pdfs_full/Otros/CSIS_241021-swope-swimmimg-upstream-0-compressed.pdf
data/raw/CODEFEST/F2_Seguridad_Entorno_Espacial/CSIS_Aerospace/pdfs_full/Otros/CSIS_25-mccabe.pdf,.pdf,207.3,raw,DOC-0606,pdf,data/raw/CODEFEST/F2_Seguridad_Entorno_Espacial/CSIS_Aerospace/pdfs_full/Otros/CSIS_25-mccabe.pdf
data/raw/CODEFEST/F2_Seguridad_Entorno_Espacial/CSIS_Aerospace/pdfs_full/Otros/CSIS_250515-bingen-intelligence-priorities.pdf,.pdf,517.4,raw,DOC-0607,pdf,data/raw/CODEFEST/F2_Seguridad_Entorno_Espacial/CSIS_Aerospace/pdfs_full/Otros/CSIS_250515-bingen-intelligence-priorities.pdf
data/raw/CODEFEST/F2_Seguridad_Entorno_Espacial/CSIS_Aerospace/pdfs_full/Otros/CSIS_2kaitlyn-a-balance-of-instability.pdf,.pdf,3702.9,raw,DOC-0608,pdf,data/raw/CODEFEST/F2_Seguridad_Entorno_Espacial/CSIS_Aerospace/pdfs_full/Otros/CSIS_2kaitlyn-a-balance-of-instability.pdf
data/raw/CODEFEST/F2_Seguridad_Entorno_Espacial/CSIS_Aerospace/pdfs_full/Otros/CSIS_3.5.25-irondome-1.pdf,.pdf,231.0,raw,DOC-0609,pdf,data/raw/CODEFEST/F2_Seguridad_Entorno_Espacial/CSIS_Aerospace/pdfs_full/Otros/CSIS_3.5.25-irondome-1.pdf
data/raw/CODEFEST/F2_Seguridad_Entorno_Espacial/CSIS_Aerospace/pdfs_full/Otros/CSIS_675694.pdf,.pdf,779.3,raw,DOC-0610,pdf,data/raw/CODEFEST/F2_Seguridad_Entorno_Espacial/CSIS_Aerospace/pdfs_full/Otros/CSIS_675694.pdf
data/raw/CODEFEST/F2_Seguridad_Entorno_Espacial/CSIS_Aerospace/pdfs_full/Otros/CSIS_678697.pdf,.pdf,1698.6,raw,DOC-0611,pdf,data/raw/CODEFEST/F2_Seguridad_Entorno_Espacial/CSIS_Aerospace/pdfs_full/Otros/CSIS_678697.pdf
data/raw/CODEFEST/F2_Seguridad_Entorno_Espacial/CSIS_Aerospace/pdfs_full/Otros/CSIS_91333.pdf,.pdf,126.4,raw,DOC-0612,pdf,data/raw/CODEFEST/F2_Seguridad_Entorno_Espacial/CSIS_Aerospace/pdfs_full/Otros/CSIS_91333.pdf
data/raw/CODEFEST/F2_Seguridad_Entorno_Espacial/CSIS_Aerospace/pdfs_full/Otros/CSIS_a76-incl-tech-correction.pdf,.pdf,519.0,raw,DOC-0613,pdf,data/raw/CODEFEST/F2_Seguridad_Entorno_Espacial/CSIS_Aerospace/pdfs_full/Otros/CSIS_a76-incl-tech-correction.pdf
data/raw/CODEFEST/F2_Seguridad_Entorno_Espacial/CSIS_Aerospace/pdfs_full/Otros/CSIS_agoessler-the-private-sectors-assessment-of-u.s.-space-policy-and-law.pdf,.pdf,322.5,raw,DOC-0614,pdf,data/raw/CODEFEST/F2_Seguridad_Entorno_Espacial/CSIS_Aerospace/pdfs_full/Otros/CSIS_agoessler-the-private-sectors-assessment-of-u.s.-space-policy-and-law.pdf
data/raw/CODEFEST/F2_Seguridad_Entorno_Espacial/CSIS_Aerospace/pdfs_full/Otros/CSIS_allardcommission.pdf,.pdf,374.2,raw,DOC-0615,pdf,data/raw/CODEFEST/F2_Seguridad_Entorno_Espacial/CSIS_Aerospace/pdfs_full/Otros/CSIS_allardcommission.pdf
data/raw/CODEFEST/F2_Seguridad_Entorno_Espacial/CSIS_Aerospace/pdfs_full/Otros/CSIS_another-leap-forward-indias-historic-moon-landing-and-the-space-competition-unde.pdf,.pdf,250.8,raw,DOC-0616,pdf,data/raw/CODEFEST/F2_Seguridad_Entorno_Espacial/CSIS_Aerospace/pdfs_full/Otros/CSIS_another-leap-forward-indias-historic-moon-landing-and-the-space-competition-unde.pdf
data/raw/CODEFEST/F2_Seguridad_Entorno_Espacial/CSIS_Aerospace/pdfs_full/Otros/CSIS_asat-test-ban-min.pdf,.pdf,118.1,raw,DOC-0617,pdf,data/raw/CODEFEST/F2_Seguridad_Entorno_Espacial/CSIS_Aerospace/pdfs_full/Otros/CSIS_asat-test-ban-min.pdf
data/raw/CODEFEST/F2_Seguridad_Entorno_Espacial/CSIS_Aerospace/pdfs_full/Otros/CSIS_ata-2024-unclassified-report.pdf,.pdf,847.8,raw,DOC-0618,pdf,data/raw/CODEFEST/F2_Seguridad_Entorno_Espacial/CSIS_Aerospace/pdfs_full/Otros/CSIS_ata-2024-unclassified-report.pdf
data/raw/CODEFEST/F2_Seguridad_Entorno_Espacial/CSIS_Aerospace/pdfs_full/Otros/CSIS_battle-networks-3-compressed.pdf,.pdf,11105.0,raw,DOC-0619,pdf,data/raw/CODEFEST/F2_Seguridad_Entorno_Espacial/CSIS_Aerospace/pdfs_full/Otros/CSIS_battle-networks-3-compressed.pdf
data/raw/CODEFEST/F2_Seguridad_Entorno_Espacial/CSIS_Aerospace/pdfs_full/Otros/CSIS_bills-115hr2810eh.pdf,.pdf,1806.2,raw,DOC-0620,pdf,data/raw/CODEFEST/F2_Seguridad_Entorno_Espacial/CSIS_Aerospace/pdfs_full/Otros/CSIS_bills-115hr2810eh.pdf
data/raw/CODEFEST/F2_Seguridad_Entorno_Espacial/CSIS_Aerospace/pdfs_full/Otros/CSIS_bingen-earth-uchu-japanese-0120025final.pdf,.pdf,2487.0,raw,DOC-0621,pdf,data/raw/CODEFEST/F2_Seguridad_Entorno_Espacial/CSIS_Aerospace/pdfs_full/Otros/CSIS_bingen-earth-uchu-japanese-0120025final.pdf
data/raw/CODEFEST/F2_Seguridad_Entorno_Espacial/CSIS_Aerospace/pdfs_full/Otros/CSIS_bradley-kasa-final.pdf,.pdf,406.1,raw,DOC-0622,pdf,data/raw/CODEFEST/F2_Seguridad_Entorno_Espacial/CSIS_Aerospace/pdfs_full/Otros/CSIS_bradley-kasa-final.pdf
data/raw/CODEFEST/F2_Seguridad_Entorno_Espacial/CSIS_Aerospace/pdfs_full/Otros/CSIS_c8ea8c3bc071c03e5e83203b4060f784.mr.-william-gerstenmaier-testimony.pdf,.pdf,252.6,raw,DOC-0623,pdf,data/raw/CODEFEST/F2_Seguridad_Entorno_Espacial/CSIS_Aerospace/pdfs_full/Otros/CSIS_c8ea8c3bc071c03e5e83203b4060f784.mr.-william-gerstenmaier-testimony.pdf
data/raw/CODEFEST/F2_Seguridad_Entorno_Espacial/CSIS_Aerospace/pdfs_full/Otros/CSIS_chance-saltzman-testimony.pdf,.pdf,334.4,raw,DOC-0624,pdf,data/raw/CODEFEST/F2_Seguridad_Entorno_Espacial/CSIS_Aerospace/pdfs_full/Otros/CSIS_chance-saltzman-testimony.pdf
data/raw/CODEFEST/F2_Seguridad_Entorno_Espacial/CSIS_Aerospace/pdfs_full/Otros/CSIS_chandra-artemis-rewritten.pdf,.pdf,413.7,raw,DOC-0625,pdf,data/raw/CODEFEST/F2_Seguridad_Entorno_Espacial/CSIS_Aerospace/pdfs_full/Otros/CSIS_chandra-artemis-rewritten.pdf
data/raw/CODEFEST/F2_Seguridad_Entorno_Espacial/CSIS_Aerospace/pdfs_full/Otros/CSIS_cheng-uscc-testimony-final.pdf,.pdf,556.2,raw,DOC-0626,pdf,data/raw/CODEFEST/F2_Seguridad_Entorno_Espacial/CSIS_Aerospace/pdfs_full/Otros/CSIS_cheng-uscc-testimony-final.pdf
data/raw/CODEFEST/F2_Seguridad_Entorno_Espacial/CSIS_Aerospace/pdfs_full/Otros/CSIS_civil-space-primer-mchang-min.pdf,.pdf,1333.4,raw,DOC-0627,pdf,data/raw/CODEFEST/F2_Seguridad_Entorno_Espacial/CSIS_Aerospace/pdfs_full/Otros/CSIS_civil-space-primer-mchang-min.pdf
data/raw/CODEFEST/F2_Seguridad_Entorno_Espacial/CSIS_Aerospace/pdfs_full/Otros/CSIS_csla-report-4-4-16-final.pdf,.pdf,63.6,raw,DOC-0628,pdf,data/raw/CODEFEST/F2_Seguridad_Entorno_Espacial/CSIS_Aerospace/pdfs_full/Otros/CSIS_csla-report-4-4-16-final.pdf
data/raw/CODEFEST/F2_Seguridad_Entorno_Espacial/CSIS_Aerospace/pdfs_full/Otros/CSIS_debris-in-brief-factsheet.pdf,.pdf,123.0,raw,DOC-0629,pdf,data/raw/CODEFEST/F2_Seguridad_Entorno_Espacial/CSIS_Aerospace/pdfs_full/Otros/CSIS_debris-in-brief-factsheet.pdf
data/raw/CODEFEST/F2_Seguridad_Entorno_Espacial/CSIS_Aerospace/pdfs_full/Otros/CSIS_dolman.pdf,.pdf,64.5,raw,DOC-0630,pdf,data/raw/CODEFEST/F2_Seguridad_Entorno_Espacial/CSIS_Aerospace/pdfs_full/Otros/CSIS_dolman.pdf
data/raw/CODEFEST/F2_Seguridad_Entorno_Espacial/CSIS_Aerospace/pdfs_full/Otros/CSIS_dsb-commercial-space-final-report-forpublicrelease.pdf,.pdf,2156.2,raw,DOC-0631,pdf,data/raw/CODEFEST/F2_Seguridad_Entorno_Espacial/CSIS_Aerospace/pdfs_full/Otros/CSIS_dsb-commercial-space-final-report-forpublicrelease.pdf
data/raw/CODEFEST/F2_Seguridad_Entorno_Espacial/CSIS_Aerospace/pdfs_full/Otros/CSIS_dwyer-nuclearnexus-cross-domain-competition1.pdf,.pdf,2489.5,raw,DOC-0632,pdf,data/raw/CODEFEST/F2_Seguridad_Entorno_Espacial/CSIS_Aerospace/pdfs_full/Otros/CSIS_dwyer-nuclearnexus-cross-domain-competition1.pdf
data/raw/CODEFEST/F2_Seguridad_Entorno_Espacial/CSIS_Aerospace/pdfs_full/Otros/CSIS_fy-2019-uscg-congressional-justification.pdf,.pdf,4651.3,raw,DOC-0633,pdf,data/raw/CODEFEST/F2_Seguridad_Entorno_Espacial/CSIS_Aerospace/pdfs_full/Otros/CSIS_fy-2019-uscg-congressional-justification.pdf
data/raw/CODEFEST/F2_Seguridad_Entorno_Espacial/CSIS_Aerospace/pdfs_full/Otros/CSIS_fy17-ndaa-1616-omb-report.pdf,.pdf,1450.7,raw,DOC-0634,pdf,data/raw/CODEFEST/F2_Seguridad_Entorno_Espacial/CSIS_Aerospace/pdfs_full/Otros/CSIS_fy17-ndaa-1616-omb-report.pdf
data/raw/CODEFEST/F2_Seguridad_Entorno_Espacial/CSIS_Aerospace/pdfs_full/Otros/CSIS_fy19-green-book.pdf,.pdf,8052.8,raw,DOC-0635,pdf,data/raw/CODEFEST/F2_Seguridad_Entorno_Espacial/CSIS_Aerospace/pdfs_full/Otros/CSIS_fy19-green-book.pdf
data/raw/CODEFEST/F2_Seguridad_Entorno_Espacial/CSIS_Aerospace/pdfs_full/Otros/CSIS_fy2019-presidents-budget-nasa.pdf,.pdf,13734.5,raw,DOC-0636,pdf,data/raw/CODEFEST/F2_Seguridad_Entorno_Espacial/CSIS_Aerospace/pdfs_full/Otros/CSIS_fy2019-presidents-budget-nasa.pdf
data/raw/CODEFEST/F2_Seguridad_Entorno_Espacial/CSIS_Aerospace/pdfs_full/Otros/CSIS_fy2024-budget-request-overview-book.pdf,.pdf,10273.7,raw,DOC-0637,pdf,data/raw/CODEFEST/F2_Seguridad_Entorno_Espacial/CSIS_Aerospace/pdfs_full/Otros/CSIS_fy2024-budget-request-overview-book.pdf
data/raw/CODEFEST/F2_Seguridad_Entorno_Espacial/CSIS_Aerospace/pdfs_full/Otros/CSIS_harrison-endgame-d360.pdf,.pdf,724.6,raw,DOC-0638,pdf,data/raw/CODEFEST/F2_Seguridad_Entorno_Espacial/CSIS_Aerospace/pdfs_full/Otros/CSIS_harrison-endgame-d360.pdf
data/raw/CODEFEST/F2_Seguridad_Entorno_Espacial/CSIS_Aerospace/pdfs_full/Otros/CSIS_harrison-intlperspectivesspaceweapons-compressed.pdf,.pdf,932.3,raw,DOC-0639,pdf,data/raw/CODEFEST/F2_Seguridad_Entorno_Espacial/CSIS_Aerospace/pdfs_full/Otros/CSIS_harrison-intlperspectivesspaceweapons-compressed.pdf
data/raw/CODEFEST/F2_Seguridad_Entorno_Espacial/CSIS_Aerospace/pdfs_full/Otros/CSIS_how-the-air-force-can-save-30-billion.pdf,.pdf,386.5,raw,DOC-0640,pdf,data/raw/CODEFEST/F2_Seguridad_Entorno_Espacial/CSIS_Aerospace/pdfs_full/Otros/CSIS_how-the-air-force-can-save-30-billion.pdf
data/raw/CODEFEST/F2_Seguridad_Entorno_Espacial/CSIS_Aerospace/pdfs_full/Otros/CSIS_iac-16b121x33088.brief.pdf,.pdf,34.9,raw,DOC-0641,pdf,data/raw/CODEFEST/F2_Seguridad_Entorno_Espacial/CSIS_Aerospace/pdfs_full/Otros/CSIS_iac-16b121x33088.brief.pdf
data/raw/CODEFEST/F2_Seguridad_Entorno_Espacial/CSIS_Aerospace/pdfs_full/Otros/CSIS_ig-21-004.pdf,.pdf,2210.8,raw,DOC-0642,pdf,data/raw/CODEFEST/F2_Seguridad_Entorno_Espacial/CSIS_Aerospace/pdfs_full/Otros/CSIS_ig-21-004.pdf
data/raw/CODEFEST/F2_Seguridad_Entorno_Espacial/CSIS_Aerospace/pdfs_full/Otros/CSIS_ig-22-007.pdf,.pdf,3728.8,raw,DOC-0643,pdf,data/raw/CODEFEST/F2_Seguridad_Entorno_Espacial/CSIS_Aerospace/pdfs_full/Otros/CSIS_ig-22-007.pdf
data/raw/CODEFEST/F2_Seguridad_Entorno_Espacial/CSIS_Aerospace/pdfs_full/Otros/CSIS_iss-johnson-csis-october-2025.pdf,.pdf,766.6,raw,DOC-0644,pdf,data/raw/CODEFEST/F2_Seguridad_Entorno_Espacial/CSIS_Aerospace/pdfs_full/Otros/CSIS_iss-johnson-csis-october-2025.pdf
data/raw/CODEFEST/F2_Seguridad_Entorno_Espacial/CSIS_Aerospace/pdfs_full/Otros/CSIS_iss-transition-report-180330.pdf,.pdf,1252.5,raw,DOC-0645,pdf,data/raw/CODEFEST/F2_Seguridad_Entorno_Espacial/CSIS_Aerospace/pdfs_full/Otros/CSIS_iss-transition-report-180330.pdf
data/raw/CODEFEST/F2_Seguridad_Entorno_Espacial/CSIS_Aerospace/pdfs_full/Otros/CSIS_johnson-endgame-d360.pdf,.pdf,701.8,raw,DOC-0646,pdf,data/raw/CODEFEST/F2_Seguridad_Entorno_Espacial/CSIS_Aerospace/pdfs_full/Otros/CSIS_johnson-endgame-d360.pdf
data/raw/CODEFEST/F2_Seguridad_Entorno_Espacial/CSIS_Aerospace/pdfs_full/Otros/CSIS_johnson-governanceinspace-web-final-1.pdf,.pdf,2061.9,raw,DOC-0647,pdf,data/raw/CODEFEST/F2_Seguridad_Entorno_Espacial/CSIS_Aerospace/pdfs_full/Otros/CSIS_johnson-governanceinspace-web-final-1.pdf
data/raw/CODEFEST/F2_Seguridad_Entorno_Espacial/CSIS_Aerospace/pdfs_full/Otros/CSIS_kevin-wolf-testimony.pdf,.pdf,422.6,raw,DOC-0648,pdf,data/raw/CODEFEST/F2_Seguridad_Entorno_Espacial/CSIS_Aerospace/pdfs_full/Otros/CSIS_kevin-wolf-testimony.pdf
data/raw/CODEFEST/F2_Seguridad_Entorno_Espacial/CSIS_Aerospace/pdfs_full/Otros/CSIS_lunar-spectrum-policy-1.pdf,.pdf,649.2,raw,DOC-0649,pdf,data/raw/CODEFEST/F2_Seguridad_Entorno_Espacial/CSIS_Aerospace/pdfs_full/Otros/CSIS_lunar-spectrum-policy-1.pdf
data/raw/CODEFEST/F2_Seguridad_Entorno_Espacial/CSIS_Aerospace/pdfs_full/Otros/CSIS_mars-sample-return-independent-review-board-report.pdf,.pdf,9102.5,raw,DOC-0650,pdf,data/raw/CODEFEST/F2_Seguridad_Entorno_Espacial/CSIS_Aerospace/pdfs_full/Otros/CSIS_mars-sample-return-independent-review-board-report.pdf
data/raw/CODEFEST/F2_Seguridad_Entorno_Espacial/CSIS_Aerospace/pdfs_full/Otros/CSIS_memorandum-on-space-policy-directive-5cybersecurity-principles-for-space-systems-the.pdf,.pdf,126.1,raw,DOC-0651,pdf,data/raw/CODEFEST/F2_Seguridad_Entorno_Espacial/CSIS_Aerospace/pdfs_full/Otros/CSIS_memorandum-on-space-policy-directive-5cybersecurity-principles-for-space-systems-the.pdf
data/raw/CODEFEST/F2_Seguridad_Entorno_Espacial/CSIS_Aerospace/pdfs_full/Otros/CSIS_nasa-act1958.pdf,.pdf,1043.2,raw,DOC-0652,pdf,data/raw/CODEFEST/F2_Seguridad_Entorno_Espacial/CSIS_Aerospace/pdfs_full/Otros/CSIS_nasa-act1958.pdf
data/raw/CODEFEST/F2_Seguridad_Entorno_Espacial/CSIS_Aerospace/pdfs_full/Otros/CSIS_nationalspaceexplorationcampaign.pdf,.pdf,1390.5,raw,DOC-0653,pdf,data/raw/CODEFEST/F2_Seguridad_Entorno_Espacial/CSIS_Aerospace/pdfs_full/Otros/CSIS_nationalspaceexplorationcampaign.pdf
data/raw/CODEFEST/F2_Seguridad_Entorno_Espacial/CSIS_Aerospace/pdfs_full/Otros/CSIS_ndaa-space-force.2.pdf,.pdf,217.2,raw,DOC-0654,pdf,data/raw/CODEFEST/F2_Seguridad_Entorno_Espacial/CSIS_Aerospace/pdfs_full/Otros/CSIS_ndaa-space-force.2.pdf
data/raw/CODEFEST/F2_Seguridad_Entorno_Espacial/CSIS_Aerospace/pdfs_full/Otros/CSIS_nsc-25-scientific-or-technological-experiements-with-possible-large-scale-adverse-env.pdf,.pdf,111.4,raw,DOC-0655,pdf,data/raw/CODEFEST/F2_Seguridad_Entorno_Espacial/CSIS_Aerospace/pdfs_full/Otros/CSIS_nsc-25-scientific-or-technological-experiements-with-possible-large-scale-adverse-env.pdf
data/raw/CODEFEST/F2_Seguridad_Entorno_Espacial/CSIS_Aerospace/pdfs_full/Otros/CSIS_organizational-management-structure-dod-national-security-space-components.pdf,.pdf,102.4,raw,DOC-0656,pdf,data/raw/CODEFEST/F2_Seguridad_Entorno_Espacial/CSIS_Aerospace/pdfs_full/Otros/CSIS_organizational-management-structure-dod-national-security-space-components.pdf
data/raw/CODEFEST/F2_Seguridad_Entorno_Espacial/CSIS_Aerospace/pdfs_full/Otros/CSIS_osi-international-open-letter-asats-public.pdf,.pdf,330.6,raw,DOC-0657,pdf,data/raw/CODEFEST/F2_Seguridad_Entorno_Espacial/CSIS_Aerospace/pdfs_full/Otros/CSIS_osi-international-open-letter-asats-public.pdf
data/raw/CODEFEST/F2_Seguridad_Entorno_Espacial/CSIS_Aerospace/pdfs_full/Otros/CSIS_plaw-105publ270.pdf,.pdf,209.8,raw,DOC-0658,pdf,data/raw/CODEFEST/F2_Seguridad_Entorno_Espacial/CSIS_Aerospace/pdfs_full/Otros/CSIS_plaw-105publ270.pdf
data/raw/CODEFEST/F2_Seguridad_Entorno_Espacial/CSIS_Aerospace/pdfs_full/Otros/CSIS_plaw-116publ92.pdf,.pdf,2956.6,raw,DOC-0659,pdf,data/raw/CODEFEST/F2_Seguridad_Entorno_Espacial/CSIS_Aerospace/pdfs_full/Otros/CSIS_plaw-116publ92.pdf
data/raw/CODEFEST/F2_Seguridad_Entorno_Espacial/CSIS_Aerospace/pdfs_full/Otros/CSIS_pub1798-web.pdf,.pdf,2530.8,raw,DOC-0660,pdf,data/raw/CODEFEST/F2_Seguridad_Entorno_Espacial/CSIS_Aerospace/pdfs_full/Otros/CSIS_pub1798-web.pdf
data/raw/CODEFEST/F2_Seguridad_Entorno_Espacial/CSIS_Aerospace/pdfs_full/Otros/CSIS_regional-perspectives-on-norms-of-behaviour-for-outer-space-activities-en-622.pdf,.pdf,2143.7,raw,DOC-0661,pdf,data/raw/CODEFEST/F2_Seguridad_Entorno_Espacial/CSIS_Aerospace/pdfs_full/Otros/CSIS_regional-perspectives-on-norms-of-behaviour-for-outer-space-activities-en-622.pdf
data/raw/CODEFEST/F2_Seguridad_Entorno_Espacial/CSIS_Aerospace/pdfs_full/Otros/CSIS_rumsfeldcommission.pdf,.pdf,26766.5,raw,DOC-0662,pdf,data/raw/CODEFEST/F2_Seguridad_Entorno_Espacial/CSIS_Aerospace/pdfs_full/Otros/CSIS_rumsfeldcommission.pdf
data/raw/CODEFEST/F2_Seguridad_Entorno_Espacial/CSIS_Aerospace/pdfs_full/Otros/CSIS_sp1235v2web.pdf,.pdf,5097.9,raw,DOC-0663,pdf,data/raw/CODEFEST/F2_Seguridad_Entorno_Espacial/CSIS_Aerospace/pdfs_full/Otros/CSIS_sp1235v2web.pdf
data/raw/CODEFEST/F2_Seguridad_Entorno_Espacial/CSIS_Aerospace/pdfs_full/Otros/CSIS_space-force-doctrine-document-1-final-4apr25.pdf,.pdf,1425.3,raw,DOC-0664,pdf,data/raw/CODEFEST/F2_Seguridad_Entorno_Espacial/CSIS_Aerospace/pdfs_full/Otros/CSIS_space-force-doctrine-document-1-final-4apr25.pdf
data/raw/CODEFEST/F2_Seguridad_Entorno_Espacial/CSIS_Aerospace/pdfs_full/Otros/CSIS_spaceforceprimer-dec22.pdf,.pdf,544.0,raw,DOC-0665,pdf,data/raw/CODEFEST/F2_Seguridad_Entorno_Espacial/CSIS_Aerospace/pdfs_full/Otros/CSIS_spaceforceprimer-dec22.pdf
data/raw/CODEFEST/F2_Seguridad_Entorno_Espacial/CSIS_Aerospace/pdfs_full/Otros/CSIS_spfi13-604.pdf,.pdf,250.5,raw,DOC-0666,pdf,data/raw/CODEFEST/F2_Seguridad_Entorno_Espacial/CSIS_Aerospace/pdfs_full/Otros/CSIS_spfi13-604.pdf
data/raw/CODEFEST/F2_Seguridad_Entorno_Espacial/CSIS_Aerospace/pdfs_full/Otros/CSIS_starliner-notebook.pdf,.pdf,5726.7,raw,DOC-0667,pdf,data/raw/CODEFEST/F2_Seguridad_Entorno_Espacial/CSIS_Aerospace/pdfs_full/Otros/CSIS_starliner-notebook.pdf
data/raw/CODEFEST/F2_Seguridad_Entorno_Espacial/CSIS_Aerospace/pdfs_full/Otros/CSIS_todd-harrison-testimony-nasas-future-in-low-earth-orbit-9.21.21.pdf,.pdf,146.4,raw,DOC-0668,pdf,data/raw/CODEFEST/F2_Seguridad_Entorno_Espacial/CSIS_Aerospace/pdfs_full/Otros/CSIS_todd-harrison-testimony-nasas-future-in-low-earth-orbit-9.21.21.pdf
data/raw/CODEFEST/F2_Seguridad_Entorno_Espacial/CSIS_Aerospace/pdfs_full/Otros/CSIS_ussf-commercial-space-strategy.pdf,.pdf,1225.8,raw,DOC-0669,pdf,data/raw/CODEFEST/F2_Seguridad_Entorno_Espacial/CSIS_Aerospace/pdfs_full/Otros/CSIS_ussf-commercial-space-strategy.pdf
data/raw/CODEFEST/F2_Seguridad_Entorno_Espacial/CSIS_Aerospace/pdfs_full/Otros/CSIS_white-paper22-u.s.-leadership-and-commercial-space-rf-sensing-export-controls-a-press.pdf,.pdf,277.7,raw,DOC-0670,pdf,data/raw/CODEFEST/F2_Seguridad_Entorno_Espacial/CSIS_Aerospace/pdfs_full/Otros/CSIS_white-paper22-u.s.-leadership-and-commercial-space-rf-sensing-export-controls-a-press.pdf
data/raw/CODEFEST/F2_Seguridad_Entorno_Espacial/CSIS_Aerospace/pdfs_full/Otros/CSIS_wilson-wood-southkorea-20230802.pdf,.pdf,1014.7,raw,DOC-0671,pdf,data/raw/CODEFEST/F2_Seguridad_Entorno_Espacial/CSIS_Aerospace/pdfs_full/Otros/CSIS_wilson-wood-southkorea-20230802.pdf
data/raw/CODEFEST/F2_Seguridad_Entorno_Espacial/CSIS_Aerospace/pdfs_full/Space_Threat_Assessment/CSIS_230414-bingen-space-assessment.pdf,.pdf,13651.8,raw,DOC-0672,pdf,data/raw/CODEFEST/F2_Seguridad_Entorno_Espacial/CSIS_Aerospace/pdfs_full/Space_Threat_Assessment/CSIS_230414-bingen-space-assessment.pdf
data/raw/CODEFEST/F2_Seguridad_Entorno_Espacial/CSIS_Aerospace/pdfs_full/Space_Threat_Assessment/CSIS_230414-bingen-spacethreatassessment-2023-updated-min.pdf,.pdf,7287.2,raw,DOC-0673,pdf,data/raw/CODEFEST/F2_Seguridad_Entorno_Espacial/CSIS_Aerospace/pdfs_full/Space_Threat_Assessment/CSIS_230414-bingen-spacethreatassessment-2023-updated-min.pdf
data/raw/CODEFEST/F2_Seguridad_Entorno_Espacial/CSIS_Aerospace/pdfs_full/Space_Threat_Assessment/CSIS_240417-swope-spacethreatassessment-2024.pdf,.pdf,9300.1,raw,DOC-0674,pdf,data/raw/CODEFEST/F2_Seguridad_Entorno_Espacial/CSIS_Aerospace/pdfs_full/Space_Threat_Assessment/CSIS_240417-swope-spacethreatassessment-2024.pdf
data/raw/CODEFEST/F2_Seguridad_Entorno_Espacial/CSIS_Aerospace/pdfs_full/Space_Threat_Assessment/CSIS_250425-swope-space-threat.pdf,.pdf,10851.6,raw,DOC-0675,pdf,data/raw/CODEFEST/F2_Seguridad_Entorno_Espacial/CSIS_Aerospace/pdfs_full/Space_Threat_Assessment/CSIS_250425-swope-space-threat.pdf
data/raw/CODEFEST/F2_Seguridad_Entorno_Espacial/CSIS_Aerospace/pdfs_full/Space_Threat_Assessment/CSIS_harrison-spacethreatassessment20-web-final-min.pdf,.pdf,9578.4,raw,DOC-0676,pdf,data/raw/CODEFEST/F2_Seguridad_Entorno_Espacial/CSIS_Aerospace/pdfs_full/Space_Threat_Assessment/CSIS_harrison-spacethreatassessment20-web-final-min.pdf
data/raw/CODEFEST/F2_Seguridad_Entorno_Espacial/CSIS_Aerospace/pdfs_full/Space_Threat_Assessment/CSIS_harrison-spacethreatassessment2021.pdf,.pdf,9013.8,raw,DOC-0677,pdf,data/raw/CODEFEST/F2_Seguridad_Entorno_Espacial/CSIS_Aerospace/pdfs_full/Space_Threat_Assessment/CSIS_harrison-spacethreatassessment2021.pdf
data/raw/CODEFEST/F2_Seguridad_Entorno_Espacial/CSIS_Aerospace/pdfs_full/Space_Threat_Assessment/CSIS_harrison-spacethreatassessment2022-web-v3-compressed.pdf,.pdf,7367.1,raw,DOC-0678,pdf,data/raw/CODEFEST/F2_Seguridad_Entorno_Espacial/CSIS_Aerospace/pdfs_full/Space_Threat_Assessment/CSIS_harrison-spacethreatassessment2022-web-v3-compressed.pdf
data/raw/CODEFEST/F2_Seguridad_Entorno_Espacial/CSIS_Aerospace/pdfs_full/Space_Threat_Assessment/CSIS_spacethreatassessment2019-compressed.pdf,.pdf,11666.4,raw,DOC-0679,pdf,data/raw/CODEFEST/F2_Seguridad_Entorno_Espacial/CSIS_Aerospace/pdfs_full/Space_Threat_Assessment/CSIS_spacethreatassessment2019-compressed.pdf
data/raw/CODEFEST/F2_Seguridad_Entorno_Espacial/ESA_Space_Debris/articulos/ESA_01-04-2025-esa-space-environment-report-2025.json,.json,23.4,raw,DOC-0680,json,data/raw/CODEFEST/F2_Seguridad_Entorno_Espacial/ESA_Space_Debris/articulos/ESA_01-04-2025-esa-space-environment-report-2025.json
data/raw/CODEFEST/F2_Seguridad_Entorno_Espacial/ESA_Space_Debris/articulos/ESA_02-02-2026-moving-satellites-to-meet-a-plane-for-rare-reentry-data.json,.json,14.2,raw,DOC-0681,json,data/raw/CODEFEST/F2_Seguridad_Entorno_Espacial/ESA_Space_Debris/articulos/ESA_02-02-2026-moving-satellites-to-meet-a-plane-for-rare-reentry-data.json
data/raw/CODEFEST/F2_Seguridad_Entorno_Espacial/ESA_Space_Debris/articulos/ESA_12-08-2025-cream-avoiding-collisions-in-space-through-automation.json,.json,8.5,raw,DOC-0682,json,data/raw/CODEFEST/F2_Seguridad_Entorno_Espacial/ESA_Space_Debris/articulos/ESA_12-08-2025-cream-avoiding-collisions-in-space-through-automation.json
data/raw/CODEFEST/F2_Seguridad_Entorno_Espacial/ESA_Space_Debris/articulos/ESA_21-11-2024-german-laser-ranging-company-receives-esa-innovation-award.json,.json,8.5,raw,DOC-0683,json,data/raw/CODEFEST/F2_Seguridad_Entorno_Espacial/ESA_Space_Debris/articulos/ESA_21-11-2024-german-laser-ranging-company-receives-esa-innovation-award.json
data/raw/CODEFEST/F2_Seguridad_Entorno_Espacial/ESA_Space_Debris/articulos/ESA_22-10-2025-sounding-the-alarm-esa-introduces-space-environment-health-index.json,.json,14.5,raw,DOC-0684,json,data/raw/CODEFEST/F2_Seguridad_Entorno_Espacial/ESA_Space_Debris/articulos/ESA_22-10-2025-sounding-the-alarm-esa-introduces-space-environment-health-index.json
data/raw/CODEFEST/F2_Seguridad_Entorno_Espacial/ESA_Space_Debris/articulos/ESA_27-06-2022-esa-s-zero-debris-approach.json,.json,19.1,raw,DOC-0685,json,data/raw/CODEFEST/F2_Seguridad_Entorno_Espacial/ESA_Space_Debris/articulos/ESA_27-06-2022-esa-s-zero-debris-approach.json
data/raw/CODEFEST/F2_Seguridad_Entorno_Espacial/ESA_Space_Debris/articulos/ESA_27-06-2022-the-zero-debris-charter.json,.json,10.3,raw,DOC-0686,json,data/raw/CODEFEST/F2_Seguridad_Entorno_Espacial/ESA_Space_Debris/articulos/ESA_27-06-2022-the-zero-debris-charter.json
data/raw/CODEFEST/F2_Seguridad_Entorno_Espacial/ESA_Space_Debris/articulos/ESA_about-space-debris.json,.json,14.5,raw,DOC-0687,json,data/raw/CODEFEST/F2_Seguridad_Entorno_Espacial/ESA_Space_Debris/articulos/ESA_about-space-debris.json
data/raw/CODEFEST/F2_Seguridad_Entorno_Espacial/ESA_Space_Debris/articulos/ESA_active-debris-removal.json,.json,11.2,raw,DOC-0688,json,data/raw/CODEFEST/F2_Seguridad_Entorno_Espacial/ESA_Space_Debris/articulos/ESA_active-debris-removal.json
data/raw/CODEFEST/F2_Seguridad_Entorno_Espacial/ESA_Space_Debris/articulos/ESA_analysis-and-prediction.json,.json,14.2,raw,DOC-0689,json,data/raw/CODEFEST/F2_Seguridad_Entorno_Espacial/ESA_Space_Debris/articulos/ESA_analysis-and-prediction.json
data/raw/CODEFEST/F2_Seguridad_Entorno_Espacial/ESA_Space_Debris/articulos/ESA_hypervelocity-impacts-and-protecting-spacecraft.json,.json,9.5,raw,DOC-0690,json,data/raw/CODEFEST/F2_Seguridad_Entorno_Espacial/ESA_Space_Debris/articulos/ESA_hypervelocity-impacts-and-protecting-spacecraft.json
data/raw/CODEFEST/F2_Seguridad_Entorno_Espacial/ESA_Space_Debris/articulos/ESA_mitigating-space-debris-generation.json,.json,17.0,raw,DOC-0691,json,data/raw/CODEFEST/F2_Seguridad_Entorno_Espacial/ESA_Space_Debris/articulos/ESA_mitigating-space-debris-generation.json
data/raw/CODEFEST/F2_Seguridad_Entorno_Espacial/ESA_Space_Debris/articulos/ESA_reentry-and-collision-avoidance.json,.json,14.6,raw,DOC-0692,json,data/raw/CODEFEST/F2_Seguridad_Entorno_Espacial/ESA_Space_Debris/articulos/ESA_reentry-and-collision-avoidance.json
data/raw/CODEFEST/F2_Seguridad_Entorno_Espacial/ESA_Space_Debris/articulos/ESA_scanning-and-observing2.json,.json,10.6,raw,DOC-0693,json,data/raw/CODEFEST/F2_Seguridad_Entorno_Espacial/ESA_Space_Debris/articulos/ESA_scanning-and-observing2.json
data/raw/CODEFEST/F2_Seguridad_Entorno_Espacial/ESA_Space_Debris/articulos/ESA_space-debris-by-the-numbers.json,.json,0.6,raw,DOC-0694,json,data/raw/CODEFEST/F2_Seguridad_Entorno_Espacial/ESA_Space_Debris/articulos/ESA_space-debris-by-the-numbers.json
data/raw/CODEFEST/F2_Seguridad_Entorno_Espacial/ESA_Space_Debris/articulos/ESA_space-debris-faq-frequently-asked-questions.json,.json,63.8,raw,DOC-0695,json,data/raw/CODEFEST/F2_Seguridad_Entorno_Espacial/ESA_Space_Debris/articulos/ESA_space-debris-faq-frequently-asked-questions.json
data/raw/CODEFEST/F2_Seguridad_Entorno_Espacial/ESA_Space_Debris/pdfs/Articulos/ESA_admin-ipol-2023-1-space-debris-mitigation-policy-final.pdf,.pdf,230.9,raw,DOC-0696,pdf,data/raw/CODEFEST/F2_Seguridad_Entorno_Espacial/ESA_Space_Debris/pdfs/Articulos/ESA_admin-ipol-2023-1-space-debris-mitigation-policy-final.pdf
data/raw/CODEFEST/F2_Seguridad_Entorno_Espacial/ESA_Space_Debris/pdfs/Articulos/ESA_dghkmz-6542582e18e33.pdf,.pdf,1343.3,raw,DOC-0697,pdf,data/raw/CODEFEST/F2_Seguridad_Entorno_Espacial/ESA_Space_Debris/pdfs/Articulos/ESA_dghkmz-6542582e18e33.pdf
data/raw/CODEFEST/F2_Seguridad_Entorno_Espacial/ESA_Space_Debris/pdfs/Articulos/ESA_space-debris-mitigation-compliance-verification-guidelines.pdf,.pdf,3892.0,raw,DOC-0698,pdf,data/raw/CODEFEST/F2_Seguridad_Entorno_Espacial/ESA_Space_Debris/pdfs/Articulos/ESA_space-debris-mitigation-compliance-verification-guidelines.pdf
data/raw/CODEFEST/F2_Seguridad_Entorno_Espacial/ESA_Space_Debris/pdfs/Articulos/ESA_st-space-49e.pdf,.pdf,715.9,raw,DOC-0699,pdf,data/raw/CODEFEST/F2_Seguridad_Entorno_Espacial/ESA_Space_Debris/pdfs/Articulos/ESA_st-space-49e.pdf
data/raw/CODEFEST/F2_Seguridad_Entorno_Espacial/ESA_Space_Debris/pdfs/Articulos/ESA_zero-debris-charter-en.pdf,.pdf,382.6,raw,DOC-0700,pdf,data/raw/CODEFEST/F2_Seguridad_Entorno_Espacial/ESA_Space_Debris/pdfs/Articulos/ESA_zero-debris-charter-en.pdf
data/raw/CODEFEST/F2_Seguridad_Entorno_Espacial/ESA_Space_Debris/pdfs/SDO_Publications/ESA_2022-espi-capacity.pdf,.pdf,2589.9,raw,DOC-0701,pdf,data/raw/CODEFEST/F2_Seguridad_Entorno_Espacial/ESA_Space_Debris/pdfs/SDO_Publications/ESA_2022-espi-capacity.pdf
data/raw/CODEFEST/F2_Seguridad_Entorno_Espacial/ESA_Space_Debris/pdfs/SDO_Publications/ESA_environmental-report-on-space-debris-mitigation-slides.pdf,.pdf,1315.0,raw,DOC-0702,pdf,data/raw/CODEFEST/F2_Seguridad_Entorno_Espacial/ESA_Space_Debris/pdfs/SDO_Publications/ESA_environmental-report-on-space-debris-mitigation-slides.pdf
data/raw/CODEFEST/F2_Seguridad_Entorno_Espacial/ESA_Space_Debris/pdfs/SDO_Publications/ESA_environmental-report-on-space-debris-mitigation.pdf,.pdf,691.4,raw,DOC-0703,pdf,data/raw/CODEFEST/F2_Seguridad_Entorno_Espacial/ESA_Space_Debris/pdfs/SDO_Publications/ESA_environmental-report-on-space-debris-mitigation.pdf
data/raw/CODEFEST/F2_Seguridad_Entorno_Espacial/ESA_Space_Debris/pdfs/SDO_Publications/ESA_space-environment-report-i10r0-20260501.pdf,.pdf,7738.7,raw,DOC-0704,pdf,data/raw/CODEFEST/F2_Seguridad_Entorno_Espacial/ESA_Space_Debris/pdfs/SDO_Publications/ESA_space-environment-report-i10r0-20260501.pdf
data/raw/CODEFEST/F2_Seguridad_Entorno_Espacial/ESA_Space_Debris/pdfs/SDO_Publications/ESA_space-environment-report-i1r2-20170427.pdf,.pdf,2356.3,raw,DOC-0705,pdf,data/raw/CODEFEST/F2_Seguridad_Entorno_Espacial/ESA_Space_Debris/pdfs/SDO_Publications/ESA_space-environment-report-i1r2-20170427.pdf
data/raw/CODEFEST/F2_Seguridad_Entorno_Espacial/ESA_Space_Debris/pdfs/SDO_Publications/ESA_space-environment-report-i2r0-20180518.pdf,.pdf,2782.9,raw,DOC-0706,pdf,data/raw/CODEFEST/F2_Seguridad_Entorno_Espacial/ESA_Space_Debris/pdfs/SDO_Publications/ESA_space-environment-report-i2r0-20180518.pdf
data/raw/CODEFEST/F2_Seguridad_Entorno_Espacial/ESA_Space_Debris/pdfs/SDO_Publications/ESA_space-environment-report-i3r0-20190430.pdf,.pdf,2678.2,raw,DOC-0707,pdf,data/raw/CODEFEST/F2_Seguridad_Entorno_Espacial/ESA_Space_Debris/pdfs/SDO_Publications/ESA_space-environment-report-i3r0-20190430.pdf
data/raw/CODEFEST/F2_Seguridad_Entorno_Espacial/ESA_Space_Debris/pdfs/SDO_Publications/ESA_space-environment-report-i4r0-20200911.pdf,.pdf,3455.7,raw,DOC-0708,pdf,data/raw/CODEFEST/F2_Seguridad_Entorno_Espacial/ESA_Space_Debris/pdfs/SDO_Publications/ESA_space-environment-report-i4r0-20200911.pdf
data/raw/CODEFEST/F2_Seguridad_Entorno_Espacial/ESA_Space_Debris/pdfs/SDO_Publications/ESA_space-environment-report-i5r0-20210527.pdf,.pdf,4902.3,raw,DOC-0709,pdf,data/raw/CODEFEST/F2_Seguridad_Entorno_Espacial/ESA_Space_Debris/pdfs/SDO_Publications/ESA_space-environment-report-i5r0-20210527.pdf
data/raw/CODEFEST/F2_Seguridad_Entorno_Espacial/ESA_Space_Debris/pdfs/SDO_Publications/ESA_space-environment-report-i6r0-20220422.pdf,.pdf,5500.0,raw,DOC-0710,pdf,data/raw/CODEFEST/F2_Seguridad_Entorno_Espacial/ESA_Space_Debris/pdfs/SDO_Publications/ESA_space-environment-report-i6r0-20220422.pdf
data/raw/CODEFEST/F2_Seguridad_Entorno_Espacial/ESA_Space_Debris/pdfs/SDO_Publications/ESA_space-environment-report-i7r1-20230912.pdf,.pdf,6643.2,raw,DOC-0711,pdf,data/raw/CODEFEST/F2_Seguridad_Entorno_Espacial/ESA_Space_Debris/pdfs/SDO_Publications/ESA_space-environment-report-i7r1-20230912.pdf
data/raw/CODEFEST/F2_Seguridad_Entorno_Espacial/ESA_Space_Debris/pdfs/SDO_Publications/ESA_space-environment-report-i8r0-20240719.pdf,.pdf,6737.5,raw,DOC-0712,pdf,data/raw/CODEFEST/F2_Seguridad_Entorno_Espacial/ESA_Space_Debris/pdfs/SDO_Publications/ESA_space-environment-report-i8r0-20240719.pdf
data/raw/CODEFEST/F2_Seguridad_Entorno_Espacial/ESA_Space_Debris/pdfs/SDO_Publications/ESA_space-environment-report-i9r0-20250331.pdf,.pdf,7609.0,raw,DOC-0713,pdf,data/raw/CODEFEST/F2_Seguridad_Entorno_Espacial/ESA_Space_Debris/pdfs/SDO_Publications/ESA_space-environment-report-i9r0-20250331.pdf
data/raw/CODEFEST/F2_Seguridad_Entorno_Espacial/ESA_Space_Debris/pdfs/SDO_Publications/ESA_space-environment-report-i9r1-20251021.pdf,.pdf,7647.7,raw,DOC-0714,pdf,data/raw/CODEFEST/F2_Seguridad_Entorno_Espacial/ESA_Space_Debris/pdfs/SDO_Publications/ESA_space-environment-report-i9r1-20251021.pdf
data/raw/CODEFEST/F2_Seguridad_Entorno_Espacial/ESA_Space_Debris/pdfs/SDUP_Documents/ESA_design-for-demise-verification-guidelines-v1.pdf,.pdf,4117.3,raw,DOC-0715,pdf,data/raw/CODEFEST/F2_Seguridad_Entorno_Espacial/ESA_Space_Debris/pdfs/SDUP_Documents/ESA_design-for-demise-verification-guidelines-v1.pdf
data/raw/CODEFEST/F2_Seguridad_Entorno_Espacial/ESA_Space_Debris/pdfs/SDUP_Documents/ESA_essb-hb-u-003-issue-1-8september2025.pdf,.pdf,1464.5,raw,DOC-0716,pdf,data/raw/CODEFEST/F2_Seguridad_Entorno_Espacial/ESA_Space_Debris/pdfs/SDUP_Documents/ESA_essb-hb-u-003-issue-1-8september2025.pdf
data/raw/CODEFEST/F2_Seguridad_Entorno_Espacial/ESA_Space_Debris/pdfs/SDUP_Documents/ESA_essb-st-u-004-issue14december2017.pdf,.pdf,514.4,raw,DOC-0717,pdf,data/raw/CODEFEST/F2_Seguridad_Entorno_Espacial/ESA_Space_Debris/pdfs/SDUP_Documents/ESA_essb-st-u-004-issue14december2017.pdf
data/raw/CODEFEST/F2_Seguridad_Entorno_Espacial/ESA_Space_Debris/pdfs/SDUP_Documents/ESA_essb-st-u-007-issue-1-revision-1-23-october-2025.pdf,.pdf,1296.4,raw,DOC-0718,pdf,data/raw/CODEFEST/F2_Seguridad_Entorno_Espacial/ESA_Space_Debris/pdfs/SDUP_Documents/ESA_essb-st-u-007-issue-1-revision-1-23-october-2025.pdf
data/raw/CODEFEST/F2_Seguridad_Entorno_Espacial/ESA_Space_Debris/pdfs/SDUP_Documents/ESA_space-debris-mitigation-compliance-verification-guidelines.pdf,.pdf,3458.6,raw,DOC-0719,pdf,data/raw/CODEFEST/F2_Seguridad_Entorno_Espacial/ESA_Space_Debris/pdfs/SDUP_Documents/ESA_space-debris-mitigation-compliance-verification-guidelines.pdf
data/raw/CODEFEST/F2_Seguridad_Entorno_Espacial/INPE/noticias/INPE_2023-10-09-inpe-portas-abertas-2023.json,.json,5.3,raw,DOC-0720,json,data/raw/CODEFEST/F2_Seguridad_Entorno_Espacial/INPE/noticias/INPE_2023-10-09-inpe-portas-abertas-2023.json
data/raw/CODEFEST/F2_Seguridad_Entorno_Espacial/INPE/noticias/INPE_2025-10-10-brasil-e-esa-unem-forcas-em-evento-pioneiro-sobre-a-missao-biomass-na-amaz.json,.json,4.5,raw,DOC-0721,json,data/raw/CODEFEST/F2_Seguridad_Entorno_Espacial/INPE/noticias/INPE_2025-10-10-brasil-e-esa-unem-forcas-em-evento-pioneiro-sobre-a-missao-biomass-na-amaz.json
data/raw/CODEFEST/F2_Seguridad_Entorno_Espacial/INPE/noticias/INPE_2025-11-28-inpe-amazonia-tem-papel-fundamental-na-participacao-do-instituto-durante-a.json,.json,9.8,raw,DOC-0722,json,data/raw/CODEFEST/F2_Seguridad_Entorno_Espacial/INPE/noticias/INPE_2025-11-28-inpe-amazonia-tem-papel-fundamental-na-participacao-do-instituto-durante-a.json
data/raw/CODEFEST/F2_Seguridad_Entorno_Espacial/INPE/noticias/INPE_2026-03-24-inpe-realizara-simposio-internacional-sobre-aprendizado-de-maquina-em-heli.json,.json,5.1,raw,DOC-0723,json,data/raw/CODEFEST/F2_Seguridad_Entorno_Espacial/INPE/noticias/INPE_2026-03-24-inpe-realizara-simposio-internacional-sobre-aprendizado-de-maquina-em-heli.json
data/raw/CODEFEST/F2_Seguridad_Entorno_Espacial/INPE/noticias/INPE_2026-03-26-brasil-registra-aumento-de-raios-em-todo-o-territorio-nacional.json,.json,12.2,raw,DOC-0724,json,data/raw/CODEFEST/F2_Seguridad_Entorno_Espacial/INPE/noticias/INPE_2026-03-26-brasil-registra-aumento-de-raios-em-todo-o-territorio-nacional.json
data/raw/CODEFEST/F2_Seguridad_Entorno_Espacial/INPE/noticias/INPE_2026-03-26-inpe-e-programa-mudancas-climaticas-fapesp-divulgam-relatorio-do-projeto-v.json,.json,6.4,raw,DOC-0725,json,data/raw/CODEFEST/F2_Seguridad_Entorno_Espacial/INPE/noticias/INPE_2026-03-26-inpe-e-programa-mudancas-climaticas-fapesp-divulgam-relatorio-do-projeto-v.json
data/raw/CODEFEST/F2_Seguridad_Entorno_Espacial/INPE/noticias/INPE_2026-04-01-nova-norma-do-cmn-incorpora-dados-do-prodes-na-analise-de-credito-rural.json,.json,6.5,raw,DOC-0726,json,data/raw/CODEFEST/F2_Seguridad_Entorno_Espacial/INPE/noticias/INPE_2026-04-01-nova-norma-do-cmn-incorpora-dados-do-prodes-na-analise-de-credito-rural.json
data/raw/CODEFEST/F2_Seguridad_Entorno_Espacial/INPE/noticias/INPE_2026-04-06-pesquisador-aposentado-do-inpe-carlos-nobre-e-nomeado-conselheiro-no-vatic.json,.json,3.7,raw,DOC-0727,json,data/raw/CODEFEST/F2_Seguridad_Entorno_Espacial/INPE/noticias/INPE_2026-04-06-pesquisador-aposentado-do-inpe-carlos-nobre-e-nomeado-conselheiro-no-vatic.json
data/raw/CODEFEST/F2_Seguridad_Entorno_Espacial/INPE/noticias/INPE_2026-04-15-inpe-recebe-comitiva-internacional-para-discutir-cooperacao-em-sensoriamen.json,.json,4.3,raw,DOC-0728,json,data/raw/CODEFEST/F2_Seguridad_Entorno_Espacial/INPE/noticias/INPE_2026-04-15-inpe-recebe-comitiva-internacional-para-discutir-cooperacao-em-sensoriamen.json
data/raw/CODEFEST/F2_Seguridad_Entorno_Espacial/INPE/noticias/INPE_2026-04-16-inpe-e-centro-tecnologico-da-marinha-do-rio-de-janeiro-formalizam-parceria.json,.json,4.2,raw,DOC-0729,json,data/raw/CODEFEST/F2_Seguridad_Entorno_Espacial/INPE/noticias/INPE_2026-04-16-inpe-e-centro-tecnologico-da-marinha-do-rio-de-janeiro-formalizam-parceria.json
data/raw/CODEFEST/F2_Seguridad_Entorno_Espacial/INPE/noticias/INPE_2026-04-16-inpe-inaugura-escritorio-local-do-cefavela-e-amplia-cooperacao-em-pesquisa.json,.json,7.6,raw,DOC-0730,json,data/raw/CODEFEST/F2_Seguridad_Entorno_Espacial/INPE/noticias/INPE_2026-04-16-inpe-inaugura-escritorio-local-do-cefavela-e-amplia-cooperacao-em-pesquisa.json
data/raw/CODEFEST/F2_Seguridad_Entorno_Espacial/INPE/noticias/INPE_2026-04-17-homenagem-a-antonio-divino-moura-um-pilar-da-meteorologia-brasileira.json,.json,3.8,raw,DOC-0731,json,data/raw/CODEFEST/F2_Seguridad_Entorno_Espacial/INPE/noticias/INPE_2026-04-17-homenagem-a-antonio-divino-moura-um-pilar-da-meteorologia-brasileira.json
data/raw/CODEFEST/F2_Seguridad_Entorno_Espacial/INPE/noticias/INPE_2026-04-24-brasil-e-alemanha-assinam-acordo-para-desenvolvimento-da-missao-espacial-c.json,.json,7.9,raw,DOC-0732,json,data/raw/CODEFEST/F2_Seguridad_Entorno_Espacial/INPE/noticias/INPE_2026-04-24-brasil-e-alemanha-assinam-acordo-para-desenvolvimento-da-missao-espacial-c.json
data/raw/CODEFEST/F2_Seguridad_Entorno_Espacial/INPE/noticias/INPE_2026-04-27-inpe-participa-de-reuniao-da-comissao-mista-brasil-alemanha-em-berlim-e-re.json,.json,8.8,raw,DOC-0733,json,data/raw/CODEFEST/F2_Seguridad_Entorno_Espacial/INPE/noticias/INPE_2026-04-27-inpe-participa-de-reuniao-da-comissao-mista-brasil-alemanha-em-berlim-e-re.json
data/raw/CODEFEST/F2_Seguridad_Entorno_Espacial/INPE/noticias/INPE_2026-04-29-programa-educacao-do-inpe-realiza-iv-encontro-de-jovens-cientistas-em-cach.json,.json,4.9,raw,DOC-0734,json,data/raw/CODEFEST/F2_Seguridad_Entorno_Espacial/INPE/noticias/INPE_2026-04-29-programa-educacao-do-inpe-realiza-iv-encontro-de-jovens-cientistas-em-cach.json
data/raw/CODEFEST/F2_Seguridad_Entorno_Espacial/INPE/noticias/INPE_2026-05-04-uma-janela-para-o-universo-cerimonia-de-abertura-da-exposicao-raios-mensag.json,.json,8.5,raw,DOC-0735,json,data/raw/CODEFEST/F2_Seguridad_Entorno_Espacial/INPE/noticias/INPE_2026-05-04-uma-janela-para-o-universo-cerimonia-de-abertura-da-exposicao-raios-mensag.json
data/raw/CODEFEST/F2_Seguridad_Entorno_Espacial/INPE/noticias/INPE_2026-05-08-inpe-inmet-funceme-e-censipam-divulgam-nota-tecnica-sobre-o-el-nino-e-indi.json,.json,9.3,raw,DOC-0736,json,data/raw/CODEFEST/F2_Seguridad_Entorno_Espacial/INPE/noticias/INPE_2026-05-08-inpe-inmet-funceme-e-censipam-divulgam-nota-tecnica-sobre-o-el-nino-e-indi.json
data/raw/CODEFEST/F2_Seguridad_Entorno_Espacial/INPE/noticias/INPE_2026-05-14-atlas-da-mata-atlantica-registra-menor-indice-historico-de-desmatamento-em.json,.json,6.2,raw,DOC-0737,json,data/raw/CODEFEST/F2_Seguridad_Entorno_Espacial/INPE/noticias/INPE_2026-05-14-atlas-da-mata-atlantica-registra-menor-indice-historico-de-desmatamento-em.json
data/raw/CODEFEST/F2_Seguridad_Entorno_Espacial/INPE/noticias/INPE_2026-05-14-inpe-promove-2o-workshop-do-liarea.json,.json,4.4,raw,DOC-0738,json,data/raw/CODEFEST/F2_Seguridad_Entorno_Espacial/INPE/noticias/INPE_2026-05-14-inpe-promove-2o-workshop-do-liarea.json
data/raw/CODEFEST/F2_Seguridad_Entorno_Espacial/INPE/noticias/INPE_2026-05-15-inpe-participa-do-forum-brasileiro-de-ia-e-computacao-de-alto-desempenho.json,.json,4.2,raw,DOC-0739,json,data/raw/CODEFEST/F2_Seguridad_Entorno_Espacial/INPE/noticias/INPE_2026-05-15-inpe-participa-do-forum-brasileiro-de-ia-e-computacao-de-alto-desempenho.json
data/raw/CODEFEST/F2_Seguridad_Entorno_Espacial/INPE/noticias/INPE_2026-05-15-inpe-participara-do-4o-science-and-business-connection.json,.json,5.8,raw,DOC-0740,json,data/raw/CODEFEST/F2_Seguridad_Entorno_Espacial/INPE/noticias/INPE_2026-05-15-inpe-participara-do-4o-science-and-business-connection.json
data/raw/CODEFEST/F2_Seguridad_Entorno_Espacial/INPE/noticias/INPE_2026-05-15-o-que-precisamos-saber-sobre-o-el-nino-e-seus-impactos-para-o-brasil.json,.json,17.0,raw,DOC-0741,json,data/raw/CODEFEST/F2_Seguridad_Entorno_Espacial/INPE/noticias/INPE_2026-05-15-o-que-precisamos-saber-sobre-o-el-nino-e-seus-impactos-para-o-brasil.json
data/raw/CODEFEST/F2_Seguridad_Entorno_Espacial/INPE/noticias/INPE_2026-05-18-inpe-sedia-encontro-da-sos-mata-atlantica-sobre-governanca-territorial-e-m.json,.json,3.7,raw,DOC-0742,json,data/raw/CODEFEST/F2_Seguridad_Entorno_Espacial/INPE/noticias/INPE_2026-05-18-inpe-sedia-encontro-da-sos-mata-atlantica-sobre-governanca-territorial-e-m.json
data/raw/CODEFEST/F2_Seguridad_Entorno_Espacial/INPE/noticias/INPE_2026-05-18-projeto-de-divulgacao-cientifica-conecta-amazonia-e-mata-atlantica-e-leva.json,.json,8.3,raw,DOC-0743,json,data/raw/CODEFEST/F2_Seguridad_Entorno_Espacial/INPE/noticias/INPE_2026-05-18-projeto-de-divulgacao-cientifica-conecta-amazonia-e-mata-atlantica-e-leva.json
data/raw/CODEFEST/F2_Seguridad_Entorno_Espacial/INPE/noticias/INPE_2026-05-22-inpe-participa-de-acoes-de-conscientizacao-e-prevencao-de-incendios-em-pir.json,.json,7.1,raw,DOC-0744,json,data/raw/CODEFEST/F2_Seguridad_Entorno_Espacial/INPE/noticias/INPE_2026-05-22-inpe-participa-de-acoes-de-conscientizacao-e-prevencao-de-incendios-em-pir.json
data/raw/CODEFEST/F2_Seguridad_Entorno_Espacial/INPE/noticias/INPE_2026-05-22-inpe-participa-do-satera-workshop-on-validation-phase-results.json,.json,3.7,raw,DOC-0745,json,data/raw/CODEFEST/F2_Seguridad_Entorno_Espacial/INPE/noticias/INPE_2026-05-22-inpe-participa-do-satera-workshop-on-validation-phase-results.json
data/raw/CODEFEST/F2_Seguridad_Entorno_Espacial/INPE/noticias/INPE_2026-05-22-pesquisadora-do-inpe-recebe-mencao-honrosa-em-premiacao-internacional-da-a.json,.json,5.4,raw,DOC-0746,json,data/raw/CODEFEST/F2_Seguridad_Entorno_Espacial/INPE/noticias/INPE_2026-05-22-pesquisadora-do-inpe-recebe-mencao-honrosa-em-premiacao-internacional-da-a.json
data/raw/CODEFEST/F2_Seguridad_Entorno_Espacial/INPE/noticias/INPE_2026-05-27-inpe-participa-de-reunioes-da-omm-para-implementacao-de-programa-de-previs.json,.json,4.3,raw,DOC-0747,json,data/raw/CODEFEST/F2_Seguridad_Entorno_Espacial/INPE/noticias/INPE_2026-05-27-inpe-participa-de-reunioes-da-omm-para-implementacao-de-programa-de-previs.json
data/raw/CODEFEST/F2_Seguridad_Entorno_Espacial/INPE/noticias/INPE_2026-05-27-mcti-apresenta-plataforma-sobre-risco-climatico-coordenada-pelo-inpe-para.json,.json,11.2,raw,DOC-0748,json,data/raw/CODEFEST/F2_Seguridad_Entorno_Espacial/INPE/noticias/INPE_2026-05-27-mcti-apresenta-plataforma-sobre-risco-climatico-coordenada-pelo-inpe-para.json
data/raw/CODEFEST/F2_Seguridad_Entorno_Espacial/INPE/noticias/INPE_2026-05-28-inpe-recebe-delegacoes-chinesas-para-discutir-o-desenvolvimento-do-satelit.json,.json,10.0,raw,DOC-0749,json,data/raw/CODEFEST/F2_Seguridad_Entorno_Espacial/INPE/noticias/INPE_2026-05-28-inpe-recebe-delegacoes-chinesas-para-discutir-o-desenvolvimento-do-satelit.json
data/raw/CODEFEST/F2_Seguridad_Entorno_Espacial/INPE/noticias/INPE_2026-05-28-pesquisador-do-inpe-ha-40-anos-gerald-banon-recebe-titulo-de-cidadao-josee.json,.json,7.5,raw,DOC-0750,json,data/raw/CODEFEST/F2_Seguridad_Entorno_Espacial/INPE/noticias/INPE_2026-05-28-pesquisador-do-inpe-ha-40-anos-gerald-banon-recebe-titulo-de-cidadao-josee.json
data/raw/CODEFEST/F2_Seguridad_Entorno_Espacial/INPE/noticias/INPE_2026-05-29-inpe-e-cresda-avancam-na-cooperacao-tecnica-para-a-missao-cbers-06.json,.json,9.9,raw,DOC-0751,json,data/raw/CODEFEST/F2_Seguridad_Entorno_Espacial/INPE/noticias/INPE_2026-05-29-inpe-e-cresda-avancam-na-cooperacao-tecnica-para-a-missao-cbers-06.json
data/raw/CODEFEST/F2_Seguridad_Entorno_Espacial/INPE/noticias/INPE_2026-06-01-inpe-participa-de-eventos-da-otca-sobre-monitoramento-e-gestao-integrada-d.json,.json,7.0,raw,DOC-0752,json,data/raw/CODEFEST/F2_Seguridad_Entorno_Espacial/INPE/noticias/INPE_2026-06-01-inpe-participa-de-eventos-da-otca-sobre-monitoramento-e-gestao-integrada-d.json
data/raw/CODEFEST/F2_Seguridad_Entorno_Espacial/INPE/noticias/INPE_2026-06-03-inpe-promove-edicao-especial-do-big-techtalks-em-celebracao-ao-love-data-d.json,.json,3.9,raw,DOC-0753,json,data/raw/CODEFEST/F2_Seguridad_Entorno_Espacial/INPE/noticias/INPE_2026-06-03-inpe-promove-edicao-especial-do-big-techtalks-em-celebracao-ao-love-data-d.json
data/raw/CODEFEST/F2_Seguridad_Entorno_Espacial/INPE/noticias/INPE_2026-06-08-inpe-publica-relacao-de-projetos-executados-com-fundacoes-de-apoio.json,.json,2.8,raw,DOC-0754,json,data/raw/CODEFEST/F2_Seguridad_Entorno_Espacial/INPE/noticias/INPE_2026-06-08-inpe-publica-relacao-de-projetos-executados-com-fundacoes-de-apoio.json
data/raw/CODEFEST/F2_Seguridad_Entorno_Espacial/INPE/noticias/INPE_2026-06-12-ciencia-e-tecnologia-do-inpe-tem-papel-de-destaque-na-reducao-historica-do.json,.json,5.3,raw,DOC-0755,json,data/raw/CODEFEST/F2_Seguridad_Entorno_Espacial/INPE/noticias/INPE_2026-06-12-ciencia-e-tecnologia-do-inpe-tem-papel-de-destaque-na-reducao-historica-do.json
data/raw/CODEFEST/F2_Seguridad_Entorno_Espacial/INPE/noticias/INPE_2026-06-12-pesquisadores-do-inpe-se-destacam-em-ranking-internacional.json,.json,4.4,raw,DOC-0756,json,data/raw/CODEFEST/F2_Seguridad_Entorno_Espacial/INPE/noticias/INPE_2026-06-12-pesquisadores-do-inpe-se-destacam-em-ranking-internacional.json
data/raw/CODEFEST/F2_Seguridad_Entorno_Espacial/INPE/noticias/INPE_2026-06-15-inpe-sedia-workshop-anual-do-programa-cssp-brazil-para-impulsionar-a-cienc.json,.json,5.2,raw,DOC-0757,json,data/raw/CODEFEST/F2_Seguridad_Entorno_Espacial/INPE/noticias/INPE_2026-06-15-inpe-sedia-workshop-anual-do-programa-cssp-brazil-para-impulsionar-a-cienc.json
data/raw/CODEFEST/F2_Seguridad_Entorno_Espacial/INPE/noticias/INPE_2026-06-15-webinario-apresenta-impactos-das-ondas-de-calor-na-saude-dos-brasileiros.json,.json,2.0,raw,DOC-0758,json,data/raw/CODEFEST/F2_Seguridad_Entorno_Espacial/INPE/noticias/INPE_2026-06-15-webinario-apresenta-impactos-das-ondas-de-calor-na-saude-dos-brasileiros.json
data/raw/CODEFEST/F2_Seguridad_Entorno_Espacial/INPE/noticias/INPE_2026-06-19-nota-de-esclarecimento-projeto-de-expansao-da-infraestrutura-de-rastreio-e.json,.json,12.1,raw,DOC-0759,json,data/raw/CODEFEST/F2_Seguridad_Entorno_Espacial/INPE/noticias/INPE_2026-06-19-nota-de-esclarecimento-projeto-de-expansao-da-infraestrutura-de-rastreio-e.json
data/raw/CODEFEST/F2_Seguridad_Entorno_Espacial/INPE/noticias/INPE_2026-06-20-programa-queimadas-do-inpe-contribui-para-plano-estadual-de-enfrentamento.json,.json,5.9,raw,DOC-0760,json,data/raw/CODEFEST/F2_Seguridad_Entorno_Espacial/INPE/noticias/INPE_2026-06-20-programa-queimadas-do-inpe-contribui-para-plano-estadual-de-enfrentamento.json
data/raw/CODEFEST/F2_Seguridad_Entorno_Espacial/INPE/noticias/INPE_2026-06-22-inpe-recebe-comitiva-do-mast-para-fortalecer-parceria-em-projetos-de-museo.json,.json,6.4,raw,DOC-0761,json,data/raw/CODEFEST/F2_Seguridad_Entorno_Espacial/INPE/noticias/INPE_2026-06-22-inpe-recebe-comitiva-do-mast-para-fortalecer-parceria-em-projetos-de-museo.json
data/raw/CODEFEST/F2_Seguridad_Entorno_Espacial/INPE/noticias/INPE_2026-06-23-nota-tecnica-conjunta-aponta-alta-probabilidade-de-el-nino-no-segundo-seme.json,.json,10.5,raw,DOC-0762,json,data/raw/CODEFEST/F2_Seguridad_Entorno_Espacial/INPE/noticias/INPE_2026-06-23-nota-tecnica-conjunta-aponta-alta-probabilidade-de-el-nino-no-segundo-seme.json
data/raw/CODEFEST/F2_Seguridad_Entorno_Espacial/INPE/noticias/INPE_2026-06-23-terraclass-divulga-dados-atualizados-sobre-cobertura-e-uso-da-terra-no-bio.json,.json,15.1,raw,DOC-0763,json,data/raw/CODEFEST/F2_Seguridad_Entorno_Espacial/INPE/noticias/INPE_2026-06-23-terraclass-divulga-dados-atualizados-sobre-cobertura-e-uso-da-terra-no-bio.json
data/raw/CODEFEST/F2_Seguridad_Entorno_Espacial/INPE/noticias/INPE_2026-06-29-inpe-integra-inciativa-inovadora-que-une-inteligencia-artificial-e-governa.json,.json,7.5,raw,DOC-0764,json,data/raw/CODEFEST/F2_Seguridad_Entorno_Espacial/INPE/noticias/INPE_2026-06-29-inpe-integra-inciativa-inovadora-que-une-inteligencia-artificial-e-governa.json
data/raw/CODEFEST/F2_Seguridad_Entorno_Espacial/INPE/noticias/INPE_2026-06-29-pesquisadores-do-inpe-participam-de-workshop-sobre-astronomia-com-pequenos.json,.json,6.6,raw,DOC-0765,json,data/raw/CODEFEST/F2_Seguridad_Entorno_Espacial/INPE/noticias/INPE_2026-06-29-pesquisadores-do-inpe-participam-de-workshop-sobre-astronomia-com-pequenos.json
data/raw/CODEFEST/F2_Seguridad_Entorno_Espacial/INPE/noticias/INPE_2026-06-30-estudante-do-programa-educacao-do-inpe-conquista-premio-destaque-na-inicia.json,.json,5.6,raw,DOC-0766,json,data/raw/CODEFEST/F2_Seguridad_Entorno_Espacial/INPE/noticias/INPE_2026-06-30-estudante-do-programa-educacao-do-inpe-conquista-premio-destaque-na-inicia.json
data/raw/CODEFEST/F2_Seguridad_Entorno_Espacial/INPE/noticias/INPE_2026-06-30-painel-el-nino-2026-2027-divulga-primeiro-boletim-mensal-sobre-o-monitoram.json,.json,7.4,raw,DOC-0767,json,data/raw/CODEFEST/F2_Seguridad_Entorno_Espacial/INPE/noticias/INPE_2026-06-30-painel-el-nino-2026-2027-divulga-primeiro-boletim-mensal-sobre-o-monitoram.json
data/raw/CODEFEST/F2_Seguridad_Entorno_Espacial/INPE/noticias/INPE_2026-07-01-coeam-celebra-16-anos-de-atuacao-do-inpe-na-amazonia.json,.json,5.6,raw,DOC-0768,json,data/raw/CODEFEST/F2_Seguridad_Entorno_Espacial/INPE/noticias/INPE_2026-07-01-coeam-celebra-16-anos-de-atuacao-do-inpe-na-amazonia.json
data/raw/CODEFEST/F2_Seguridad_Entorno_Espacial/INPE/noticias/INPE_2026-07-01-inpe-abre-inscricoes-para-a-serie-de-cursos-nowcasting-2026-voltada-a-prev.json,.json,5.0,raw,DOC-0769,json,data/raw/CODEFEST/F2_Seguridad_Entorno_Espacial/INPE/noticias/INPE_2026-07-01-inpe-abre-inscricoes-para-a-serie-de-cursos-nowcasting-2026-voltada-a-prev.json
data/raw/CODEFEST/F2_Seguridad_Entorno_Espacial/INPE/noticias/INPE_2026-07-02-inpe-e-sos-mata-atlantica-estabelecem-novo-projeto-de-restauracao-floresta.json,.json,11.1,raw,DOC-0770,json,data/raw/CODEFEST/F2_Seguridad_Entorno_Espacial/INPE/noticias/INPE_2026-07-02-inpe-e-sos-mata-atlantica-estabelecem-novo-projeto-de-restauracao-floresta.json
data/raw/CODEFEST/F2_Seguridad_Entorno_Espacial/INPE/noticias/INPE_2026-07-03-adaptabrasil-lanca-painel-cidades-para-facilitar-a-consulta-sobre-risco-cl.json,.json,15.5,raw,DOC-0771,json,data/raw/CODEFEST/F2_Seguridad_Entorno_Espacial/INPE/noticias/INPE_2026-07-03-adaptabrasil-lanca-painel-cidades-para-facilitar-a-consulta-sobre-risco-cl.json
data/raw/CODEFEST/F2_Seguridad_Entorno_Espacial/INPE/noticias/INPE_2026-07-03-ciencia-e-fe-caminham-juntas-imersoes-no-inpe-e-no-cemaden-mobilizam-lider.json,.json,31.8,raw,DOC-0772,json,data/raw/CODEFEST/F2_Seguridad_Entorno_Espacial/INPE/noticias/INPE_2026-07-03-ciencia-e-fe-caminham-juntas-imersoes-no-inpe-e-no-cemaden-mobilizam-lider.json
data/raw/CODEFEST/F2_Seguridad_Entorno_Espacial/INPE/noticias/INPE_2026-07-08-mudanca-na-direcao-do-laboratorio-nacional-de-astrofisica-lna.json,.json,2.5,raw,DOC-0773,json,data/raw/CODEFEST/F2_Seguridad_Entorno_Espacial/INPE/noticias/INPE_2026-07-08-mudanca-na-direcao-do-laboratorio-nacional-de-astrofisica-lna.json
data/raw/CODEFEST/F2_Seguridad_Entorno_Espacial/INPE/noticias/INPE_2026-07-10-dados-do-deter-referentes-a-junho-de-2026-estao-disponiveis-na-plataforma.json,.json,5.9,raw,DOC-0774,json,data/raw/CODEFEST/F2_Seguridad_Entorno_Espacial/INPE/noticias/INPE_2026-07-10-dados-do-deter-referentes-a-junho-de-2026-estao-disponiveis-na-plataforma.json
data/raw/CODEFEST/F2_Seguridad_Entorno_Espacial/INPE/pdfs/INPE_agenda-final.pdf,.pdf,367.5,raw,DOC-0775,pdf,data/raw/CODEFEST/F2_Seguridad_Entorno_Espacial/INPE/pdfs/INPE_agenda-final.pdf
data/raw/CODEFEST/F2_Seguridad_Entorno_Espacial/INPE/pdfs/INPE_nota-tecnica-el-nino-2026-final-160626.pdf,.pdf,2054.7,raw,DOC-0776,pdf,data/raw/CODEFEST/F2_Seguridad_Entorno_Espacial/INPE/pdfs/INPE_nota-tecnica-el-nino-2026-final-160626.pdf
data/raw/CODEFEST/F2_Seguridad_Entorno_Espacial/INPE/pdfs/INPE_notatecnicaconjuntaelnino2026-inpeinmetfuncemecensipam.pdf,.pdf,1214.1,raw,DOC-0777,pdf,data/raw/CODEFEST/F2_Seguridad_Entorno_Espacial/INPE/pdfs/INPE_notatecnicaconjuntaelnino2026-inpeinmetfuncemecensipam.pdf
data/raw/CODEFEST/F2_Seguridad_Entorno_Espacial/INPE/pdfs/INPE_painelelniojunho26.pdf,.pdf,2357.8,raw,DOC-0778,pdf,data/raw/CODEFEST/F2_Seguridad_Entorno_Espacial/INPE/pdfs/INPE_painelelniojunho26.pdf
data/raw/CODEFEST/F2_Seguridad_Entorno_Espacial/SWF_Counterspace/articulos/SWF_1-2-2022-global-counterspace-capabilities-report.json,.json,7.5,raw,DOC-0779,json,data/raw/CODEFEST/F2_Seguridad_Entorno_Espacial/SWF_Counterspace/articulos/SWF_1-2-2022-global-counterspace-capabilities-report.json
data/raw/CODEFEST/F2_Seguridad_Entorno_Espacial/SWF_Counterspace/articulos/SWF_1-2009-iridium-cosmos-collision-fact-sheet.json,.json,11.8,raw,DOC-0780,json,data/raw/CODEFEST/F2_Seguridad_Entorno_Espacial/SWF_Counterspace/articulos/SWF_1-2009-iridium-cosmos-collision-fact-sheet.json
data/raw/CODEFEST/F2_Seguridad_Entorno_Espacial/SWF_Counterspace/articulos/SWF_1-2023-global-counterspace-capabilities-report.json,.json,7.9,raw,DOC-0781,json,data/raw/CODEFEST/F2_Seguridad_Entorno_Espacial/SWF_Counterspace/articulos/SWF_1-2023-global-counterspace-capabilities-report.json
data/raw/CODEFEST/F2_Seguridad_Entorno_Espacial/SWF_Counterspace/articulos/SWF_1-2024-global-counterspace-capabilities-report.json,.json,8.5,raw,DOC-0782,json,data/raw/CODEFEST/F2_Seguridad_Entorno_Espacial/SWF_Counterspace/articulos/SWF_1-2024-global-counterspace-capabilities-report.json
data/raw/CODEFEST/F2_Seguridad_Entorno_Espacial/SWF_Counterspace/articulos/SWF_1-space-industry-statement-in-support-of-international-commitments-to-not-conduct-asat.json,.json,11.4,raw,DOC-0783,json,data/raw/CODEFEST/F2_Seguridad_Entorno_Espacial/SWF_Counterspace/articulos/SWF_1-space-industry-statement-in-support-of-international-commitments-to-not-conduct-asat.json
data/raw/CODEFEST/F2_Seguridad_Entorno_Espacial/SWF_Counterspace/articulos/SWF_10-2-swf-filing-comments-on-cowboy-spaces-orbital-data-center-application.json,.json,29.7,raw,DOC-0784,json,data/raw/CODEFEST/F2_Seguridad_Entorno_Espacial/SWF_Counterspace/articulos/SWF_10-2-swf-filing-comments-on-cowboy-spaces-orbital-data-center-application.json
data/raw/CODEFEST/F2_Seguridad_Entorno_Espacial/SWF_Counterspace/articulos/SWF_10-swf-filing-comments-on-starclouds-orbital-data-center-application.json,.json,27.6,raw,DOC-0785,json,data/raw/CODEFEST/F2_Seguridad_Entorno_Espacial/SWF_Counterspace/articulos/SWF_10-swf-filing-comments-on-starclouds-orbital-data-center-application.json
data/raw/CODEFEST/F2_Seguridad_Entorno_Espacial/SWF_Counterspace/articulos/SWF_11-2-july-2024-newsletter.json,.json,1.4,raw,DOC-0786,json,data/raw/CODEFEST/F2_Seguridad_Entorno_Espacial/SWF_Counterspace/articulos/SWF_11-2-july-2024-newsletter.json
data/raw/CODEFEST/F2_Seguridad_Entorno_Espacial/SWF_Counterspace/articulos/SWF_12-2-chinese-direct-ascent-anti-satellite-testing-fact-sheet.json,.json,11.5,raw,DOC-0787,json,data/raw/CODEFEST/F2_Seguridad_Entorno_Espacial/SWF_Counterspace/articulos/SWF_12-2-chinese-direct-ascent-anti-satellite-testing-fact-sheet.json
data/raw/CODEFEST/F2_Seguridad_Entorno_Espacial/SWF_Counterspace/articulos/SWF_12-2-chinese-military-and-intelligence-rendezvous-and-proximity-operations-fact-sheet.json,.json,11.7,raw,DOC-0788,json,data/raw/CODEFEST/F2_Seguridad_Entorno_Espacial/SWF_Counterspace/articulos/SWF_12-2-chinese-military-and-intelligence-rendezvous-and-proximity-operations-fact-sheet.json
data/raw/CODEFEST/F2_Seguridad_Entorno_Espacial/SWF_Counterspace/articulos/SWF_12-2-chinese-reusable-experimental-spacecraft-fact-sheet.json,.json,12.1,raw,DOC-0789,json,data/raw/CODEFEST/F2_Seguridad_Entorno_Espacial/SWF_Counterspace/articulos/SWF_12-2-chinese-reusable-experimental-spacecraft-fact-sheet.json
data/raw/CODEFEST/F2_Seguridad_Entorno_Espacial/SWF_Counterspace/articulos/SWF_12-2-commercial-and-civil-robotic-rendezvous-and-proximity-operations-fact-sheet.json,.json,9.9,raw,DOC-0790,json,data/raw/CODEFEST/F2_Seguridad_Entorno_Espacial/SWF_Counterspace/articulos/SWF_12-2-commercial-and-civil-robotic-rendezvous-and-proximity-operations-fact-sheet.json
data/raw/CODEFEST/F2_Seguridad_Entorno_Espacial/SWF_Counterspace/articulos/SWF_12-2-indian-direct-ascent-anti-satellite-testing-fact-sheet.json,.json,11.3,raw,DOC-0791,json,data/raw/CODEFEST/F2_Seguridad_Entorno_Espacial/SWF_Counterspace/articulos/SWF_12-2-indian-direct-ascent-anti-satellite-testing-fact-sheet.json
data/raw/CODEFEST/F2_Seguridad_Entorno_Espacial/SWF_Counterspace/articulos/SWF_12-2-portuguese-translation-responsible-investment-in-the-space-sector-a-guide-to-stew.json,.json,13.8,raw,DOC-0792,json,data/raw/CODEFEST/F2_Seguridad_Entorno_Espacial/SWF_Counterspace/articulos/SWF_12-2-portuguese-translation-responsible-investment-in-the-space-sector-a-guide-to-stew.json
data/raw/CODEFEST/F2_Seguridad_Entorno_Espacial/SWF_Counterspace/articulos/SWF_12-2-russian-co-orbital-anti-satellite-testing-fact-sheet.json,.json,11.9,raw,DOC-0793,json,data/raw/CODEFEST/F2_Seguridad_Entorno_Espacial/SWF_Counterspace/articulos/SWF_12-2-russian-co-orbital-anti-satellite-testing-fact-sheet.json
data/raw/CODEFEST/F2_Seguridad_Entorno_Espacial/SWF_Counterspace/articulos/SWF_12-2-russian-direct-ascent-anti-satellite-testing-fact-sheet.json,.json,11.4,raw,DOC-0794,json,data/raw/CODEFEST/F2_Seguridad_Entorno_Espacial/SWF_Counterspace/articulos/SWF_12-2-russian-direct-ascent-anti-satellite-testing-fact-sheet.json
data/raw/CODEFEST/F2_Seguridad_Entorno_Espacial/SWF_Counterspace/articulos/SWF_12-2-russian-military-and-intelligence-rendezvous-and-proximity-operations-fact-sheet.json,.json,12.8,raw,DOC-0795,json,data/raw/CODEFEST/F2_Seguridad_Entorno_Espacial/SWF_Counterspace/articulos/SWF_12-2-russian-military-and-intelligence-rendezvous-and-proximity-operations-fact-sheet.json
data/raw/CODEFEST/F2_Seguridad_Entorno_Espacial/SWF_Counterspace/articulos/SWF_12-2-shenlong-orbital-test-vehicle-fact-sheet.json,.json,12.1,raw,DOC-0796,json,data/raw/CODEFEST/F2_Seguridad_Entorno_Espacial/SWF_Counterspace/articulos/SWF_12-2-shenlong-orbital-test-vehicle-fact-sheet.json
data/raw/CODEFEST/F2_Seguridad_Entorno_Espacial/SWF_Counterspace/articulos/SWF_12-2-u-s-co-orbital-anti-satellite-testing-fact-sheet.json,.json,13.0,raw,DOC-0797,json,data/raw/CODEFEST/F2_Seguridad_Entorno_Espacial/SWF_Counterspace/articulos/SWF_12-2-u-s-co-orbital-anti-satellite-testing-fact-sheet.json
data/raw/CODEFEST/F2_Seguridad_Entorno_Espacial/SWF_Counterspace/articulos/SWF_12-2-u-s-direct-ascent-anti-satellite-testing-fact-sheet.json,.json,12.0,raw,DOC-0798,json,data/raw/CODEFEST/F2_Seguridad_Entorno_Espacial/SWF_Counterspace/articulos/SWF_12-2-u-s-direct-ascent-anti-satellite-testing-fact-sheet.json
data/raw/CODEFEST/F2_Seguridad_Entorno_Espacial/SWF_Counterspace/articulos/SWF_12-2-u-s-military-and-intelligence-rendezvous-and-proximity-operations-fact-sheet.json,.json,12.9,raw,DOC-0799,json,data/raw/CODEFEST/F2_Seguridad_Entorno_Espacial/SWF_Counterspace/articulos/SWF_12-2-u-s-military-and-intelligence-rendezvous-and-proximity-operations-fact-sheet.json
data/raw/CODEFEST/F2_Seguridad_Entorno_Espacial/SWF_Counterspace/articulos/SWF_12-2-x-37b-orbital-test-vehicle-fact-sheet.json,.json,12.2,raw,DOC-0800,json,data/raw/CODEFEST/F2_Seguridad_Entorno_Espacial/SWF_Counterspace/articulos/SWF_12-2-x-37b-orbital-test-vehicle-fact-sheet.json
data/raw/CODEFEST/F2_Seguridad_Entorno_Espacial/SWF_Counterspace/articulos/SWF_13-2-june-2024-newsletter.json,.json,1.4,raw,DOC-0801,json,data/raw/CODEFEST/F2_Seguridad_Entorno_Espacial/SWF_Counterspace/articulos/SWF_13-2-june-2024-newsletter.json
data/raw/CODEFEST/F2_Seguridad_Entorno_Espacial/SWF_Counterspace/articulos/SWF_13-august-2024-newseltter.json,.json,1.4,raw,DOC-0802,json,data/raw/CODEFEST/F2_Seguridad_Entorno_Espacial/SWF_Counterspace/articulos/SWF_13-august-2024-newseltter.json
data/raw/CODEFEST/F2_Seguridad_Entorno_Espacial/SWF_Counterspace/articulos/SWF_16-2-insight-jul2026-copuos-at-a-turning-point-balancing-a-vital-mandate-with-membersh.json,.json,26.5,raw,DOC-0803,json,data/raw/CODEFEST/F2_Seguridad_Entorno_Espacial/SWF_Counterspace/articulos/SWF_16-2-insight-jul2026-copuos-at-a-turning-point-balancing-a-vital-mandate-with-membersh.json
data/raw/CODEFEST/F2_Seguridad_Entorno_Espacial/SWF_Counterspace/articulos/SWF_16-2-july-2026-newsletter.json,.json,2.3,raw,DOC-0804,json,data/raw/CODEFEST/F2_Seguridad_Entorno_Espacial/SWF_Counterspace/articulos/SWF_16-2-july-2026-newsletter.json
data/raw/CODEFEST/F2_Seguridad_Entorno_Espacial/SWF_Counterspace/articulos/SWF_16-global-counterspace-capabilities-report-insight-counterspace-surge-2026.json,.json,17.0,raw,DOC-0805,json,data/raw/CODEFEST/F2_Seguridad_Entorno_Espacial/SWF_Counterspace/articulos/SWF_16-global-counterspace-capabilities-report-insight-counterspace-surge-2026.json
data/raw/CODEFEST/F2_Seguridad_Entorno_Espacial/SWF_Counterspace/articulos/SWF_17-2-june-2026-un-copuos-plenary-agenda-item-5-general-exchange-of-views.json,.json,9.6,raw,DOC-0806,json,data/raw/CODEFEST/F2_Seguridad_Entorno_Espacial/SWF_Counterspace/articulos/SWF_17-2-june-2026-un-copuos-plenary-agenda-item-5-general-exchange-of-views.json
data/raw/CODEFEST/F2_Seguridad_Entorno_Espacial/SWF_Counterspace/articulos/SWF_17-20-swf-filing-comments-on-blue-origins-orbital-data-center-application.json,.json,29.4,raw,DOC-0807,json,data/raw/CODEFEST/F2_Seguridad_Entorno_Espacial/SWF_Counterspace/articulos/SWF_17-20-swf-filing-comments-on-blue-origins-orbital-data-center-application.json
data/raw/CODEFEST/F2_Seguridad_Entorno_Espacial/SWF_Counterspace/articulos/SWF_17-handbook-for-new-actors-in-space-french.json,.json,5.3,raw,DOC-0808,json,data/raw/CODEFEST/F2_Seguridad_Entorno_Espacial/SWF_Counterspace/articulos/SWF_17-handbook-for-new-actors-in-space-french.json
data/raw/CODEFEST/F2_Seguridad_Entorno_Espacial/SWF_Counterspace/articulos/SWF_17-october-2024-newsletter.json,.json,1.4,raw,DOC-0809,json,data/raw/CODEFEST/F2_Seguridad_Entorno_Espacial/SWF_Counterspace/articulos/SWF_17-october-2024-newsletter.json
data/raw/CODEFEST/F2_Seguridad_Entorno_Espacial/SWF_Counterspace/articulos/SWF_18-2-the-case-for-space-sustainability-in-2026-insight-june-2026.json,.json,19.8,raw,DOC-0810,json,data/raw/CODEFEST/F2_Seguridad_Entorno_Espacial/SWF_Counterspace/articulos/SWF_18-2-the-case-for-space-sustainability-in-2026-insight-june-2026.json
data/raw/CODEFEST/F2_Seguridad_Entorno_Espacial/SWF_Counterspace/articulos/SWF_2-2-2020-global-counterspace-capabilities-report.json,.json,7.0,raw,DOC-0811,json,data/raw/CODEFEST/F2_Seguridad_Entorno_Espacial/SWF_Counterspace/articulos/SWF_2-2-2020-global-counterspace-capabilities-report.json
data/raw/CODEFEST/F2_Seguridad_Entorno_Espacial/SWF_Counterspace/articulos/SWF_21-20-to-odc-or-not-to-odc-insight-2026.json,.json,31.3,raw,DOC-0812,json,data/raw/CODEFEST/F2_Seguridad_Entorno_Espacial/SWF_Counterspace/articulos/SWF_21-20-to-odc-or-not-to-odc-insight-2026.json
data/raw/CODEFEST/F2_Seguridad_Entorno_Espacial/SWF_Counterspace/articulos/SWF_24-2-statement-to-the-un-secretary-generals-advisory-board-on-disarmament-matters-tran.json,.json,22.3,raw,DOC-0813,json,data/raw/CODEFEST/F2_Seguridad_Entorno_Espacial/SWF_Counterspace/articulos/SWF_24-2-statement-to-the-un-secretary-generals-advisory-board-on-disarmament-matters-tran.json
data/raw/CODEFEST/F2_Seguridad_Entorno_Espacial/SWF_Counterspace/articulos/SWF_25-2-june-2026-newsletter.json,.json,1.6,raw,DOC-0814,json,data/raw/CODEFEST/F2_Seguridad_Entorno_Espacial/SWF_Counterspace/articulos/SWF_25-2-june-2026-newsletter.json
data/raw/CODEFEST/F2_Seguridad_Entorno_Espacial/SWF_Counterspace/articulos/SWF_26-2021-global-counterspace-capabilities-report.json,.json,7.4,raw,DOC-0815,json,data/raw/CODEFEST/F2_Seguridad_Entorno_Espacial/SWF_Counterspace/articulos/SWF_26-2021-global-counterspace-capabilities-report.json
data/raw/CODEFEST/F2_Seguridad_Entorno_Espacial/SWF_Counterspace/articulos/SWF_27-20-verifying-the-prohibition-on-the-placement-of-nuclear-weapons-in-outer-space-ost.json,.json,10.1,raw,DOC-0816,json,data/raw/CODEFEST/F2_Seguridad_Entorno_Espacial/SWF_Counterspace/articulos/SWF_27-20-verifying-the-prohibition-on-the-placement-of-nuclear-weapons-in-outer-space-ost.json
data/raw/CODEFEST/F2_Seguridad_Entorno_Espacial/SWF_Counterspace/articulos/SWF_27-copuos-briefing-book.json,.json,6.8,raw,DOC-0817,json,data/raw/CODEFEST/F2_Seguridad_Entorno_Espacial/SWF_Counterspace/articulos/SWF_27-copuos-briefing-book.json
data/raw/CODEFEST/F2_Seguridad_Entorno_Espacial/SWF_Counterspace/articulos/SWF_27-le-guide-concis-du-cupeea.json,.json,7.3,raw,DOC-0818,json,data/raw/CODEFEST/F2_Seguridad_Entorno_Espacial/SWF_Counterspace/articulos/SWF_27-le-guide-concis-du-cupeea.json
data/raw/CODEFEST/F2_Seguridad_Entorno_Espacial/SWF_Counterspace/articulos/SWF_29-2019-global-counterspace-capabilities-report.json,.json,6.9,raw,DOC-0819,json,data/raw/CODEFEST/F2_Seguridad_Entorno_Espacial/SWF_Counterspace/articulos/SWF_29-2019-global-counterspace-capabilities-report.json
data/raw/CODEFEST/F2_Seguridad_Entorno_Espacial/SWF_Counterspace/articulos/SWF_29-lunar-space-cooperation-initiatives.json,.json,9.9,raw,DOC-0820,json,data/raw/CODEFEST/F2_Seguridad_Entorno_Espacial/SWF_Counterspace/articulos/SWF_29-lunar-space-cooperation-initiatives.json
data/raw/CODEFEST/F2_Seguridad_Entorno_Espacial/SWF_Counterspace/articulos/SWF_4-16-2026-swf-asat-infographic-2022.json,.json,5.2,raw,DOC-0821,json,data/raw/CODEFEST/F2_Seguridad_Entorno_Espacial/SWF_Counterspace/articulos/SWF_4-16-2026-swf-asat-infographic-2022.json
data/raw/CODEFEST/F2_Seguridad_Entorno_Espacial/SWF_Counterspace/articulos/SWF_5-handbook-for-new-actors-in-space-chinese.json,.json,3.9,raw,DOC-0822,json,data/raw/CODEFEST/F2_Seguridad_Entorno_Espacial/SWF_Counterspace/articulos/SWF_5-handbook-for-new-actors-in-space-chinese.json
data/raw/CODEFEST/F2_Seguridad_Entorno_Espacial/SWF_Counterspace/articulos/SWF_5-handbook-for-new-actors-in-space-spanish.json,.json,5.9,raw,DOC-0823,json,data/raw/CODEFEST/F2_Seguridad_Entorno_Espacial/SWF_Counterspace/articulos/SWF_5-handbook-for-new-actors-in-space-spanish.json
data/raw/CODEFEST/F2_Seguridad_Entorno_Espacial/SWF_Counterspace/articulos/SWF_5-handbook-for-new-actors-in-space.json,.json,10.2,raw,DOC-0824,json,data/raw/CODEFEST/F2_Seguridad_Entorno_Espacial/SWF_Counterspace/articulos/SWF_5-handbook-for-new-actors-in-space.json
data/raw/CODEFEST/F2_Seguridad_Entorno_Espacial/SWF_Counterspace/articulos/SWF_6-2-2018-global-counterspace-capabilities-report.json,.json,7.2,raw,DOC-0825,json,data/raw/CODEFEST/F2_Seguridad_Entorno_Espacial/SWF_Counterspace/articulos/SWF_6-2-2018-global-counterspace-capabilities-report.json
data/raw/CODEFEST/F2_Seguridad_Entorno_Espacial/SWF_Counterspace/articulos/SWF_6-2-swf-filing-comments-on-spacexs-orbital-data-center-application.json,.json,30.1,raw,DOC-0826,json,data/raw/CODEFEST/F2_Seguridad_Entorno_Espacial/SWF_Counterspace/articulos/SWF_6-2-swf-filing-comments-on-spacexs-orbital-data-center-application.json
data/raw/CODEFEST/F2_Seguridad_Entorno_Espacial/SWF_Counterspace/articulos/SWF_6-2-un-group-of-governmental-experts-gge-on-space-tcbms-fact-sheet.json,.json,10.6,raw,DOC-0827,json,data/raw/CODEFEST/F2_Seguridad_Entorno_Espacial/SWF_Counterspace/articulos/SWF_6-2-un-group-of-governmental-experts-gge-on-space-tcbms-fact-sheet.json
data/raw/CODEFEST/F2_Seguridad_Entorno_Espacial/SWF_Counterspace/articulos/SWF_6-20-july-2026-oewg-swf-statement-paros-tcbm.json,.json,14.7,raw,DOC-0828,json,data/raw/CODEFEST/F2_Seguridad_Entorno_Espacial/SWF_Counterspace/articulos/SWF_6-20-july-2026-oewg-swf-statement-paros-tcbm.json
data/raw/CODEFEST/F2_Seguridad_Entorno_Espacial/SWF_Counterspace/articulos/SWF_6-oewg-reducing-space-threats-2023-fact-sheet.json,.json,10.5,raw,DOC-0829,json,data/raw/CODEFEST/F2_Seguridad_Entorno_Espacial/SWF_Counterspace/articulos/SWF_6-oewg-reducing-space-threats-2023-fact-sheet.json
data/raw/CODEFEST/F2_Seguridad_Entorno_Espacial/SWF_Counterspace/articulos/SWF_8-2-2025-global-counterspace-capabilities-report.json,.json,23.9,raw,DOC-0830,json,data/raw/CODEFEST/F2_Seguridad_Entorno_Espacial/SWF_Counterspace/articulos/SWF_8-2-2025-global-counterspace-capabilities-report.json
data/raw/CODEFEST/F2_Seguridad_Entorno_Espacial/SWF_Counterspace/articulos/SWF_8-2-2026-global-counterspace-capabilities-report.json,.json,19.4,raw,DOC-0831,json,data/raw/CODEFEST/F2_Seguridad_Entorno_Espacial/SWF_Counterspace/articulos/SWF_8-2-2026-global-counterspace-capabilities-report.json
data/raw/CODEFEST/F2_Seguridad_Entorno_Espacial/SWF_Counterspace/articulos/SWF_global-counterspace-capabilities-an-open-source-assessment.json,.json,3.4,raw,DOC-0832,json,data/raw/CODEFEST/F2_Seguridad_Entorno_Espacial/SWF_Counterspace/articulos/SWF_global-counterspace-capabilities-an-open-source-assessment.json
data/raw/CODEFEST/F2_Seguridad_Entorno_Espacial/SWF_Counterspace/articulos/SWF_september-2024-newsletter.json,.json,1.4,raw,DOC-0833,json,data/raw/CODEFEST/F2_Seguridad_Entorno_Espacial/SWF_Counterspace/articulos/SWF_september-2024-newsletter.json
data/raw/CODEFEST/F2_Seguridad_Entorno_Espacial/SWF_Counterspace/pdfs/Counterspace_Reports/SWF_2020-full-report-english.pdf,.pdf,12205.1,raw,DOC-0834,pdf,data/raw/CODEFEST/F2_Seguridad_Entorno_Espacial/SWF_Counterspace/pdfs/Counterspace_Reports/SWF_2020-full-report-english.pdf
data/raw/CODEFEST/F2_Seguridad_Entorno_Espacial/SWF_Counterspace/pdfs/Counterspace_Reports/SWF_2022-executive-summary-english.pdf,.pdf,708.0,raw,DOC-0835,pdf,data/raw/CODEFEST/F2_Seguridad_Entorno_Espacial/SWF_Counterspace/pdfs/Counterspace_Reports/SWF_2022-executive-summary-english.pdf
data/raw/CODEFEST/F2_Seguridad_Entorno_Espacial/SWF_Counterspace/pdfs/Counterspace_Reports/SWF_2023-executive-summary-english.pdf,.pdf,5772.8,raw,DOC-0836,pdf,data/raw/CODEFEST/F2_Seguridad_Entorno_Espacial/SWF_Counterspace/pdfs/Counterspace_Reports/SWF_2023-executive-summary-english.pdf
data/raw/CODEFEST/F2_Seguridad_Entorno_Espacial/SWF_Counterspace/pdfs/Counterspace_Reports/SWF_2024-executive-summary-chinese.pdf,.pdf,5946.2,raw,DOC-0837,pdf,data/raw/CODEFEST/F2_Seguridad_Entorno_Espacial/SWF_Counterspace/pdfs/Counterspace_Reports/SWF_2024-executive-summary-chinese.pdf
data/raw/CODEFEST/F2_Seguridad_Entorno_Espacial/SWF_Counterspace/pdfs/Counterspace_Reports/SWF_2025-es-counterspace-eng.pdf,.pdf,5788.4,raw,DOC-0838,pdf,data/raw/CODEFEST/F2_Seguridad_Entorno_Espacial/SWF_Counterspace/pdfs/Counterspace_Reports/SWF_2025-es-counterspace-eng.pdf
data/raw/CODEFEST/F2_Seguridad_Entorno_Espacial/SWF_Counterspace/pdfs/Counterspace_Reports/SWF_2025-executive-summary-arabic.pdf,.pdf,5754.4,raw,DOC-0839,pdf,data/raw/CODEFEST/F2_Seguridad_Entorno_Espacial/SWF_Counterspace/pdfs/Counterspace_Reports/SWF_2025-executive-summary-arabic.pdf
data/raw/CODEFEST/F2_Seguridad_Entorno_Espacial/SWF_Counterspace/pdfs/Counterspace_Reports/SWF_2025-executive-summary-chinese.pdf,.pdf,5751.5,raw,DOC-0840,pdf,data/raw/CODEFEST/F2_Seguridad_Entorno_Espacial/SWF_Counterspace/pdfs/Counterspace_Reports/SWF_2025-executive-summary-chinese.pdf
data/raw/CODEFEST/F2_Seguridad_Entorno_Espacial/SWF_Counterspace/pdfs/Counterspace_Reports/SWF_2025-executive-summary-french.pdf,.pdf,5826.0,raw,DOC-0841,pdf,data/raw/CODEFEST/F2_Seguridad_Entorno_Espacial/SWF_Counterspace/pdfs/Counterspace_Reports/SWF_2025-executive-summary-french.pdf
data/raw/CODEFEST/F2_Seguridad_Entorno_Espacial/SWF_Counterspace/pdfs/Counterspace_Reports/SWF_2025-executive-summary-russian.pdf,.pdf,5763.3,raw,DOC-0842,pdf,data/raw/CODEFEST/F2_Seguridad_Entorno_Espacial/SWF_Counterspace/pdfs/Counterspace_Reports/SWF_2025-executive-summary-russian.pdf
data/raw/CODEFEST/F2_Seguridad_Entorno_Espacial/SWF_Counterspace/pdfs/Counterspace_Reports/SWF_2025-executive-summary-spanish.pdf,.pdf,5767.7,raw,DOC-0843,pdf,data/raw/CODEFEST/F2_Seguridad_Entorno_Espacial/SWF_Counterspace/pdfs/Counterspace_Reports/SWF_2025-executive-summary-spanish.pdf
data/raw/CODEFEST/F2_Seguridad_Entorno_Espacial/SWF_Counterspace/pdfs/Counterspace_Reports/SWF_690e30052993b5d301a5c1b8-victoria-samson-quad-nations-security-dialogue-sept-28-2025.pdf,.pdf,1634.0,raw,DOC-0844,pdf,data/raw/CODEFEST/F2_Seguridad_Entorno_Espacial/SWF_Counterspace/pdfs/Counterspace_Reports/SWF_690e30052993b5d301a5c1b8-victoria-samson-quad-nations-security-dialogue-sept-28-2025.pdf
data/raw/CODEFEST/F2_Seguridad_Entorno_Espacial/SWF_Counterspace/pdfs/Counterspace_Reports/SWF_69cffa84a1834078d6f9fe5e-2018-global-counterspace-capabilities-an-open-source-assessme.pdf,.pdf,3613.3,raw,DOC-0845,pdf,data/raw/CODEFEST/F2_Seguridad_Entorno_Espacial/SWF_Counterspace/pdfs/Counterspace_Reports/SWF_69cffa84a1834078d6f9fe5e-2018-global-counterspace-capabilities-an-open-source-assessme.pdf
data/raw/CODEFEST/F2_Seguridad_Entorno_Espacial/SWF_Counterspace/pdfs/Counterspace_Reports/SWF_69cffd06bb49a754a728c08d-2019-global-counterspace-capabilities-an-open-source-assessme.pdf,.pdf,5435.0,raw,DOC-0846,pdf,data/raw/CODEFEST/F2_Seguridad_Entorno_Espacial/SWF_Counterspace/pdfs/Counterspace_Reports/SWF_69cffd06bb49a754a728c08d-2019-global-counterspace-capabilities-an-open-source-assessme.pdf
data/raw/CODEFEST/F2_Seguridad_Entorno_Espacial/SWF_Counterspace/pdfs/Counterspace_Reports/SWF_69d000e653a0667bf9cf7a6f-2020-global-counterspace-capabilities-an-open-source-assessme.pdf,.pdf,8612.9,raw,DOC-0847,pdf,data/raw/CODEFEST/F2_Seguridad_Entorno_Espacial/SWF_Counterspace/pdfs/Counterspace_Reports/SWF_69d000e653a0667bf9cf7a6f-2020-global-counterspace-capabilities-an-open-source-assessme.pdf
data/raw/CODEFEST/F2_Seguridad_Entorno_Espacial/SWF_Counterspace/pdfs/Counterspace_Reports/SWF_69d003188c7e60684d6fab55-2021-global-counterspace-capabilities-an-open-source-assessme.pdf,.pdf,8324.3,raw,DOC-0848,pdf,data/raw/CODEFEST/F2_Seguridad_Entorno_Espacial/SWF_Counterspace/pdfs/Counterspace_Reports/SWF_69d003188c7e60684d6fab55-2021-global-counterspace-capabilities-an-open-source-assessme.pdf
data/raw/CODEFEST/F2_Seguridad_Entorno_Espacial/SWF_Counterspace/pdfs/Counterspace_Reports/SWF_69d0054fcf51801d46c919e7-2023-global-counterspace-capabilities-an-open-source-assessme.pdf,.pdf,7717.2,raw,DOC-0849,pdf,data/raw/CODEFEST/F2_Seguridad_Entorno_Espacial/SWF_Counterspace/pdfs/Counterspace_Reports/SWF_69d0054fcf51801d46c919e7-2023-global-counterspace-capabilities-an-open-source-assessme.pdf
data/raw/CODEFEST/F2_Seguridad_Entorno_Espacial/SWF_Counterspace/pdfs/Counterspace_Reports/SWF_execsum-2026-swf-global-counterspace-capabilities.pdf,.pdf,3193.8,raw,DOC-0850,pdf,data/raw/CODEFEST/F2_Seguridad_Entorno_Espacial/SWF_Counterspace/pdfs/Counterspace_Reports/SWF_execsum-2026-swf-global-counterspace-capabilities.pdf
data/raw/CODEFEST/F2_Seguridad_Entorno_Espacial/SWF_Counterspace/pdfs/Counterspace_Reports/SWF_gcsr-2026-execsum-ara.pdf,.pdf,2944.5,raw,DOC-0851,pdf,data/raw/CODEFEST/F2_Seguridad_Entorno_Espacial/SWF_Counterspace/pdfs/Counterspace_Reports/SWF_gcsr-2026-execsum-ara.pdf
data/raw/CODEFEST/F2_Seguridad_Entorno_Espacial/SWF_Counterspace/pdfs/Counterspace_Reports/SWF_gcsr-2026-execsum-chi.pdf,.pdf,3068.5,raw,DOC-0852,pdf,data/raw/CODEFEST/F2_Seguridad_Entorno_Espacial/SWF_Counterspace/pdfs/Counterspace_Reports/SWF_gcsr-2026-execsum-chi.pdf
data/raw/CODEFEST/F2_Seguridad_Entorno_Espacial/SWF_Counterspace/pdfs/Counterspace_Reports/SWF_gcsr-2026-execsum-eng.pdf,.pdf,2940.2,raw,DOC-0853,pdf,data/raw/CODEFEST/F2_Seguridad_Entorno_Espacial/SWF_Counterspace/pdfs/Counterspace_Reports/SWF_gcsr-2026-execsum-eng.pdf
data/raw/CODEFEST/F2_Seguridad_Entorno_Espacial/SWF_Counterspace/pdfs/Counterspace_Reports/SWF_gcsr-2026-execsum-fre.pdf,.pdf,2952.4,raw,DOC-0854,pdf,data/raw/CODEFEST/F2_Seguridad_Entorno_Espacial/SWF_Counterspace/pdfs/Counterspace_Reports/SWF_gcsr-2026-execsum-fre.pdf
data/raw/CODEFEST/F2_Seguridad_Entorno_Espacial/SWF_Counterspace/pdfs/Counterspace_Reports/SWF_gcsr-2026-execsum-por.pdf,.pdf,3084.0,raw,DOC-0855,pdf,data/raw/CODEFEST/F2_Seguridad_Entorno_Espacial/SWF_Counterspace/pdfs/Counterspace_Reports/SWF_gcsr-2026-execsum-por.pdf
data/raw/CODEFEST/F2_Seguridad_Entorno_Espacial/SWF_Counterspace/pdfs/Counterspace_Reports/SWF_gcsr-2026-execsum-rus.pdf,.pdf,3012.3,raw,DOC-0856,pdf,data/raw/CODEFEST/F2_Seguridad_Entorno_Espacial/SWF_Counterspace/pdfs/Counterspace_Reports/SWF_gcsr-2026-execsum-rus.pdf
data/raw/CODEFEST/F2_Seguridad_Entorno_Espacial/SWF_Counterspace/pdfs/Counterspace_Reports/SWF_gcsr-2026-execsum-spa.pdf,.pdf,2956.0,raw,DOC-0857,pdf,data/raw/CODEFEST/F2_Seguridad_Entorno_Espacial/SWF_Counterspace/pdfs/Counterspace_Reports/SWF_gcsr-2026-execsum-spa.pdf
data/raw/CODEFEST/F2_Seguridad_Entorno_Espacial/SWF_Counterspace/pdfs/Counterspace_Reports/SWF_global-counterspace-capabilities-2022-rev2.pdf,.pdf,25626.9,raw,DOC-0858,pdf,data/raw/CODEFEST/F2_Seguridad_Entorno_Espacial/SWF_Counterspace/pdfs/Counterspace_Reports/SWF_global-counterspace-capabilities-2022-rev2.pdf
data/raw/CODEFEST/F2_Seguridad_Entorno_Espacial/SWF_Counterspace/pdfs/Counterspace_Reports/SWF_global-counterspace-capabilities-2024.pdf,.pdf,13997.9,raw,DOC-0859,pdf,data/raw/CODEFEST/F2_Seguridad_Entorno_Espacial/SWF_Counterspace/pdfs/Counterspace_Reports/SWF_global-counterspace-capabilities-2024.pdf
data/raw/CODEFEST/F2_Seguridad_Entorno_Espacial/SWF_Counterspace/pdfs/Counterspace_Reports/SWF_global-counterspace-capabilities-2025.pdf,.pdf,15869.9,raw,DOC-0860,pdf,data/raw/CODEFEST/F2_Seguridad_Entorno_Espacial/SWF_Counterspace/pdfs/Counterspace_Reports/SWF_global-counterspace-capabilities-2025.pdf
data/raw/CODEFEST/F2_Seguridad_Entorno_Espacial/SWF_Counterspace/pdfs/Counterspace_Reports/SWF_global-counterspace-capabilities-2026-hr.pdf,.pdf,56464.6,raw,DOC-0861,pdf,data/raw/CODEFEST/F2_Seguridad_Entorno_Espacial/SWF_Counterspace/pdfs/Counterspace_Reports/SWF_global-counterspace-capabilities-2026-hr.pdf
data/raw/CODEFEST/F2_Seguridad_Entorno_Espacial/SWF_Counterspace/pdfs/Fact_Sheets/SWF_6801551cf9f591e09a953b6d-fs23-12-oewg-on-reducing-space-threats-1023.pdf,.pdf,1346.0,raw,DOC-0862,pdf,data/raw/CODEFEST/F2_Seguridad_Entorno_Espacial/SWF_Counterspace/pdfs/Fact_Sheets/SWF_6801551cf9f591e09a953b6d-fs23-12-oewg-on-reducing-space-threats-1023.pdf
data/raw/CODEFEST/F2_Seguridad_Entorno_Espacial/SWF_Counterspace/pdfs/Fact_Sheets/SWF_68015970f3e8d76d3d9fdce3-swf-iridium-cosmos-collision-fact-sheet-updated-2012.pdf,.pdf,782.1,raw,DOC-0863,pdf,data/raw/CODEFEST/F2_Seguridad_Entorno_Espacial/SWF_Counterspace/pdfs/Fact_Sheets/SWF_68015970f3e8d76d3d9fdce3-swf-iridium-cosmos-collision-fact-sheet-updated-2012.pdf
data/raw/CODEFEST/F2_Seguridad_Entorno_Espacial/SWF_Counterspace/pdfs/Fact_Sheets/SWF_6859b22aeecc939d0f4c6f0d-gge-space-tcbms-fact-sheet-april-2014.pdf,.pdf,610.4,raw,DOC-0864,pdf,data/raw/CODEFEST/F2_Seguridad_Entorno_Espacial/SWF_Counterspace/pdfs/Fact_Sheets/SWF_6859b22aeecc939d0f4c6f0d-gge-space-tcbms-fact-sheet-april-2014.pdf
data/raw/CODEFEST/F2_Seguridad_Entorno_Espacial/SWF_Counterspace/pdfs/Fact_Sheets/SWF_69d7dd0c7b9a543b1c15c6ff-2025-commercial-and-civil-robotic-rendezvous-and-proximity-op.pdf,.pdf,896.0,raw,DOC-0865,pdf,data/raw/CODEFEST/F2_Seguridad_Entorno_Espacial/SWF_Counterspace/pdfs/Fact_Sheets/SWF_69d7dd0c7b9a543b1c15c6ff-2025-commercial-and-civil-robotic-rendezvous-and-proximity-op.pdf
data/raw/CODEFEST/F2_Seguridad_Entorno_Espacial/SWF_Counterspace/pdfs/Fact_Sheets/SWF_69d7dea06022e1fa5379dbdc-2025-u.s.-co-orbital-anti-satellite-testing-fact-sheet.pdf,.pdf,690.8,raw,DOC-0866,pdf,data/raw/CODEFEST/F2_Seguridad_Entorno_Espacial/SWF_Counterspace/pdfs/Fact_Sheets/SWF_69d7dea06022e1fa5379dbdc-2025-u.s.-co-orbital-anti-satellite-testing-fact-sheet.pdf
data/raw/CODEFEST/F2_Seguridad_Entorno_Espacial/SWF_Counterspace/pdfs/Fact_Sheets/SWF_fact-sheet-2026-chinese-direct-ascent-anti-satellite-testing.pdf,.pdf,367.7,raw,DOC-0867,pdf,data/raw/CODEFEST/F2_Seguridad_Entorno_Espacial/SWF_Counterspace/pdfs/Fact_Sheets/SWF_fact-sheet-2026-chinese-direct-ascent-anti-satellite-testing.pdf
data/raw/CODEFEST/F2_Seguridad_Entorno_Espacial/SWF_Counterspace/pdfs/Fact_Sheets/SWF_fact-sheet-2026-chinese-military-and-intelligence-rpo.pdf,.pdf,577.7,raw,DOC-0868,pdf,data/raw/CODEFEST/F2_Seguridad_Entorno_Espacial/SWF_Counterspace/pdfs/Fact_Sheets/SWF_fact-sheet-2026-chinese-military-and-intelligence-rpo.pdf
data/raw/CODEFEST/F2_Seguridad_Entorno_Espacial/SWF_Counterspace/pdfs/Fact_Sheets/SWF_fact-sheet-2026-chinese-reusable-experimental-spacecraft.pdf,.pdf,357.6,raw,DOC-0869,pdf,data/raw/CODEFEST/F2_Seguridad_Entorno_Espacial/SWF_Counterspace/pdfs/Fact_Sheets/SWF_fact-sheet-2026-chinese-reusable-experimental-spacecraft.pdf
data/raw/CODEFEST/F2_Seguridad_Entorno_Espacial/SWF_Counterspace/pdfs/Fact_Sheets/SWF_fact-sheet-2026-indian-direct-ascent-anti-satellite-testing.pdf,.pdf,1095.8,raw,DOC-0870,pdf,data/raw/CODEFEST/F2_Seguridad_Entorno_Espacial/SWF_Counterspace/pdfs/Fact_Sheets/SWF_fact-sheet-2026-indian-direct-ascent-anti-satellite-testing.pdf
data/raw/CODEFEST/F2_Seguridad_Entorno_Espacial/SWF_Counterspace/pdfs/Fact_Sheets/SWF_fact-sheet-2026-russian-co-orbital-anti-satellite-testing.pdf,.pdf,665.2,raw,DOC-0871,pdf,data/raw/CODEFEST/F2_Seguridad_Entorno_Espacial/SWF_Counterspace/pdfs/Fact_Sheets/SWF_fact-sheet-2026-russian-co-orbital-anti-satellite-testing.pdf
data/raw/CODEFEST/F2_Seguridad_Entorno_Espacial/SWF_Counterspace/pdfs/Fact_Sheets/SWF_fact-sheet-2026-russian-direct-ascent-anti-satellite-testing.pdf,.pdf,873.6,raw,DOC-0872,pdf,data/raw/CODEFEST/F2_Seguridad_Entorno_Espacial/SWF_Counterspace/pdfs/Fact_Sheets/SWF_fact-sheet-2026-russian-direct-ascent-anti-satellite-testing.pdf
data/raw/CODEFEST/F2_Seguridad_Entorno_Espacial/SWF_Counterspace/pdfs/Fact_Sheets/SWF_fact-sheet-2026-russian-military-and-intelligence-rendezvous-and-proximity-operations.pdf,.pdf,861.2,raw,DOC-0873,pdf,data/raw/CODEFEST/F2_Seguridad_Entorno_Espacial/SWF_Counterspace/pdfs/Fact_Sheets/SWF_fact-sheet-2026-russian-military-and-intelligence-rendezvous-and-proximity-operations.pdf
data/raw/CODEFEST/F2_Seguridad_Entorno_Espacial/SWF_Counterspace/pdfs/Fact_Sheets/SWF_fact-sheet-2026-u.s.-direct-ascent-anti-satellite-testing.pdf,.pdf,400.9,raw,DOC-0874,pdf,data/raw/CODEFEST/F2_Seguridad_Entorno_Espacial/SWF_Counterspace/pdfs/Fact_Sheets/SWF_fact-sheet-2026-u.s.-direct-ascent-anti-satellite-testing.pdf
data/raw/CODEFEST/F2_Seguridad_Entorno_Espacial/SWF_Counterspace/pdfs/Fact_Sheets/SWF_fact-sheet-2026-u.s.-military-and-intelligence-rendezvous-and-proximity-operations.pdf,.pdf,500.4,raw,DOC-0875,pdf,data/raw/CODEFEST/F2_Seguridad_Entorno_Espacial/SWF_Counterspace/pdfs/Fact_Sheets/SWF_fact-sheet-2026-u.s.-military-and-intelligence-rendezvous-and-proximity-operations.pdf
data/raw/CODEFEST/F2_Seguridad_Entorno_Espacial/SWF_Counterspace/pdfs/Fact_Sheets/SWF_fact-sheet-2026-us-co-orbital-anti-satellite-testing-2026.pdf,.pdf,325.8,raw,DOC-0876,pdf,data/raw/CODEFEST/F2_Seguridad_Entorno_Espacial/SWF_Counterspace/pdfs/Fact_Sheets/SWF_fact-sheet-2026-us-co-orbital-anti-satellite-testing-2026.pdf
data/raw/CODEFEST/F2_Seguridad_Entorno_Espacial/SWF_Counterspace/pdfs/Fact_Sheets/SWF_fact-sheet-2026-x-37b.pdf,.pdf,516.6,raw,DOC-0877,pdf,data/raw/CODEFEST/F2_Seguridad_Entorno_Espacial/SWF_Counterspace/pdfs/Fact_Sheets/SWF_fact-sheet-2026-x-37b.pdf
data/raw/CODEFEST/F2_Seguridad_Entorno_Espacial/SWF_Counterspace/pdfs/Otros/SWF_5-unoosa-director-statement-to-69th-copuos.pdf,.pdf,238.2,raw,DOC-0878,pdf,data/raw/CODEFEST/F2_Seguridad_Entorno_Espacial/SWF_Counterspace/pdfs/Otros/SWF_5-unoosa-director-statement-to-69th-copuos.pdf
data/raw/CODEFEST/F2_Seguridad_Entorno_Espacial/SWF_Counterspace/pdfs/Otros/SWF_685567ad2a80d36b0b5a15ef-copuos-briefing-book-russian-web.pdf,.pdf,8027.0,raw,DOC-0879,pdf,data/raw/CODEFEST/F2_Seguridad_Entorno_Espacial/SWF_Counterspace/pdfs/Otros/SWF_685567ad2a80d36b0b5a15ef-copuos-briefing-book-russian-web.pdf
data/raw/CODEFEST/F2_Seguridad_Entorno_Espacial/SWF_Counterspace/pdfs/Otros/SWF_685567ae7ac5278ddcb2dc68-copuos-briefing-book-spanish-web.pdf,.pdf,8397.1,raw,DOC-0880,pdf,data/raw/CODEFEST/F2_Seguridad_Entorno_Espacial/SWF_Counterspace/pdfs/Otros/SWF_685567ae7ac5278ddcb2dc68-copuos-briefing-book-spanish-web.pdf
data/raw/CODEFEST/F2_Seguridad_Entorno_Espacial/SWF_Counterspace/pdfs/Otros/SWF_68641e5ca00afad730f46a7e-da-asat-statement-march-2025.pdf,.pdf,811.8,raw,DOC-0881,pdf,data/raw/CODEFEST/F2_Seguridad_Entorno_Espacial/SWF_Counterspace/pdfs/Otros/SWF_68641e5ca00afad730f46a7e-da-asat-statement-march-2025.pdf
data/raw/CODEFEST/F2_Seguridad_Entorno_Espacial/SWF_Counterspace/pdfs/Otros/SWF_68a360cae303ff0aa031fe2d-handbook-for-new-actors-in-space-chinese-web.pdf,.pdf,4918.3,raw,DOC-0882,pdf,data/raw/CODEFEST/F2_Seguridad_Entorno_Espacial/SWF_Counterspace/pdfs/Otros/SWF_68a360cae303ff0aa031fe2d-handbook-for-new-actors-in-space-chinese-web.pdf
data/raw/CODEFEST/F2_Seguridad_Entorno_Espacial/SWF_Counterspace/pdfs/Otros/SWF_69d00cb41bf6510b78f7de95-2017-french-handbook-for-new-actors.pdf,.pdf,3149.1,raw,DOC-0883,pdf,data/raw/CODEFEST/F2_Seguridad_Entorno_Espacial/SWF_Counterspace/pdfs/Otros/SWF_69d00cb41bf6510b78f7de95-2017-french-handbook-for-new-actors.pdf
data/raw/CODEFEST/F2_Seguridad_Entorno_Espacial/SWF_Counterspace/pdfs/Otros/SWF_69efd9ea36f217e8cdf27506-swf-comments-on-spacex-odc-filing.pdf,.pdf,155.5,raw,DOC-0884,pdf,data/raw/CODEFEST/F2_Seguridad_Entorno_Espacial/SWF_Counterspace/pdfs/Otros/SWF_69efd9ea36f217e8cdf27506-swf-comments-on-spacex-odc-filing.pdf
data/raw/CODEFEST/F2_Seguridad_Entorno_Espacial/SWF_Counterspace/pdfs/Otros/SWF_69efdcb16aab3ec7a9eb444c-swf-comments-on-starcloud-odc-filing.pdf,.pdf,177.6,raw,DOC-0885,pdf,data/raw/CODEFEST/F2_Seguridad_Entorno_Espacial/SWF_Counterspace/pdfs/Otros/SWF_69efdcb16aab3ec7a9eb444c-swf-comments-on-starcloud-odc-filing.pdf
data/raw/CODEFEST/F2_Seguridad_Entorno_Espacial/SWF_Counterspace/pdfs/Otros/SWF_6a0b0818fcda8557e49ffd3f-swf-comments-on-blue-origin-odc-filing.pdf,.pdf,157.5,raw,DOC-0886,pdf,data/raw/CODEFEST/F2_Seguridad_Entorno_Espacial/SWF_Counterspace/pdfs/Otros/SWF_6a0b0818fcda8557e49ffd3f-swf-comments-on-blue-origin-odc-filing.pdf
data/raw/CODEFEST/F2_Seguridad_Entorno_Espacial/SWF_Counterspace/pdfs/Otros/SWF_6a3c34256ebbe7ed488408dd-verifying-the-prohibition-on-the-placement-of-nuclear-weapons.pdf,.pdf,188.1,raw,DOC-0887,pdf,data/raw/CODEFEST/F2_Seguridad_Entorno_Espacial/SWF_Counterspace/pdfs/Otros/SWF_6a3c34256ebbe7ed488408dd-verifying-the-prohibition-on-the-placement-of-nuclear-weapons.pdf
data/raw/CODEFEST/F2_Seguridad_Entorno_Espacial/SWF_Counterspace/pdfs/Otros/SWF_6a4562a468e2256623dbd210-space-tcbms-statement-to-sg-advisory-bd-on-disarmament-matter.pdf,.pdf,88.6,raw,DOC-0888,pdf,data/raw/CODEFEST/F2_Seguridad_Entorno_Espacial/SWF_Counterspace/pdfs/Otros/SWF_6a4562a468e2256623dbd210-space-tcbms-statement-to-sg-advisory-bd-on-disarmament-matter.pdf
data/raw/CODEFEST/F2_Seguridad_Entorno_Espacial/SWF_Counterspace/pdfs/Otros/SWF_6a5155ae152102225ac99178-swf-comments-on-cowboy-space-odc-filing.pdf,.pdf,183.2,raw,DOC-0889,pdf,data/raw/CODEFEST/F2_Seguridad_Entorno_Espacial/SWF_Counterspace/pdfs/Otros/SWF_6a5155ae152102225ac99178-swf-comments-on-cowboy-space-odc-filing.pdf
data/raw/CODEFEST/F2_Seguridad_Entorno_Espacial/SWF_Counterspace/pdfs/Otros/SWF_6a555a295484f70289284315-swf-statement-for-the-3rd-session-of-the-oewg-on-paros-in-all.pdf,.pdf,37.9,raw,DOC-0890,pdf,data/raw/CODEFEST/F2_Seguridad_Entorno_Espacial/SWF_Counterspace/pdfs/Otros/SWF_6a555a295484f70289284315-swf-statement-for-the-3rd-session-of-the-oewg-on-paros-in-all.pdf
data/raw/CODEFEST/F2_Seguridad_Entorno_Espacial/SWF_Counterspace/pdfs/Otros/SWF_742991e8c328c631d7315f22a966b3e5d88d5c804b3550cb284a72671ea5bd2a.house-science-committ.pdf,.pdf,273.9,raw,DOC-0891,pdf,data/raw/CODEFEST/F2_Seguridad_Entorno_Espacial/SWF_Counterspace/pdfs/Otros/SWF_742991e8c328c631d7315f22a966b3e5d88d5c804b3550cb284a72671ea5bd2a.house-science-committ.pdf
data/raw/CODEFEST/F2_Seguridad_Entorno_Espacial/SWF_Counterspace/pdfs/Otros/SWF_confers-operating-practices.pdf,.pdf,198.2,raw,DOC-0892,pdf,data/raw/CODEFEST/F2_Seguridad_Entorno_Espacial/SWF_Counterspace/pdfs/Otros/SWF_confers-operating-practices.pdf
data/raw/CODEFEST/F2_Seguridad_Entorno_Espacial/SWF_Counterspace/pdfs/Otros/SWF_copuos-briefing-book-2025-eng-web.pdf,.pdf,4221.3,raw,DOC-0893,pdf,data/raw/CODEFEST/F2_Seguridad_Entorno_Espacial/SWF_Counterspace/pdfs/Otros/SWF_copuos-briefing-book-2025-eng-web.pdf
data/raw/CODEFEST/F2_Seguridad_Entorno_Espacial/SWF_Counterspace/pdfs/Otros/SWF_copuos-briefing-book-2025-fre-web.pdf,.pdf,4668.2,raw,DOC-0894,pdf,data/raw/CODEFEST/F2_Seguridad_Entorno_Espacial/SWF_Counterspace/pdfs/Otros/SWF_copuos-briefing-book-2025-fre-web.pdf
data/raw/CODEFEST/F2_Seguridad_Entorno_Espacial/SWF_Counterspace/pdfs/Otros/SWF_handbook-for-new-space-actors-2025-hr.pdf,.pdf,11067.1,raw,DOC-0895,pdf,data/raw/CODEFEST/F2_Seguridad_Entorno_Espacial/SWF_Counterspace/pdfs/Otros/SWF_handbook-for-new-space-actors-2025-hr.pdf
data/raw/CODEFEST/F2_Seguridad_Entorno_Espacial/SWF_Counterspace/pdfs/Otros/SWF_ilrs-presentation20230529.pdf,.pdf,5251.0,raw,DOC-0896,pdf,data/raw/CODEFEST/F2_Seguridad_Entorno_Espacial/SWF_Counterspace/pdfs/Otros/SWF_ilrs-presentation20230529.pdf
data/raw/CODEFEST/F2_Seguridad_Entorno_Espacial/SWF_Counterspace/pdfs/Otros/SWF_investimento-respons-vel-no-setor-espacial.pdf,.pdf,5133.7,raw,DOC-0897,pdf,data/raw/CODEFEST/F2_Seguridad_Entorno_Espacial/SWF_Counterspace/pdfs/Otros/SWF_investimento-respons-vel-no-setor-espacial.pdf
data/raw/CODEFEST/F2_Seguridad_Entorno_Espacial/SWF_Counterspace/pdfs/Otros/SWF_publication-final-english-june2021.pdf,.pdf,1004.7,raw,DOC-0898,pdf,data/raw/CODEFEST/F2_Seguridad_Entorno_Espacial/SWF_Counterspace/pdfs/Otros/SWF_publication-final-english-june2021.pdf
data/raw/CODEFEST/F2_Seguridad_Entorno_Espacial/SWF_Counterspace/pdfs/Otros/SWF_space-commerce-certification-osc-proposal-march-2026.pdf,.pdf,333.9,raw,DOC-0899,pdf,data/raw/CODEFEST/F2_Seguridad_Entorno_Espacial/SWF_Counterspace/pdfs/Otros/SWF_space-commerce-certification-osc-proposal-march-2026.pdf
data/raw/CODEFEST/F2_Seguridad_Entorno_Espacial/SWF_Counterspace/pdfs/Otros/SWF_ssc-best-practices-for-space-operations-sustainability-v29.pdf,.pdf,1269.4,raw,DOC-0900,pdf,data/raw/CODEFEST/F2_Seguridad_Entorno_Espacial/SWF_Counterspace/pdfs/Otros/SWF_ssc-best-practices-for-space-operations-sustainability-v29.pdf
data/raw/CODEFEST/F2_Seguridad_Entorno_Espacial/SWF_Counterspace/pdfs/Otros/SWF_statement-copuos-26-item5-plenary.pdf,.pdf,123.5,raw,DOC-0901,pdf,data/raw/CODEFEST/F2_Seguridad_Entorno_Espacial/SWF_Counterspace/pdfs/Otros/SWF_statement-copuos-26-item5-plenary.pdf
data/raw/CODEFEST/F2_Seguridad_Entorno_Espacial/SWF_Counterspace/swf_counterspace_2026/SWF_full-text.txt,.txt,12.3,raw,DOC-0902,txt,data/raw/CODEFEST/F2_Seguridad_Entorno_Espacial/SWF_Counterspace/swf_counterspace_2026/SWF_full-text.txt
data/raw/CODEFEST/F2_Seguridad_Entorno_Espacial/SWF_Counterspace/swf_counterspace_2026/SWF_report-data.csv,.csv,5.5,raw,DOC-0903,csv,data/raw/CODEFEST/F2_Seguridad_Entorno_Espacial/SWF_Counterspace/swf_counterspace_2026/SWF_report-data.csv
data/raw/CODEFEST/F2_Seguridad_Entorno_Espacial/SWF_Counterspace/swf_counterspace_2026/SWF_report-data.json,.json,44.6,raw,DOC-0904,json,data/raw/CODEFEST/F2_Seguridad_Entorno_Espacial/SWF_Counterspace/swf_counterspace_2026/SWF_report-data.json
data/raw/CODEFEST/F2_Seguridad_Entorno_Espacial/SWF_Counterspace/swf_counterspace_2026/images/SWF_68239a54783e8c917bedf423-hs-2025-victoriasamson-web.avif,.avif,15.2,raw,DOC-0905,avif,data/raw/CODEFEST/F2_Seguridad_Entorno_Espacial/SWF_Counterspace/swf_counterspace_2026/images/SWF_68239a54783e8c917bedf423-hs-2025-victoriasamson-web.avif
data/raw/CODEFEST/F2_Seguridad_Entorno_Espacial/SWF_Counterspace/swf_counterspace_2026/images/SWF_68399caedbb7cbe28229c326-38236.jpg,.jpg,190.8,raw,DOC-0906,jpg,data/raw/CODEFEST/F2_Seguridad_Entorno_Espacial/SWF_Counterspace/swf_counterspace_2026/images/SWF_68399caedbb7cbe28229c326-38236.jpg
data/raw/CODEFEST/F2_Seguridad_Entorno_Espacial/SWF_Counterspace/swf_counterspace_2026/images/SWF_68399cb24dc4a66ec0d2c535-s43-83-082orig.jpg,.jpg,145.3,raw,DOC-0907,jpg,data/raw/CODEFEST/F2_Seguridad_Entorno_Espacial/SWF_Counterspace/swf_counterspace_2026/images/SWF_68399cb24dc4a66ec0d2c535-s43-83-082orig.jpg
data/raw/CODEFEST/F2_Seguridad_Entorno_Espacial/SWF_Counterspace/swf_counterspace_2026/images/SWF_68399cb30e67dd1473cc427a-sts063-712-072medium.jpg,.jpg,48.5,raw,DOC-0908,jpg,data/raw/CODEFEST/F2_Seguridad_Entorno_Espacial/SWF_Counterspace/swf_counterspace_2026/images/SWF_68399cb30e67dd1473cc427a-sts063-712-072medium.jpg
data/raw/CODEFEST/F2_Seguridad_Entorno_Espacial/SWF_Counterspace/swf_counterspace_2026/images/SWF_685948b82c82d26ce150c2a9-kbrett.jpg,.jpg,55.5,raw,DOC-0909,jpg,data/raw/CODEFEST/F2_Seguridad_Entorno_Espacial/SWF_Counterspace/swf_counterspace_2026/images/SWF_685948b82c82d26ce150c2a9-kbrett.jpg
data/raw/CODEFEST/F2_Seguridad_Entorno_Espacial/SWF_Counterspace/swf_counterspace_2026/images/SWF_69cac182eba666b43b38e5dd-table-5-1-web.jpg,.jpg,281.5,raw,DOC-0910,jpg,data/raw/CODEFEST/F2_Seguridad_Entorno_Espacial/SWF_Counterspace/swf_counterspace_2026/images/SWF_69cac182eba666b43b38e5dd-table-5-1-web.jpg
data/raw/CODEFEST/F2_Seguridad_Entorno_Espacial/SWF_Counterspace/swf_counterspace_2026/images/SWF_69caf750b6a0fce65862de8a-stoplight-chart-execsummary-web.jpg,.jpg,343.9,raw,DOC-0911,jpg,data/raw/CODEFEST/F2_Seguridad_Entorno_Espacial/SWF_Counterspace/swf_counterspace_2026/images/SWF_69caf750b6a0fce65862de8a-stoplight-chart-execsummary-web.jpg
data/raw/CODEFEST/F2_Seguridad_Entorno_Espacial/SWF_Counterspace/swf_counterspace_2026/images/SWF_69d5661917fa2d73b0e69452-cscr-head.jpg,.jpg,40.7,raw,DOC-0912,jpg,data/raw/CODEFEST/F2_Seguridad_Entorno_Espacial/SWF_Counterspace/swf_counterspace_2026/images/SWF_69d5661917fa2d73b0e69452-cscr-head.jpg
data/raw/CODEFEST/F2_Seguridad_Entorno_Espacial/SWF_Counterspace/swf_counterspace_2026/images/SWF_6a063f3ccaf9f32a290430b9-asat-by-country-2026.jpg,.jpg,39.6,raw,DOC-0913,jpg,data/raw/CODEFEST/F2_Seguridad_Entorno_Espacial/SWF_Counterspace/swf_counterspace_2026/images/SWF_6a063f3ccaf9f32a290430b9-asat-by-country-2026.jpg
data/raw/CODEFEST/F2_Seguridad_Entorno_Espacial/UNOOSA/pdfs/2021/UNOOSA_annual-report-2021.pdf,.pdf,15674.1,raw,DOC-0914,pdf,data/raw/CODEFEST/F2_Seguridad_Entorno_Espacial/UNOOSA/pdfs/2021/UNOOSA_annual-report-2021.pdf
data/raw/CODEFEST/F2_Seguridad_Entorno_Espacial/UNOOSA/pdfs/2021/UNOOSA_st-space-75rev01e.pdf,.pdf,15105.4,raw,DOC-0915,pdf,data/raw/CODEFEST/F2_Seguridad_Entorno_Espacial/UNOOSA/pdfs/2021/UNOOSA_st-space-75rev01e.pdf
data/raw/CODEFEST/F2_Seguridad_Entorno_Espacial/UNOOSA/pdfs/2022/UNOOSA_annual-report-2022.pdf,.pdf,8190.4,raw,DOC-0916,pdf,data/raw/CODEFEST/F2_Seguridad_Entorno_Espacial/UNOOSA/pdfs/2022/UNOOSA_annual-report-2022.pdf
data/raw/CODEFEST/F2_Seguridad_Entorno_Espacial/UNOOSA/pdfs/2023/UNOOSA_annual-report-2023.pdf,.pdf,20732.9,raw,DOC-0917,pdf,data/raw/CODEFEST/F2_Seguridad_Entorno_Espacial/UNOOSA/pdfs/2023/UNOOSA_annual-report-2023.pdf
data/raw/CODEFEST/F2_Seguridad_Entorno_Espacial/UNOOSA/pdfs/2023/UNOOSA_st-space-073e.pdf,.pdf,6755.6,raw,DOC-0918,pdf,data/raw/CODEFEST/F2_Seguridad_Entorno_Espacial/UNOOSA/pdfs/2023/UNOOSA_st-space-073e.pdf
data/raw/CODEFEST/F2_Seguridad_Entorno_Espacial/UNOOSA/pdfs/2023/UNOOSA_st-space-084e.pdf,.pdf,9251.7,raw,DOC-0919,pdf,data/raw/CODEFEST/F2_Seguridad_Entorno_Espacial/UNOOSA/pdfs/2023/UNOOSA_st-space-084e.pdf
data/raw/CODEFEST/F2_Seguridad_Entorno_Espacial/UNOOSA/pdfs/2023/UNOOSA_st-space-085e.pdf,.pdf,10485.4,raw,DOC-0920,pdf,data/raw/CODEFEST/F2_Seguridad_Entorno_Espacial/UNOOSA/pdfs/2023/UNOOSA_st-space-085e.pdf
data/raw/CODEFEST/F2_Seguridad_Entorno_Espacial/UNOOSA/pdfs/2023/UNOOSA_st-space-091e.pdf,.pdf,1517.6,raw,DOC-0921,pdf,data/raw/CODEFEST/F2_Seguridad_Entorno_Espacial/UNOOSA/pdfs/2023/UNOOSA_st-space-091e.pdf
data/raw/CODEFEST/F2_Seguridad_Entorno_Espacial/UNOOSA/pdfs/2024/UNOOSA_annual-report-2024.pdf,.pdf,20304.5,raw,DOC-0922,pdf,data/raw/CODEFEST/F2_Seguridad_Entorno_Espacial/UNOOSA/pdfs/2024/UNOOSA_annual-report-2024.pdf
data/raw/CODEFEST/F2_Seguridad_Entorno_Espacial/UNOOSA/pdfs/2024/UNOOSA_st-space-088a.pdf,.pdf,1289.9,raw,DOC-0923,pdf,data/raw/CODEFEST/F2_Seguridad_Entorno_Espacial/UNOOSA/pdfs/2024/UNOOSA_st-space-088a.pdf
data/raw/CODEFEST/F2_Seguridad_Entorno_Espacial/UNOOSA/pdfs/2024/UNOOSA_st-space-088c.pdf,.pdf,1581.4,raw,DOC-0924,pdf,data/raw/CODEFEST/F2_Seguridad_Entorno_Espacial/UNOOSA/pdfs/2024/UNOOSA_st-space-088c.pdf
data/raw/CODEFEST/F2_Seguridad_Entorno_Espacial/UNOOSA/pdfs/2024/UNOOSA_st-space-088e.pdf,.pdf,1862.9,raw,DOC-0925,pdf,data/raw/CODEFEST/F2_Seguridad_Entorno_Espacial/UNOOSA/pdfs/2024/UNOOSA_st-space-088e.pdf
data/raw/CODEFEST/F2_Seguridad_Entorno_Espacial/UNOOSA/pdfs/2024/UNOOSA_st-space-088f.pdf,.pdf,1354.9,raw,DOC-0926,pdf,data/raw/CODEFEST/F2_Seguridad_Entorno_Espacial/UNOOSA/pdfs/2024/UNOOSA_st-space-088f.pdf
data/raw/CODEFEST/F2_Seguridad_Entorno_Espacial/UNOOSA/pdfs/2024/UNOOSA_st-space-088r.pdf,.pdf,783.8,raw,DOC-0927,pdf,data/raw/CODEFEST/F2_Seguridad_Entorno_Espacial/UNOOSA/pdfs/2024/UNOOSA_st-space-088r.pdf
data/raw/CODEFEST/F2_Seguridad_Entorno_Espacial/UNOOSA/pdfs/2024/UNOOSA_st-space-088s.pdf,.pdf,1318.7,raw,DOC-0928,pdf,data/raw/CODEFEST/F2_Seguridad_Entorno_Espacial/UNOOSA/pdfs/2024/UNOOSA_st-space-088s.pdf
data/raw/CODEFEST/F2_Seguridad_Entorno_Espacial/UNOOSA/pdfs/2024/UNOOSA_st-space-092e.pdf,.pdf,6498.5,raw,DOC-0929,pdf,data/raw/CODEFEST/F2_Seguridad_Entorno_Espacial/UNOOSA/pdfs/2024/UNOOSA_st-space-092e.pdf
data/raw/CODEFEST/F2_Seguridad_Entorno_Espacial/UNOOSA/pdfs/2024/UNOOSA_st-space-092f.pdf,.pdf,6479.2,raw,DOC-0930,pdf,data/raw/CODEFEST/F2_Seguridad_Entorno_Espacial/UNOOSA/pdfs/2024/UNOOSA_st-space-092f.pdf
data/raw/CODEFEST/F2_Seguridad_Entorno_Espacial/UNOOSA/pdfs/2025/UNOOSA_ensuring-responsible-ai-in-space-and-earth-observation.pdf,.pdf,2742.8,raw,DOC-0931,pdf,data/raw/CODEFEST/F2_Seguridad_Entorno_Espacial/UNOOSA/pdfs/2025/UNOOSA_ensuring-responsible-ai-in-space-and-earth-observation.pdf
data/raw/CODEFEST/F2_Seguridad_Entorno_Espacial/UNOOSA/pdfs/2025/UNOOSA_st-space-089e.pdf,.pdf,27679.7,raw,DOC-0932,pdf,data/raw/CODEFEST/F2_Seguridad_Entorno_Espacial/UNOOSA/pdfs/2025/UNOOSA_st-space-089e.pdf
data/raw/CODEFEST/F2_Seguridad_Entorno_Espacial/UNOOSA/pdfs/2025/UNOOSA_st-space-095e.pdf,.pdf,28426.7,raw,DOC-0933,pdf,data/raw/CODEFEST/F2_Seguridad_Entorno_Espacial/UNOOSA/pdfs/2025/UNOOSA_st-space-095e.pdf
data/raw/CODEFEST/F2_Seguridad_Entorno_Espacial/UNOOSA/pdfs/2025/UNOOSA_st-space-096e.pdf,.pdf,3602.9,raw,DOC-0934,pdf,data/raw/CODEFEST/F2_Seguridad_Entorno_Espacial/UNOOSA/pdfs/2025/UNOOSA_st-space-096e.pdf
data/raw/CODEFEST/F2_Seguridad_Entorno_Espacial/UNOOSA/pdfs/2025/UNOOSA_st-space-61rev03a.pdf,.pdf,1449.9,raw,DOC-0935,pdf,data/raw/CODEFEST/F2_Seguridad_Entorno_Espacial/UNOOSA/pdfs/2025/UNOOSA_st-space-61rev03a.pdf
data/raw/CODEFEST/F2_Seguridad_Entorno_Espacial/UNOOSA/pdfs/2025/UNOOSA_st-space-61rev03c.pdf,.pdf,1221.2,raw,DOC-0936,pdf,data/raw/CODEFEST/F2_Seguridad_Entorno_Espacial/UNOOSA/pdfs/2025/UNOOSA_st-space-61rev03c.pdf
data/raw/CODEFEST/F2_Seguridad_Entorno_Espacial/UNOOSA/pdfs/2025/UNOOSA_st-space-61rev03e.pdf,.pdf,1128.6,raw,DOC-0937,pdf,data/raw/CODEFEST/F2_Seguridad_Entorno_Espacial/UNOOSA/pdfs/2025/UNOOSA_st-space-61rev03e.pdf
data/raw/CODEFEST/F2_Seguridad_Entorno_Espacial/UNOOSA/pdfs/2025/UNOOSA_st-space-61rev03f.pdf,.pdf,1156.1,raw,DOC-0938,pdf,data/raw/CODEFEST/F2_Seguridad_Entorno_Espacial/UNOOSA/pdfs/2025/UNOOSA_st-space-61rev03f.pdf
data/raw/CODEFEST/F2_Seguridad_Entorno_Espacial/UNOOSA/pdfs/2025/UNOOSA_st-space-61rev03r.pdf,.pdf,2920.1,raw,DOC-0939,pdf,data/raw/CODEFEST/F2_Seguridad_Entorno_Espacial/UNOOSA/pdfs/2025/UNOOSA_st-space-61rev03r.pdf
data/raw/CODEFEST/F2_Seguridad_Entorno_Espacial/UNOOSA/pdfs/2025/UNOOSA_st-space-61rev03s.pdf,.pdf,1279.0,raw,DOC-0940,pdf,data/raw/CODEFEST/F2_Seguridad_Entorno_Espacial/UNOOSA/pdfs/2025/UNOOSA_st-space-61rev03s.pdf
data/raw/CODEFEST/F2_Seguridad_Entorno_Espacial/UNOOSA/pdfs/2026/UNOOSA_extracts-from-the-icg-reports-edited-13-04-2026.pdf,.pdf,1457.9,raw,DOC-0941,pdf,data/raw/CODEFEST/F2_Seguridad_Entorno_Espacial/UNOOSA/pdfs/2026/UNOOSA_extracts-from-the-icg-reports-edited-13-04-2026.pdf
data/raw/CODEFEST/F2_Seguridad_Entorno_Espacial/UNOOSA/pdfs/2026/UNOOSA_icg-working-groups-recommendations-2026-03-27.pdf,.pdf,2432.2,raw,DOC-0942,pdf,data/raw/CODEFEST/F2_Seguridad_Entorno_Espacial/UNOOSA/pdfs/2026/UNOOSA_icg-working-groups-recommendations-2026-03-27.pdf
data/raw/CODEFEST/F2_Seguridad_Entorno_Espacial/UNOOSA/pdfs/2026/UNOOSA_safeguarding-space-issues-note-final.pdf,.pdf,2319.6,raw,DOC-0943,pdf,data/raw/CODEFEST/F2_Seguridad_Entorno_Espacial/UNOOSA/pdfs/2026/UNOOSA_safeguarding-space-issues-note-final.pdf
data/raw/CODEFEST/F2_Seguridad_Entorno_Espacial/UNOOSA/pdfs/Otros/UNOOSA_performance-standards-guidelines-v2.0-final.pdf,.pdf,2823.6,raw,DOC-0944,pdf,data/raw/CODEFEST/F2_Seguridad_Entorno_Espacial/UNOOSA/pdfs/Otros/UNOOSA_performance-standards-guidelines-v2.0-final.pdf
data/raw/CODEFEST/F3_Dinamicas_Territoriales/.DS_Store,,6.0,raw,DOC-0945,,data/raw/CODEFEST/F3_Dinamicas_Territoriales/.DS_Store
data/raw/CODEFEST/F3_Dinamicas_Territoriales/Alertas_Tempranas/.DS_Store,,6.0,raw,DOC-0946,,data/raw/CODEFEST/F3_Dinamicas_Territoriales/Alertas_Tempranas/.DS_Store
data/raw/CODEFEST/F3_Dinamicas_Territoriales/Alertas_Tempranas/alertas/ALERTAS_001-17-91689.json,.json,1.2,raw,DOC-0947,json,data/raw/CODEFEST/F3_Dinamicas_Territoriales/Alertas_Tempranas/alertas/ALERTAS_001-17-91689.json
data/raw/CODEFEST/F3_Dinamicas_Territoriales/Alertas_Tempranas/alertas/ALERTAS_001-18-91686.json,.json,1.2,raw,DOC-0948,json,data/raw/CODEFEST/F3_Dinamicas_Territoriales/Alertas_Tempranas/alertas/ALERTAS_001-18-91686.json
data/raw/CODEFEST/F3_Dinamicas_Territoriales/Alertas_Tempranas/alertas/ALERTAS_001-19-91688.json,.json,1.3,raw,DOC-0949,json,data/raw/CODEFEST/F3_Dinamicas_Territoriales/Alertas_Tempranas/alertas/ALERTAS_001-19-91688.json
data/raw/CODEFEST/F3_Dinamicas_Territoriales/Alertas_Tempranas/alertas/ALERTAS_001-20-91671.json,.json,1.5,raw,DOC-0950,json,data/raw/CODEFEST/F3_Dinamicas_Territoriales/Alertas_Tempranas/alertas/ALERTAS_001-20-91671.json
data/raw/CODEFEST/F3_Dinamicas_Territoriales/Alertas_Tempranas/alertas/ALERTAS_001-21-91789.json,.json,6.0,raw,DOC-0951,json,data/raw/CODEFEST/F3_Dinamicas_Territoriales/Alertas_Tempranas/alertas/ALERTAS_001-21-91789.json
data/raw/CODEFEST/F3_Dinamicas_Territoriales/Alertas_Tempranas/alertas/ALERTAS_001-22-91823.json,.json,1.9,raw,DOC-0952,json,data/raw/CODEFEST/F3_Dinamicas_Territoriales/Alertas_Tempranas/alertas/ALERTAS_001-22-91823.json
data/raw/CODEFEST/F3_Dinamicas_Territoriales/Alertas_Tempranas/alertas/ALERTAS_001-23-91857.json,.json,2.0,raw,DOC-0953,json,data/raw/CODEFEST/F3_Dinamicas_Territoriales/Alertas_Tempranas/alertas/ALERTAS_001-23-91857.json
data/raw/CODEFEST/F3_Dinamicas_Territoriales/Alertas_Tempranas/alertas/ALERTAS_001-24-91898.json,.json,1.6,raw,DOC-0954,json,data/raw/CODEFEST/F3_Dinamicas_Territoriales/Alertas_Tempranas/alertas/ALERTAS_001-24-91898.json
data/raw/CODEFEST/F3_Dinamicas_Territoriales/Alertas_Tempranas/alertas/ALERTAS_001-25-91926.json,.json,2.4,raw,DOC-0955,json,data/raw/CODEFEST/F3_Dinamicas_Territoriales/Alertas_Tempranas/alertas/ALERTAS_001-25-91926.json
data/raw/CODEFEST/F3_Dinamicas_Territoriales/Alertas_Tempranas/alertas/ALERTAS_001-26-91947.json,.json,1.2,raw,DOC-0956,json,data/raw/CODEFEST/F3_Dinamicas_Territoriales/Alertas_Tempranas/alertas/ALERTAS_001-26-91947.json
data/raw/CODEFEST/F3_Dinamicas_Territoriales/Alertas_Tempranas/alertas/ALERTAS_002-18-91621.json,.json,1.0,raw,DOC-0957,json,data/raw/CODEFEST/F3_Dinamicas_Territoriales/Alertas_Tempranas/alertas/ALERTAS_002-18-91621.json
data/raw/CODEFEST/F3_Dinamicas_Territoriales/Alertas_Tempranas/alertas/ALERTAS_002-19-91708.json,.json,1.5,raw,DOC-0958,json,data/raw/CODEFEST/F3_Dinamicas_Territoriales/Alertas_Tempranas/alertas/ALERTAS_002-19-91708.json
data/raw/CODEFEST/F3_Dinamicas_Territoriales/Alertas_Tempranas/alertas/ALERTAS_002-20-91767.json,.json,2.3,raw,DOC-0959,json,data/raw/CODEFEST/F3_Dinamicas_Territoriales/Alertas_Tempranas/alertas/ALERTAS_002-20-91767.json
data/raw/CODEFEST/F3_Dinamicas_Territoriales/Alertas_Tempranas/alertas/ALERTAS_002-21-91790.json,.json,2.5,raw,DOC-0960,json,data/raw/CODEFEST/F3_Dinamicas_Territoriales/Alertas_Tempranas/alertas/ALERTAS_002-21-91790.json
data/raw/CODEFEST/F3_Dinamicas_Territoriales/Alertas_Tempranas/alertas/ALERTAS_002-22-91824.json,.json,1.7,raw,DOC-0961,json,data/raw/CODEFEST/F3_Dinamicas_Territoriales/Alertas_Tempranas/alertas/ALERTAS_002-22-91824.json
data/raw/CODEFEST/F3_Dinamicas_Territoriales/Alertas_Tempranas/alertas/ALERTAS_002-23-91858.json,.json,1.8,raw,DOC-0962,json,data/raw/CODEFEST/F3_Dinamicas_Territoriales/Alertas_Tempranas/alertas/ALERTAS_002-23-91858.json
data/raw/CODEFEST/F3_Dinamicas_Territoriales/Alertas_Tempranas/alertas/ALERTAS_002-24-91899.json,.json,1.7,raw,DOC-0963,json,data/raw/CODEFEST/F3_Dinamicas_Territoriales/Alertas_Tempranas/alertas/ALERTAS_002-24-91899.json
data/raw/CODEFEST/F3_Dinamicas_Territoriales/Alertas_Tempranas/alertas/ALERTAS_002-25-91927.json,.json,1.2,raw,DOC-0964,json,data/raw/CODEFEST/F3_Dinamicas_Territoriales/Alertas_Tempranas/alertas/ALERTAS_002-25-91927.json
data/raw/CODEFEST/F3_Dinamicas_Territoriales/Alertas_Tempranas/alertas/ALERTAS_002-26-91948.json,.json,1.2,raw,DOC-0965,json,data/raw/CODEFEST/F3_Dinamicas_Territoriales/Alertas_Tempranas/alertas/ALERTAS_002-26-91948.json
data/raw/CODEFEST/F3_Dinamicas_Territoriales/Alertas_Tempranas/alertas/ALERTAS_003-18-91622.json,.json,1.3,raw,DOC-0966,json,data/raw/CODEFEST/F3_Dinamicas_Territoriales/Alertas_Tempranas/alertas/ALERTAS_003-18-91622.json
data/raw/CODEFEST/F3_Dinamicas_Territoriales/Alertas_Tempranas/alertas/ALERTAS_003-19-91594.json,.json,1.4,raw,DOC-0967,json,data/raw/CODEFEST/F3_Dinamicas_Territoriales/Alertas_Tempranas/alertas/ALERTAS_003-19-91594.json
data/raw/CODEFEST/F3_Dinamicas_Territoriales/Alertas_Tempranas/alertas/ALERTAS_003-20-91730.json,.json,1.7,raw,DOC-0968,json,data/raw/CODEFEST/F3_Dinamicas_Territoriales/Alertas_Tempranas/alertas/ALERTAS_003-20-91730.json
data/raw/CODEFEST/F3_Dinamicas_Territoriales/Alertas_Tempranas/alertas/ALERTAS_003-21-91791.json,.json,3.0,raw,DOC-0969,json,data/raw/CODEFEST/F3_Dinamicas_Territoriales/Alertas_Tempranas/alertas/ALERTAS_003-21-91791.json
data/raw/CODEFEST/F3_Dinamicas_Territoriales/Alertas_Tempranas/alertas/ALERTAS_003-22-91825.json,.json,1.3,raw,DOC-0970,json,data/raw/CODEFEST/F3_Dinamicas_Territoriales/Alertas_Tempranas/alertas/ALERTAS_003-22-91825.json
data/raw/CODEFEST/F3_Dinamicas_Territoriales/Alertas_Tempranas/alertas/ALERTAS_003-23-91859.json,.json,1.8,raw,DOC-0971,json,data/raw/CODEFEST/F3_Dinamicas_Territoriales/Alertas_Tempranas/alertas/ALERTAS_003-23-91859.json
data/raw/CODEFEST/F3_Dinamicas_Territoriales/Alertas_Tempranas/alertas/ALERTAS_003-24-91901.json,.json,1.4,raw,DOC-0972,json,data/raw/CODEFEST/F3_Dinamicas_Territoriales/Alertas_Tempranas/alertas/ALERTAS_003-24-91901.json
data/raw/CODEFEST/F3_Dinamicas_Territoriales/Alertas_Tempranas/alertas/ALERTAS_003-25-91928.json,.json,1.5,raw,DOC-0973,json,data/raw/CODEFEST/F3_Dinamicas_Territoriales/Alertas_Tempranas/alertas/ALERTAS_003-25-91928.json
data/raw/CODEFEST/F3_Dinamicas_Territoriales/Alertas_Tempranas/alertas/ALERTAS_003-26-91949.json,.json,1.5,raw,DOC-0974,json,data/raw/CODEFEST/F3_Dinamicas_Territoriales/Alertas_Tempranas/alertas/ALERTAS_003-26-91949.json
data/raw/CODEFEST/F3_Dinamicas_Territoriales/Alertas_Tempranas/alertas/ALERTAS_004-18-91623.json,.json,1.5,raw,DOC-0975,json,data/raw/CODEFEST/F3_Dinamicas_Territoriales/Alertas_Tempranas/alertas/ALERTAS_004-18-91623.json
data/raw/CODEFEST/F3_Dinamicas_Territoriales/Alertas_Tempranas/alertas/ALERTAS_004-19-91696.json,.json,1.4,raw,DOC-0976,json,data/raw/CODEFEST/F3_Dinamicas_Territoriales/Alertas_Tempranas/alertas/ALERTAS_004-19-91696.json
data/raw/CODEFEST/F3_Dinamicas_Territoriales/Alertas_Tempranas/alertas/ALERTAS_004-20-91768.json,.json,2.2,raw,DOC-0977,json,data/raw/CODEFEST/F3_Dinamicas_Territoriales/Alertas_Tempranas/alertas/ALERTAS_004-20-91768.json
data/raw/CODEFEST/F3_Dinamicas_Territoriales/Alertas_Tempranas/alertas/ALERTAS_004-21-91792.json,.json,5.0,raw,DOC-0978,json,data/raw/CODEFEST/F3_Dinamicas_Territoriales/Alertas_Tempranas/alertas/ALERTAS_004-21-91792.json
data/raw/CODEFEST/F3_Dinamicas_Territoriales/Alertas_Tempranas/alertas/ALERTAS_004-22-91826.json,.json,3.9,raw,DOC-0979,json,data/raw/CODEFEST/F3_Dinamicas_Territoriales/Alertas_Tempranas/alertas/ALERTAS_004-22-91826.json
data/raw/CODEFEST/F3_Dinamicas_Territoriales/Alertas_Tempranas/alertas/ALERTAS_004-23-91860.json,.json,1.6,raw,DOC-0980,json,data/raw/CODEFEST/F3_Dinamicas_Territoriales/Alertas_Tempranas/alertas/ALERTAS_004-23-91860.json
data/raw/CODEFEST/F3_Dinamicas_Territoriales/Alertas_Tempranas/alertas/ALERTAS_004-24-91902.json,.json,1.5,raw,DOC-0981,json,data/raw/CODEFEST/F3_Dinamicas_Territoriales/Alertas_Tempranas/alertas/ALERTAS_004-24-91902.json
data/raw/CODEFEST/F3_Dinamicas_Territoriales/Alertas_Tempranas/alertas/ALERTAS_004-25-91929.json,.json,1.6,raw,DOC-0982,json,data/raw/CODEFEST/F3_Dinamicas_Territoriales/Alertas_Tempranas/alertas/ALERTAS_004-25-91929.json
data/raw/CODEFEST/F3_Dinamicas_Territoriales/Alertas_Tempranas/alertas/ALERTAS_004-26-91950.json,.json,1.5,raw,DOC-0983,json,data/raw/CODEFEST/F3_Dinamicas_Territoriales/Alertas_Tempranas/alertas/ALERTAS_004-26-91950.json
data/raw/CODEFEST/F3_Dinamicas_Territoriales/Alertas_Tempranas/alertas/ALERTAS_005-18-91687.json,.json,1.3,raw,DOC-0984,json,data/raw/CODEFEST/F3_Dinamicas_Territoriales/Alertas_Tempranas/alertas/ALERTAS_005-18-91687.json
data/raw/CODEFEST/F3_Dinamicas_Territoriales/Alertas_Tempranas/alertas/ALERTAS_005-19-91754.json,.json,1.8,raw,DOC-0985,json,data/raw/CODEFEST/F3_Dinamicas_Territoriales/Alertas_Tempranas/alertas/ALERTAS_005-19-91754.json
data/raw/CODEFEST/F3_Dinamicas_Territoriales/Alertas_Tempranas/alertas/ALERTAS_005-20-91661.json,.json,1.9,raw,DOC-0986,json,data/raw/CODEFEST/F3_Dinamicas_Territoriales/Alertas_Tempranas/alertas/ALERTAS_005-20-91661.json
data/raw/CODEFEST/F3_Dinamicas_Territoriales/Alertas_Tempranas/alertas/ALERTAS_005-21-91793.json,.json,2.0,raw,DOC-0987,json,data/raw/CODEFEST/F3_Dinamicas_Territoriales/Alertas_Tempranas/alertas/ALERTAS_005-21-91793.json
data/raw/CODEFEST/F3_Dinamicas_Territoriales/Alertas_Tempranas/alertas/ALERTAS_005-22-91827.json,.json,1.7,raw,DOC-0988,json,data/raw/CODEFEST/F3_Dinamicas_Territoriales/Alertas_Tempranas/alertas/ALERTAS_005-22-91827.json
data/raw/CODEFEST/F3_Dinamicas_Territoriales/Alertas_Tempranas/alertas/ALERTAS_005-23-91861.json,.json,1.5,raw,DOC-0989,json,data/raw/CODEFEST/F3_Dinamicas_Territoriales/Alertas_Tempranas/alertas/ALERTAS_005-23-91861.json
data/raw/CODEFEST/F3_Dinamicas_Territoriales/Alertas_Tempranas/alertas/ALERTAS_005-24-91903.json,.json,1.1,raw,DOC-0990,json,data/raw/CODEFEST/F3_Dinamicas_Territoriales/Alertas_Tempranas/alertas/ALERTAS_005-24-91903.json
data/raw/CODEFEST/F3_Dinamicas_Territoriales/Alertas_Tempranas/alertas/ALERTAS_005-25-91930.json,.json,1.8,raw,DOC-0991,json,data/raw/CODEFEST/F3_Dinamicas_Territoriales/Alertas_Tempranas/alertas/ALERTAS_005-25-91930.json
data/raw/CODEFEST/F3_Dinamicas_Territoriales/Alertas_Tempranas/alertas/ALERTAS_005-26-91951.json,.json,1.2,raw,DOC-0992,json,data/raw/CODEFEST/F3_Dinamicas_Territoriales/Alertas_Tempranas/alertas/ALERTAS_005-26-91951.json
data/raw/CODEFEST/F3_Dinamicas_Territoriales/Alertas_Tempranas/alertas/ALERTAS_006-18-91624.json,.json,1.0,raw,DOC-0993,json,data/raw/CODEFEST/F3_Dinamicas_Territoriales/Alertas_Tempranas/alertas/ALERTAS_006-18-91624.json
data/raw/CODEFEST/F3_Dinamicas_Territoriales/Alertas_Tempranas/alertas/ALERTAS_006-19-91691.json,.json,1.2,raw,DOC-0994,json,data/raw/CODEFEST/F3_Dinamicas_Territoriales/Alertas_Tempranas/alertas/ALERTAS_006-19-91691.json
data/raw/CODEFEST/F3_Dinamicas_Territoriales/Alertas_Tempranas/alertas/ALERTAS_006-20-91731.json,.json,2.5,raw,DOC-0995,json,data/raw/CODEFEST/F3_Dinamicas_Territoriales/Alertas_Tempranas/alertas/ALERTAS_006-20-91731.json
data/raw/CODEFEST/F3_Dinamicas_Territoriales/Alertas_Tempranas/alertas/ALERTAS_006-21-91794.json,.json,1.4,raw,DOC-0996,json,data/raw/CODEFEST/F3_Dinamicas_Territoriales/Alertas_Tempranas/alertas/ALERTAS_006-21-91794.json
data/raw/CODEFEST/F3_Dinamicas_Territoriales/Alertas_Tempranas/alertas/ALERTAS_006-22-91828.json,.json,1.4,raw,DOC-0997,json,data/raw/CODEFEST/F3_Dinamicas_Territoriales/Alertas_Tempranas/alertas/ALERTAS_006-22-91828.json
data/raw/CODEFEST/F3_Dinamicas_Territoriales/Alertas_Tempranas/alertas/ALERTAS_006-23-91862.json,.json,1.0,raw,DOC-0998,json,data/raw/CODEFEST/F3_Dinamicas_Territoriales/Alertas_Tempranas/alertas/ALERTAS_006-23-91862.json
data/raw/CODEFEST/F3_Dinamicas_Territoriales/Alertas_Tempranas/alertas/ALERTAS_006-24-91904.json,.json,1.2,raw,DOC-0999,json,data/raw/CODEFEST/F3_Dinamicas_Territoriales/Alertas_Tempranas/alertas/ALERTAS_006-24-91904.json
data/raw/CODEFEST/F3_Dinamicas_Territoriales/Alertas_Tempranas/alertas/ALERTAS_006-25-91931.json,.json,1.5,raw,DOC-1000,json,data/raw/CODEFEST/F3_Dinamicas_Territoriales/Alertas_Tempranas/alertas/ALERTAS_006-25-91931.json
data/raw/CODEFEST/F3_Dinamicas_Territoriales/Alertas_Tempranas/alertas/ALERTAS_006-26-91952.json,.json,1.4,raw,DOC-1001,json,data/raw/CODEFEST/F3_Dinamicas_Territoriales/Alertas_Tempranas/alertas/ALERTAS_006-26-91952.json
data/raw/CODEFEST/F3_Dinamicas_Territoriales/Alertas_Tempranas/alertas/ALERTAS_007-18-91710.json,.json,1.3,raw,DOC-1002,json,data/raw/CODEFEST/F3_Dinamicas_Territoriales/Alertas_Tempranas/alertas/ALERTAS_007-18-91710.json
data/raw/CODEFEST/F3_Dinamicas_Territoriales/Alertas_Tempranas/alertas/ALERTAS_007-19-91592.json,.json,1.5,raw,DOC-1003,json,data/raw/CODEFEST/F3_Dinamicas_Territoriales/Alertas_Tempranas/alertas/ALERTAS_007-19-91592.json
data/raw/CODEFEST/F3_Dinamicas_Territoriales/Alertas_Tempranas/alertas/ALERTAS_007-20-91732.json,.json,1.8,raw,DOC-1004,json,data/raw/CODEFEST/F3_Dinamicas_Territoriales/Alertas_Tempranas/alertas/ALERTAS_007-20-91732.json
data/raw/CODEFEST/F3_Dinamicas_Territoriales/Alertas_Tempranas/alertas/ALERTAS_007-21-91795.json,.json,1.8,raw,DOC-1005,json,data/raw/CODEFEST/F3_Dinamicas_Territoriales/Alertas_Tempranas/alertas/ALERTAS_007-21-91795.json
data/raw/CODEFEST/F3_Dinamicas_Territoriales/Alertas_Tempranas/alertas/ALERTAS_007-22-91829.json,.json,1.0,raw,DOC-1006,json,data/raw/CODEFEST/F3_Dinamicas_Territoriales/Alertas_Tempranas/alertas/ALERTAS_007-22-91829.json
data/raw/CODEFEST/F3_Dinamicas_Territoriales/Alertas_Tempranas/alertas/ALERTAS_007-23-91863.json,.json,1.1,raw,DOC-1007,json,data/raw/CODEFEST/F3_Dinamicas_Territoriales/Alertas_Tempranas/alertas/ALERTAS_007-23-91863.json
data/raw/CODEFEST/F3_Dinamicas_Territoriales/Alertas_Tempranas/alertas/ALERTAS_007-24-91905.json,.json,1.9,raw,DOC-1008,json,data/raw/CODEFEST/F3_Dinamicas_Territoriales/Alertas_Tempranas/alertas/ALERTAS_007-24-91905.json
data/raw/CODEFEST/F3_Dinamicas_Territoriales/Alertas_Tempranas/alertas/ALERTAS_007-25-91932.json,.json,1.5,raw,DOC-1009,json,data/raw/CODEFEST/F3_Dinamicas_Territoriales/Alertas_Tempranas/alertas/ALERTAS_007-25-91932.json
data/raw/CODEFEST/F3_Dinamicas_Territoriales/Alertas_Tempranas/alertas/ALERTAS_007-26-91953.json,.json,1.6,raw,DOC-1010,json,data/raw/CODEFEST/F3_Dinamicas_Territoriales/Alertas_Tempranas/alertas/ALERTAS_007-26-91953.json
data/raw/CODEFEST/F3_Dinamicas_Territoriales/Alertas_Tempranas/alertas/ALERTAS_008-18-91711.json,.json,1.3,raw,DOC-1011,json,data/raw/CODEFEST/F3_Dinamicas_Territoriales/Alertas_Tempranas/alertas/ALERTAS_008-18-91711.json
data/raw/CODEFEST/F3_Dinamicas_Territoriales/Alertas_Tempranas/alertas/ALERTAS_008-19-91595.json,.json,0.9,raw,DOC-1012,json,data/raw/CODEFEST/F3_Dinamicas_Territoriales/Alertas_Tempranas/alertas/ALERTAS_008-19-91595.json
data/raw/CODEFEST/F3_Dinamicas_Territoriales/Alertas_Tempranas/alertas/ALERTAS_008-20-91660.json,.json,1.5,raw,DOC-1013,json,data/raw/CODEFEST/F3_Dinamicas_Territoriales/Alertas_Tempranas/alertas/ALERTAS_008-20-91660.json
data/raw/CODEFEST/F3_Dinamicas_Territoriales/Alertas_Tempranas/alertas/ALERTAS_008-21-91796.json,.json,4.6,raw,DOC-1014,json,data/raw/CODEFEST/F3_Dinamicas_Territoriales/Alertas_Tempranas/alertas/ALERTAS_008-21-91796.json
data/raw/CODEFEST/F3_Dinamicas_Territoriales/Alertas_Tempranas/alertas/ALERTAS_008-22-91830.json,.json,1.4,raw,DOC-1015,json,data/raw/CODEFEST/F3_Dinamicas_Territoriales/Alertas_Tempranas/alertas/ALERTAS_008-22-91830.json
data/raw/CODEFEST/F3_Dinamicas_Territoriales/Alertas_Tempranas/alertas/ALERTAS_008-23-91864.json,.json,1.7,raw,DOC-1016,json,data/raw/CODEFEST/F3_Dinamicas_Territoriales/Alertas_Tempranas/alertas/ALERTAS_008-23-91864.json
data/raw/CODEFEST/F3_Dinamicas_Territoriales/Alertas_Tempranas/alertas/ALERTAS_008-24-91906.json,.json,1.6,raw,DOC-1017,json,data/raw/CODEFEST/F3_Dinamicas_Territoriales/Alertas_Tempranas/alertas/ALERTAS_008-24-91906.json
data/raw/CODEFEST/F3_Dinamicas_Territoriales/Alertas_Tempranas/alertas/ALERTAS_008-25-91933.json,.json,1.9,raw,DOC-1018,json,data/raw/CODEFEST/F3_Dinamicas_Territoriales/Alertas_Tempranas/alertas/ALERTAS_008-25-91933.json
data/raw/CODEFEST/F3_Dinamicas_Territoriales/Alertas_Tempranas/alertas/ALERTAS_008-26-91954.json,.json,1.4,raw,DOC-1019,json,data/raw/CODEFEST/F3_Dinamicas_Territoriales/Alertas_Tempranas/alertas/ALERTAS_008-26-91954.json
data/raw/CODEFEST/F3_Dinamicas_Territoriales/Alertas_Tempranas/alertas/ALERTAS_009-18-91625.json,.json,1.1,raw,DOC-1020,json,data/raw/CODEFEST/F3_Dinamicas_Territoriales/Alertas_Tempranas/alertas/ALERTAS_009-18-91625.json
data/raw/CODEFEST/F3_Dinamicas_Territoriales/Alertas_Tempranas/alertas/ALERTAS_009-19-91755.json,.json,1.5,raw,DOC-1021,json,data/raw/CODEFEST/F3_Dinamicas_Territoriales/Alertas_Tempranas/alertas/ALERTAS_009-19-91755.json
data/raw/CODEFEST/F3_Dinamicas_Territoriales/Alertas_Tempranas/alertas/ALERTAS_009-20-91739.json,.json,2.0,raw,DOC-1022,json,data/raw/CODEFEST/F3_Dinamicas_Territoriales/Alertas_Tempranas/alertas/ALERTAS_009-20-91739.json
data/raw/CODEFEST/F3_Dinamicas_Territoriales/Alertas_Tempranas/alertas/ALERTAS_009-21-91798.json,.json,1.7,raw,DOC-1023,json,data/raw/CODEFEST/F3_Dinamicas_Territoriales/Alertas_Tempranas/alertas/ALERTAS_009-21-91798.json
data/raw/CODEFEST/F3_Dinamicas_Territoriales/Alertas_Tempranas/alertas/ALERTAS_009-22-91831.json,.json,0.9,raw,DOC-1024,json,data/raw/CODEFEST/F3_Dinamicas_Territoriales/Alertas_Tempranas/alertas/ALERTAS_009-22-91831.json
data/raw/CODEFEST/F3_Dinamicas_Territoriales/Alertas_Tempranas/alertas/ALERTAS_009-23-91865.json,.json,2.2,raw,DOC-1025,json,data/raw/CODEFEST/F3_Dinamicas_Territoriales/Alertas_Tempranas/alertas/ALERTAS_009-23-91865.json
data/raw/CODEFEST/F3_Dinamicas_Territoriales/Alertas_Tempranas/alertas/ALERTAS_009-24-91907.json,.json,1.6,raw,DOC-1026,json,data/raw/CODEFEST/F3_Dinamicas_Territoriales/Alertas_Tempranas/alertas/ALERTAS_009-24-91907.json
data/raw/CODEFEST/F3_Dinamicas_Territoriales/Alertas_Tempranas/alertas/ALERTAS_009-25-91934.json,.json,1.9,raw,DOC-1027,json,data/raw/CODEFEST/F3_Dinamicas_Territoriales/Alertas_Tempranas/alertas/ALERTAS_009-25-91934.json
data/raw/CODEFEST/F3_Dinamicas_Territoriales/Alertas_Tempranas/alertas/ALERTAS_009-26-91955.json,.json,1.4,raw,DOC-1028,json,data/raw/CODEFEST/F3_Dinamicas_Territoriales/Alertas_Tempranas/alertas/ALERTAS_009-26-91955.json
data/raw/CODEFEST/F3_Dinamicas_Territoriales/Alertas_Tempranas/alertas/ALERTAS_010-18-91626.json,.json,1.1,raw,DOC-1029,json,data/raw/CODEFEST/F3_Dinamicas_Territoriales/Alertas_Tempranas/alertas/ALERTAS_010-18-91626.json
data/raw/CODEFEST/F3_Dinamicas_Territoriales/Alertas_Tempranas/alertas/ALERTAS_010-19-91756.json,.json,1.4,raw,DOC-1030,json,data/raw/CODEFEST/F3_Dinamicas_Territoriales/Alertas_Tempranas/alertas/ALERTAS_010-19-91756.json
data/raw/CODEFEST/F3_Dinamicas_Territoriales/Alertas_Tempranas/alertas/ALERTAS_010-20-91662.json,.json,1.4,raw,DOC-1031,json,data/raw/CODEFEST/F3_Dinamicas_Territoriales/Alertas_Tempranas/alertas/ALERTAS_010-20-91662.json
data/raw/CODEFEST/F3_Dinamicas_Territoriales/Alertas_Tempranas/alertas/ALERTAS_010-21-91797.json,.json,2.1,raw,DOC-1032,json,data/raw/CODEFEST/F3_Dinamicas_Territoriales/Alertas_Tempranas/alertas/ALERTAS_010-21-91797.json
data/raw/CODEFEST/F3_Dinamicas_Territoriales/Alertas_Tempranas/alertas/ALERTAS_010-22-91832.json,.json,1.3,raw,DOC-1033,json,data/raw/CODEFEST/F3_Dinamicas_Territoriales/Alertas_Tempranas/alertas/ALERTAS_010-22-91832.json
data/raw/CODEFEST/F3_Dinamicas_Territoriales/Alertas_Tempranas/alertas/ALERTAS_010-23-91866.json,.json,1.4,raw,DOC-1034,json,data/raw/CODEFEST/F3_Dinamicas_Territoriales/Alertas_Tempranas/alertas/ALERTAS_010-23-91866.json
data/raw/CODEFEST/F3_Dinamicas_Territoriales/Alertas_Tempranas/alertas/ALERTAS_010-24-91908.json,.json,1.9,raw,DOC-1035,json,data/raw/CODEFEST/F3_Dinamicas_Territoriales/Alertas_Tempranas/alertas/ALERTAS_010-24-91908.json
data/raw/CODEFEST/F3_Dinamicas_Territoriales/Alertas_Tempranas/alertas/ALERTAS_010-25-91935.json,.json,1.9,raw,DOC-1036,json,data/raw/CODEFEST/F3_Dinamicas_Territoriales/Alertas_Tempranas/alertas/ALERTAS_010-25-91935.json
data/raw/CODEFEST/F3_Dinamicas_Territoriales/Alertas_Tempranas/alertas/ALERTAS_010-26-91956.json,.json,1.4,raw,DOC-1037,json,data/raw/CODEFEST/F3_Dinamicas_Territoriales/Alertas_Tempranas/alertas/ALERTAS_010-26-91956.json
data/raw/CODEFEST/F3_Dinamicas_Territoriales/Alertas_Tempranas/alertas/ALERTAS_011-18-91712.json,.json,1.3,raw,DOC-1038,json,data/raw/CODEFEST/F3_Dinamicas_Territoriales/Alertas_Tempranas/alertas/ALERTAS_011-18-91712.json
data/raw/CODEFEST/F3_Dinamicas_Territoriales/Alertas_Tempranas/alertas/ALERTAS_011-19-91757.json,.json,1.4,raw,DOC-1039,json,data/raw/CODEFEST/F3_Dinamicas_Territoriales/Alertas_Tempranas/alertas/ALERTAS_011-19-91757.json
data/raw/CODEFEST/F3_Dinamicas_Territoriales/Alertas_Tempranas/alertas/ALERTAS_011-20-91663.json,.json,1.2,raw,DOC-1040,json,data/raw/CODEFEST/F3_Dinamicas_Territoriales/Alertas_Tempranas/alertas/ALERTAS_011-20-91663.json
data/raw/CODEFEST/F3_Dinamicas_Territoriales/Alertas_Tempranas/alertas/ALERTAS_011-21-91799.json,.json,3.1,raw,DOC-1041,json,data/raw/CODEFEST/F3_Dinamicas_Territoriales/Alertas_Tempranas/alertas/ALERTAS_011-21-91799.json
data/raw/CODEFEST/F3_Dinamicas_Territoriales/Alertas_Tempranas/alertas/ALERTAS_011-22-91833.json,.json,1.6,raw,DOC-1042,json,data/raw/CODEFEST/F3_Dinamicas_Territoriales/Alertas_Tempranas/alertas/ALERTAS_011-22-91833.json
data/raw/CODEFEST/F3_Dinamicas_Territoriales/Alertas_Tempranas/alertas/ALERTAS_011-23-91867.json,.json,1.8,raw,DOC-1043,json,data/raw/CODEFEST/F3_Dinamicas_Territoriales/Alertas_Tempranas/alertas/ALERTAS_011-23-91867.json
data/raw/CODEFEST/F3_Dinamicas_Territoriales/Alertas_Tempranas/alertas/ALERTAS_011-24-91909.json,.json,1.6,raw,DOC-1044,json,data/raw/CODEFEST/F3_Dinamicas_Territoriales/Alertas_Tempranas/alertas/ALERTAS_011-24-91909.json
data/raw/CODEFEST/F3_Dinamicas_Territoriales/Alertas_Tempranas/alertas/ALERTAS_011-25-91936.json,.json,1.5,raw,DOC-1045,json,data/raw/CODEFEST/F3_Dinamicas_Territoriales/Alertas_Tempranas/alertas/ALERTAS_011-25-91936.json
data/raw/CODEFEST/F3_Dinamicas_Territoriales/Alertas_Tempranas/alertas/ALERTAS_011-26-91957.json,.json,1.9,raw,DOC-1046,json,data/raw/CODEFEST/F3_Dinamicas_Territoriales/Alertas_Tempranas/alertas/ALERTAS_011-26-91957.json
data/raw/CODEFEST/F3_Dinamicas_Territoriales/Alertas_Tempranas/alertas/ALERTAS_012-18-91627.json,.json,1.1,raw,DOC-1047,json,data/raw/CODEFEST/F3_Dinamicas_Territoriales/Alertas_Tempranas/alertas/ALERTAS_012-18-91627.json
data/raw/CODEFEST/F3_Dinamicas_Territoriales/Alertas_Tempranas/alertas/ALERTAS_012-19-91596.json,.json,1.1,raw,DOC-1048,json,data/raw/CODEFEST/F3_Dinamicas_Territoriales/Alertas_Tempranas/alertas/ALERTAS_012-19-91596.json
data/raw/CODEFEST/F3_Dinamicas_Territoriales/Alertas_Tempranas/alertas/ALERTAS_012-20-91670.json,.json,1.2,raw,DOC-1049,json,data/raw/CODEFEST/F3_Dinamicas_Territoriales/Alertas_Tempranas/alertas/ALERTAS_012-20-91670.json
data/raw/CODEFEST/F3_Dinamicas_Territoriales/Alertas_Tempranas/alertas/ALERTAS_012-21-91800.json,.json,2.9,raw,DOC-1050,json,data/raw/CODEFEST/F3_Dinamicas_Territoriales/Alertas_Tempranas/alertas/ALERTAS_012-21-91800.json
data/raw/CODEFEST/F3_Dinamicas_Territoriales/Alertas_Tempranas/alertas/ALERTAS_012-22-91835.json,.json,1.1,raw,DOC-1051,json,data/raw/CODEFEST/F3_Dinamicas_Territoriales/Alertas_Tempranas/alertas/ALERTAS_012-22-91835.json
data/raw/CODEFEST/F3_Dinamicas_Territoriales/Alertas_Tempranas/alertas/ALERTAS_012-23-91868.json,.json,1.4,raw,DOC-1052,json,data/raw/CODEFEST/F3_Dinamicas_Territoriales/Alertas_Tempranas/alertas/ALERTAS_012-23-91868.json
data/raw/CODEFEST/F3_Dinamicas_Territoriales/Alertas_Tempranas/alertas/ALERTAS_012-24-91910.json,.json,1.3,raw,DOC-1053,json,data/raw/CODEFEST/F3_Dinamicas_Territoriales/Alertas_Tempranas/alertas/ALERTAS_012-24-91910.json
data/raw/CODEFEST/F3_Dinamicas_Territoriales/Alertas_Tempranas/alertas/ALERTAS_012-25-91937.json,.json,2.0,raw,DOC-1054,json,data/raw/CODEFEST/F3_Dinamicas_Territoriales/Alertas_Tempranas/alertas/ALERTAS_012-25-91937.json
data/raw/CODEFEST/F3_Dinamicas_Territoriales/Alertas_Tempranas/alertas/ALERTAS_012-26-91958.json,.json,1.9,raw,DOC-1055,json,data/raw/CODEFEST/F3_Dinamicas_Territoriales/Alertas_Tempranas/alertas/ALERTAS_012-26-91958.json
data/raw/CODEFEST/F3_Dinamicas_Territoriales/Alertas_Tempranas/alertas/ALERTAS_013-18-91628.json,.json,1.3,raw,DOC-1056,json,data/raw/CODEFEST/F3_Dinamicas_Territoriales/Alertas_Tempranas/alertas/ALERTAS_013-18-91628.json
data/raw/CODEFEST/F3_Dinamicas_Territoriales/Alertas_Tempranas/alertas/ALERTAS_013-19-91597.json,.json,1.2,raw,DOC-1057,json,data/raw/CODEFEST/F3_Dinamicas_Territoriales/Alertas_Tempranas/alertas/ALERTAS_013-19-91597.json
data/raw/CODEFEST/F3_Dinamicas_Territoriales/Alertas_Tempranas/alertas/ALERTAS_013-20-91664.json,.json,1.5,raw,DOC-1058,json,data/raw/CODEFEST/F3_Dinamicas_Territoriales/Alertas_Tempranas/alertas/ALERTAS_013-20-91664.json
data/raw/CODEFEST/F3_Dinamicas_Territoriales/Alertas_Tempranas/alertas/ALERTAS_013-21-91801.json,.json,2.8,raw,DOC-1059,json,data/raw/CODEFEST/F3_Dinamicas_Territoriales/Alertas_Tempranas/alertas/ALERTAS_013-21-91801.json
data/raw/CODEFEST/F3_Dinamicas_Territoriales/Alertas_Tempranas/alertas/ALERTAS_013-22-91834.json,.json,1.1,raw,DOC-1060,json,data/raw/CODEFEST/F3_Dinamicas_Territoriales/Alertas_Tempranas/alertas/ALERTAS_013-22-91834.json
data/raw/CODEFEST/F3_Dinamicas_Territoriales/Alertas_Tempranas/alertas/ALERTAS_013-23-91869.json,.json,1.5,raw,DOC-1061,json,data/raw/CODEFEST/F3_Dinamicas_Territoriales/Alertas_Tempranas/alertas/ALERTAS_013-23-91869.json
data/raw/CODEFEST/F3_Dinamicas_Territoriales/Alertas_Tempranas/alertas/ALERTAS_013-24-91911.json,.json,1.4,raw,DOC-1062,json,data/raw/CODEFEST/F3_Dinamicas_Territoriales/Alertas_Tempranas/alertas/ALERTAS_013-24-91911.json
data/raw/CODEFEST/F3_Dinamicas_Territoriales/Alertas_Tempranas/alertas/ALERTAS_013-25-91938.json,.json,4.4,raw,DOC-1063,json,data/raw/CODEFEST/F3_Dinamicas_Territoriales/Alertas_Tempranas/alertas/ALERTAS_013-25-91938.json
data/raw/CODEFEST/F3_Dinamicas_Territoriales/Alertas_Tempranas/alertas/ALERTAS_013-26-91959.json,.json,1.7,raw,DOC-1064,json,data/raw/CODEFEST/F3_Dinamicas_Territoriales/Alertas_Tempranas/alertas/ALERTAS_013-26-91959.json
data/raw/CODEFEST/F3_Dinamicas_Territoriales/Alertas_Tempranas/alertas/ALERTAS_014-18-91629.json,.json,1.1,raw,DOC-1065,json,data/raw/CODEFEST/F3_Dinamicas_Territoriales/Alertas_Tempranas/alertas/ALERTAS_014-18-91629.json
data/raw/CODEFEST/F3_Dinamicas_Territoriales/Alertas_Tempranas/alertas/ALERTAS_014-19-91598.json,.json,1.2,raw,DOC-1066,json,data/raw/CODEFEST/F3_Dinamicas_Territoriales/Alertas_Tempranas/alertas/ALERTAS_014-19-91598.json
data/raw/CODEFEST/F3_Dinamicas_Territoriales/Alertas_Tempranas/alertas/ALERTAS_014-20-91672.json,.json,1.0,raw,DOC-1067,json,data/raw/CODEFEST/F3_Dinamicas_Territoriales/Alertas_Tempranas/alertas/ALERTAS_014-20-91672.json
data/raw/CODEFEST/F3_Dinamicas_Territoriales/Alertas_Tempranas/alertas/ALERTAS_014-21-91802.json,.json,1.0,raw,DOC-1068,json,data/raw/CODEFEST/F3_Dinamicas_Territoriales/Alertas_Tempranas/alertas/ALERTAS_014-21-91802.json
data/raw/CODEFEST/F3_Dinamicas_Territoriales/Alertas_Tempranas/alertas/ALERTAS_014-22-91836.json,.json,1.8,raw,DOC-1069,json,data/raw/CODEFEST/F3_Dinamicas_Territoriales/Alertas_Tempranas/alertas/ALERTAS_014-22-91836.json
data/raw/CODEFEST/F3_Dinamicas_Territoriales/Alertas_Tempranas/alertas/ALERTAS_014-23-91870.json,.json,1.6,raw,DOC-1070,json,data/raw/CODEFEST/F3_Dinamicas_Territoriales/Alertas_Tempranas/alertas/ALERTAS_014-23-91870.json
data/raw/CODEFEST/F3_Dinamicas_Territoriales/Alertas_Tempranas/alertas/ALERTAS_014-24-91912.json,.json,1.4,raw,DOC-1071,json,data/raw/CODEFEST/F3_Dinamicas_Territoriales/Alertas_Tempranas/alertas/ALERTAS_014-24-91912.json
data/raw/CODEFEST/F3_Dinamicas_Territoriales/Alertas_Tempranas/alertas/ALERTAS_014-25-91939.json,.json,2.0,raw,DOC-1072,json,data/raw/CODEFEST/F3_Dinamicas_Territoriales/Alertas_Tempranas/alertas/ALERTAS_014-25-91939.json
data/raw/CODEFEST/F3_Dinamicas_Territoriales/Alertas_Tempranas/alertas/ALERTAS_014-26-91960.json,.json,1.8,raw,DOC-1073,json,data/raw/CODEFEST/F3_Dinamicas_Territoriales/Alertas_Tempranas/alertas/ALERTAS_014-26-91960.json
data/raw/CODEFEST/F3_Dinamicas_Territoriales/Alertas_Tempranas/alertas/ALERTAS_015-18-91630.json,.json,1.1,raw,DOC-1074,json,data/raw/CODEFEST/F3_Dinamicas_Territoriales/Alertas_Tempranas/alertas/ALERTAS_015-18-91630.json
data/raw/CODEFEST/F3_Dinamicas_Territoriales/Alertas_Tempranas/alertas/ALERTAS_015-19-91599.json,.json,0.9,raw,DOC-1075,json,data/raw/CODEFEST/F3_Dinamicas_Territoriales/Alertas_Tempranas/alertas/ALERTAS_015-19-91599.json
data/raw/CODEFEST/F3_Dinamicas_Territoriales/Alertas_Tempranas/alertas/ALERTAS_015-20-91665.json,.json,1.3,raw,DOC-1076,json,data/raw/CODEFEST/F3_Dinamicas_Territoriales/Alertas_Tempranas/alertas/ALERTAS_015-20-91665.json
data/raw/CODEFEST/F3_Dinamicas_Territoriales/Alertas_Tempranas/alertas/ALERTAS_015-21-91803.json,.json,1.7,raw,DOC-1077,json,data/raw/CODEFEST/F3_Dinamicas_Territoriales/Alertas_Tempranas/alertas/ALERTAS_015-21-91803.json
data/raw/CODEFEST/F3_Dinamicas_Territoriales/Alertas_Tempranas/alertas/ALERTAS_015-22-91837.json,.json,1.7,raw,DOC-1078,json,data/raw/CODEFEST/F3_Dinamicas_Territoriales/Alertas_Tempranas/alertas/ALERTAS_015-22-91837.json
data/raw/CODEFEST/F3_Dinamicas_Territoriales/Alertas_Tempranas/alertas/ALERTAS_015-23-91871.json,.json,1.6,raw,DOC-1079,json,data/raw/CODEFEST/F3_Dinamicas_Territoriales/Alertas_Tempranas/alertas/ALERTAS_015-23-91871.json
data/raw/CODEFEST/F3_Dinamicas_Territoriales/Alertas_Tempranas/alertas/ALERTAS_015-24-91913.json,.json,1.4,raw,DOC-1080,json,data/raw/CODEFEST/F3_Dinamicas_Territoriales/Alertas_Tempranas/alertas/ALERTAS_015-24-91913.json
data/raw/CODEFEST/F3_Dinamicas_Territoriales/Alertas_Tempranas/alertas/ALERTAS_015-25-91941.json,.json,1.8,raw,DOC-1081,json,data/raw/CODEFEST/F3_Dinamicas_Territoriales/Alertas_Tempranas/alertas/ALERTAS_015-25-91941.json
data/raw/CODEFEST/F3_Dinamicas_Territoriales/Alertas_Tempranas/alertas/ALERTAS_015-26-91961.json,.json,1.9,raw,DOC-1082,json,data/raw/CODEFEST/F3_Dinamicas_Territoriales/Alertas_Tempranas/alertas/ALERTAS_015-26-91961.json
data/raw/CODEFEST/F3_Dinamicas_Territoriales/Alertas_Tempranas/alertas/ALERTAS_016-18-91631.json,.json,0.8,raw,DOC-1083,json,data/raw/CODEFEST/F3_Dinamicas_Territoriales/Alertas_Tempranas/alertas/ALERTAS_016-18-91631.json
data/raw/CODEFEST/F3_Dinamicas_Territoriales/Alertas_Tempranas/alertas/ALERTAS_016-19-91758.json,.json,1.3,raw,DOC-1084,json,data/raw/CODEFEST/F3_Dinamicas_Territoriales/Alertas_Tempranas/alertas/ALERTAS_016-19-91758.json
data/raw/CODEFEST/F3_Dinamicas_Territoriales/Alertas_Tempranas/alertas/ALERTAS_016-20-91666.json,.json,1.3,raw,DOC-1085,json,data/raw/CODEFEST/F3_Dinamicas_Territoriales/Alertas_Tempranas/alertas/ALERTAS_016-20-91666.json
data/raw/CODEFEST/F3_Dinamicas_Territoriales/Alertas_Tempranas/alertas/ALERTAS_016-21-91804.json,.json,2.4,raw,DOC-1086,json,data/raw/CODEFEST/F3_Dinamicas_Territoriales/Alertas_Tempranas/alertas/ALERTAS_016-21-91804.json
data/raw/CODEFEST/F3_Dinamicas_Territoriales/Alertas_Tempranas/alertas/ALERTAS_016-22-91838.json,.json,1.3,raw,DOC-1087,json,data/raw/CODEFEST/F3_Dinamicas_Territoriales/Alertas_Tempranas/alertas/ALERTAS_016-22-91838.json
data/raw/CODEFEST/F3_Dinamicas_Territoriales/Alertas_Tempranas/alertas/ALERTAS_016-23-91872.json,.json,1.2,raw,DOC-1088,json,data/raw/CODEFEST/F3_Dinamicas_Territoriales/Alertas_Tempranas/alertas/ALERTAS_016-23-91872.json
data/raw/CODEFEST/F3_Dinamicas_Territoriales/Alertas_Tempranas/alertas/ALERTAS_016-24-91914.json,.json,1.7,raw,DOC-1089,json,data/raw/CODEFEST/F3_Dinamicas_Territoriales/Alertas_Tempranas/alertas/ALERTAS_016-24-91914.json
data/raw/CODEFEST/F3_Dinamicas_Territoriales/Alertas_Tempranas/alertas/ALERTAS_016-25-91942.json,.json,1.8,raw,DOC-1090,json,data/raw/CODEFEST/F3_Dinamicas_Territoriales/Alertas_Tempranas/alertas/ALERTAS_016-25-91942.json
data/raw/CODEFEST/F3_Dinamicas_Territoriales/Alertas_Tempranas/alertas/ALERTAS_016-26-91962.json,.json,1.3,raw,DOC-1091,json,data/raw/CODEFEST/F3_Dinamicas_Territoriales/Alertas_Tempranas/alertas/ALERTAS_016-26-91962.json
data/raw/CODEFEST/F3_Dinamicas_Territoriales/Alertas_Tempranas/alertas/ALERTAS_017-18-91632.json,.json,1.3,raw,DOC-1092,json,data/raw/CODEFEST/F3_Dinamicas_Territoriales/Alertas_Tempranas/alertas/ALERTAS_017-18-91632.json
data/raw/CODEFEST/F3_Dinamicas_Territoriales/Alertas_Tempranas/alertas/ALERTAS_017-19-91600.json,.json,1.2,raw,DOC-1093,json,data/raw/CODEFEST/F3_Dinamicas_Territoriales/Alertas_Tempranas/alertas/ALERTAS_017-19-91600.json
data/raw/CODEFEST/F3_Dinamicas_Territoriales/Alertas_Tempranas/alertas/ALERTAS_017-20-91733.json,.json,2.5,raw,DOC-1094,json,data/raw/CODEFEST/F3_Dinamicas_Territoriales/Alertas_Tempranas/alertas/ALERTAS_017-20-91733.json
data/raw/CODEFEST/F3_Dinamicas_Territoriales/Alertas_Tempranas/alertas/ALERTAS_017-21-91805.json,.json,1.3,raw,DOC-1095,json,data/raw/CODEFEST/F3_Dinamicas_Territoriales/Alertas_Tempranas/alertas/ALERTAS_017-21-91805.json
data/raw/CODEFEST/F3_Dinamicas_Territoriales/Alertas_Tempranas/alertas/ALERTAS_017-22-91839.json,.json,1.2,raw,DOC-1096,json,data/raw/CODEFEST/F3_Dinamicas_Territoriales/Alertas_Tempranas/alertas/ALERTAS_017-22-91839.json
data/raw/CODEFEST/F3_Dinamicas_Territoriales/Alertas_Tempranas/alertas/ALERTAS_017-23-91873.json,.json,1.3,raw,DOC-1097,json,data/raw/CODEFEST/F3_Dinamicas_Territoriales/Alertas_Tempranas/alertas/ALERTAS_017-23-91873.json
data/raw/CODEFEST/F3_Dinamicas_Territoriales/Alertas_Tempranas/alertas/ALERTAS_017-24-91915.json,.json,1.1,raw,DOC-1098,json,data/raw/CODEFEST/F3_Dinamicas_Territoriales/Alertas_Tempranas/alertas/ALERTAS_017-24-91915.json
data/raw/CODEFEST/F3_Dinamicas_Territoriales/Alertas_Tempranas/alertas/ALERTAS_017-25-91943.json,.json,1.9,raw,DOC-1099,json,data/raw/CODEFEST/F3_Dinamicas_Territoriales/Alertas_Tempranas/alertas/ALERTAS_017-25-91943.json
data/raw/CODEFEST/F3_Dinamicas_Territoriales/Alertas_Tempranas/alertas/ALERTAS_017-26-91963.json,.json,0.9,raw,DOC-1100,json,data/raw/CODEFEST/F3_Dinamicas_Territoriales/Alertas_Tempranas/alertas/ALERTAS_017-26-91963.json
data/raw/CODEFEST/F3_Dinamicas_Territoriales/Alertas_Tempranas/alertas/ALERTAS_018-18-91633.json,.json,1.0,raw,DOC-1101,json,data/raw/CODEFEST/F3_Dinamicas_Territoriales/Alertas_Tempranas/alertas/ALERTAS_018-18-91633.json
data/raw/CODEFEST/F3_Dinamicas_Territoriales/Alertas_Tempranas/alertas/ALERTAS_018-19-91601.json,.json,1.3,raw,DOC-1102,json,data/raw/CODEFEST/F3_Dinamicas_Territoriales/Alertas_Tempranas/alertas/ALERTAS_018-19-91601.json
data/raw/CODEFEST/F3_Dinamicas_Territoriales/Alertas_Tempranas/alertas/ALERTAS_018-20-91659.json,.json,3.4,raw,DOC-1103,json,data/raw/CODEFEST/F3_Dinamicas_Territoriales/Alertas_Tempranas/alertas/ALERTAS_018-20-91659.json
data/raw/CODEFEST/F3_Dinamicas_Territoriales/Alertas_Tempranas/alertas/ALERTAS_018-21-91806.json,.json,1.3,raw,DOC-1104,json,data/raw/CODEFEST/F3_Dinamicas_Territoriales/Alertas_Tempranas/alertas/ALERTAS_018-21-91806.json
data/raw/CODEFEST/F3_Dinamicas_Territoriales/Alertas_Tempranas/alertas/ALERTAS_018-22-91840.json,.json,1.9,raw,DOC-1105,json,data/raw/CODEFEST/F3_Dinamicas_Territoriales/Alertas_Tempranas/alertas/ALERTAS_018-22-91840.json
data/raw/CODEFEST/F3_Dinamicas_Territoriales/Alertas_Tempranas/alertas/ALERTAS_018-23-91876.json,.json,1.4,raw,DOC-1106,json,data/raw/CODEFEST/F3_Dinamicas_Territoriales/Alertas_Tempranas/alertas/ALERTAS_018-23-91876.json
data/raw/CODEFEST/F3_Dinamicas_Territoriales/Alertas_Tempranas/alertas/ALERTAS_018-24-91916.json,.json,1.1,raw,DOC-1107,json,data/raw/CODEFEST/F3_Dinamicas_Territoriales/Alertas_Tempranas/alertas/ALERTAS_018-24-91916.json
data/raw/CODEFEST/F3_Dinamicas_Territoriales/Alertas_Tempranas/alertas/ALERTAS_018-25-91944.json,.json,1.7,raw,DOC-1108,json,data/raw/CODEFEST/F3_Dinamicas_Territoriales/Alertas_Tempranas/alertas/ALERTAS_018-25-91944.json
data/raw/CODEFEST/F3_Dinamicas_Territoriales/Alertas_Tempranas/alertas/ALERTAS_019-18-91617.json,.json,1.6,raw,DOC-1109,json,data/raw/CODEFEST/F3_Dinamicas_Territoriales/Alertas_Tempranas/alertas/ALERTAS_019-18-91617.json
data/raw/CODEFEST/F3_Dinamicas_Territoriales/Alertas_Tempranas/alertas/ALERTAS_019-19-91602.json,.json,1.1,raw,DOC-1110,json,data/raw/CODEFEST/F3_Dinamicas_Territoriales/Alertas_Tempranas/alertas/ALERTAS_019-19-91602.json
data/raw/CODEFEST/F3_Dinamicas_Territoriales/Alertas_Tempranas/alertas/ALERTAS_019-20-91734.json,.json,1.9,raw,DOC-1111,json,data/raw/CODEFEST/F3_Dinamicas_Territoriales/Alertas_Tempranas/alertas/ALERTAS_019-20-91734.json
data/raw/CODEFEST/F3_Dinamicas_Territoriales/Alertas_Tempranas/alertas/ALERTAS_019-21-91807.json,.json,1.7,raw,DOC-1112,json,data/raw/CODEFEST/F3_Dinamicas_Territoriales/Alertas_Tempranas/alertas/ALERTAS_019-21-91807.json
data/raw/CODEFEST/F3_Dinamicas_Territoriales/Alertas_Tempranas/alertas/ALERTAS_019-22-91841.json,.json,1.4,raw,DOC-1113,json,data/raw/CODEFEST/F3_Dinamicas_Territoriales/Alertas_Tempranas/alertas/ALERTAS_019-22-91841.json
data/raw/CODEFEST/F3_Dinamicas_Territoriales/Alertas_Tempranas/alertas/ALERTAS_019-23-91877.json,.json,3.7,raw,DOC-1114,json,data/raw/CODEFEST/F3_Dinamicas_Territoriales/Alertas_Tempranas/alertas/ALERTAS_019-23-91877.json
data/raw/CODEFEST/F3_Dinamicas_Territoriales/Alertas_Tempranas/alertas/ALERTAS_019-24-91917.json,.json,1.6,raw,DOC-1115,json,data/raw/CODEFEST/F3_Dinamicas_Territoriales/Alertas_Tempranas/alertas/ALERTAS_019-24-91917.json
data/raw/CODEFEST/F3_Dinamicas_Territoriales/Alertas_Tempranas/alertas/ALERTAS_019-25-91945.json,.json,1.8,raw,DOC-1116,json,data/raw/CODEFEST/F3_Dinamicas_Territoriales/Alertas_Tempranas/alertas/ALERTAS_019-25-91945.json
data/raw/CODEFEST/F3_Dinamicas_Territoriales/Alertas_Tempranas/alertas/ALERTAS_020-18-91713.json,.json,1.4,raw,DOC-1117,json,data/raw/CODEFEST/F3_Dinamicas_Territoriales/Alertas_Tempranas/alertas/ALERTAS_020-18-91713.json
data/raw/CODEFEST/F3_Dinamicas_Territoriales/Alertas_Tempranas/alertas/ALERTAS_020-19-91685.json,.json,1.2,raw,DOC-1118,json,data/raw/CODEFEST/F3_Dinamicas_Territoriales/Alertas_Tempranas/alertas/ALERTAS_020-19-91685.json
data/raw/CODEFEST/F3_Dinamicas_Territoriales/Alertas_Tempranas/alertas/ALERTAS_020-20-91667.json,.json,1.3,raw,DOC-1119,json,data/raw/CODEFEST/F3_Dinamicas_Territoriales/Alertas_Tempranas/alertas/ALERTAS_020-20-91667.json
data/raw/CODEFEST/F3_Dinamicas_Territoriales/Alertas_Tempranas/alertas/ALERTAS_020-21-91808.json,.json,1.1,raw,DOC-1120,json,data/raw/CODEFEST/F3_Dinamicas_Territoriales/Alertas_Tempranas/alertas/ALERTAS_020-21-91808.json
data/raw/CODEFEST/F3_Dinamicas_Territoriales/Alertas_Tempranas/alertas/ALERTAS_020-22-91842.json,.json,1.3,raw,DOC-1121,json,data/raw/CODEFEST/F3_Dinamicas_Territoriales/Alertas_Tempranas/alertas/ALERTAS_020-22-91842.json
data/raw/CODEFEST/F3_Dinamicas_Territoriales/Alertas_Tempranas/alertas/ALERTAS_020-23-91878.json,.json,1.5,raw,DOC-1122,json,data/raw/CODEFEST/F3_Dinamicas_Territoriales/Alertas_Tempranas/alertas/ALERTAS_020-23-91878.json
data/raw/CODEFEST/F3_Dinamicas_Territoriales/Alertas_Tempranas/alertas/ALERTAS_020-24-91918.json,.json,1.2,raw,DOC-1123,json,data/raw/CODEFEST/F3_Dinamicas_Territoriales/Alertas_Tempranas/alertas/ALERTAS_020-24-91918.json
data/raw/CODEFEST/F3_Dinamicas_Territoriales/Alertas_Tempranas/alertas/ALERTAS_020-25-91946.json,.json,2.4,raw,DOC-1124,json,data/raw/CODEFEST/F3_Dinamicas_Territoriales/Alertas_Tempranas/alertas/ALERTAS_020-25-91946.json
data/raw/CODEFEST/F3_Dinamicas_Territoriales/Alertas_Tempranas/alertas/ALERTAS_021-18-91634.json,.json,1.1,raw,DOC-1125,json,data/raw/CODEFEST/F3_Dinamicas_Territoriales/Alertas_Tempranas/alertas/ALERTAS_021-18-91634.json
data/raw/CODEFEST/F3_Dinamicas_Territoriales/Alertas_Tempranas/alertas/ALERTAS_021-19-91697.json,.json,1.1,raw,DOC-1126,json,data/raw/CODEFEST/F3_Dinamicas_Territoriales/Alertas_Tempranas/alertas/ALERTAS_021-19-91697.json
data/raw/CODEFEST/F3_Dinamicas_Territoriales/Alertas_Tempranas/alertas/ALERTAS_021-20-91735.json,.json,1.9,raw,DOC-1127,json,data/raw/CODEFEST/F3_Dinamicas_Territoriales/Alertas_Tempranas/alertas/ALERTAS_021-20-91735.json
data/raw/CODEFEST/F3_Dinamicas_Territoriales/Alertas_Tempranas/alertas/ALERTAS_021-21-91809.json,.json,1.3,raw,DOC-1128,json,data/raw/CODEFEST/F3_Dinamicas_Territoriales/Alertas_Tempranas/alertas/ALERTAS_021-21-91809.json
data/raw/CODEFEST/F3_Dinamicas_Territoriales/Alertas_Tempranas/alertas/ALERTAS_021-22-91843.json,.json,1.1,raw,DOC-1129,json,data/raw/CODEFEST/F3_Dinamicas_Territoriales/Alertas_Tempranas/alertas/ALERTAS_021-22-91843.json
data/raw/CODEFEST/F3_Dinamicas_Territoriales/Alertas_Tempranas/alertas/ALERTAS_021-23-91879.json,.json,1.4,raw,DOC-1130,json,data/raw/CODEFEST/F3_Dinamicas_Territoriales/Alertas_Tempranas/alertas/ALERTAS_021-23-91879.json
data/raw/CODEFEST/F3_Dinamicas_Territoriales/Alertas_Tempranas/alertas/ALERTAS_021-24-91919.json,.json,1.3,raw,DOC-1131,json,data/raw/CODEFEST/F3_Dinamicas_Territoriales/Alertas_Tempranas/alertas/ALERTAS_021-24-91919.json
data/raw/CODEFEST/F3_Dinamicas_Territoriales/Alertas_Tempranas/alertas/ALERTAS_022-18-91741.json,.json,2.2,raw,DOC-1132,json,data/raw/CODEFEST/F3_Dinamicas_Territoriales/Alertas_Tempranas/alertas/ALERTAS_022-18-91741.json
data/raw/CODEFEST/F3_Dinamicas_Territoriales/Alertas_Tempranas/alertas/ALERTAS_022-19-91698.json,.json,1.1,raw,DOC-1133,json,data/raw/CODEFEST/F3_Dinamicas_Territoriales/Alertas_Tempranas/alertas/ALERTAS_022-19-91698.json
data/raw/CODEFEST/F3_Dinamicas_Territoriales/Alertas_Tempranas/alertas/ALERTAS_022-20-91668.json,.json,1.1,raw,DOC-1134,json,data/raw/CODEFEST/F3_Dinamicas_Territoriales/Alertas_Tempranas/alertas/ALERTAS_022-20-91668.json
data/raw/CODEFEST/F3_Dinamicas_Territoriales/Alertas_Tempranas/alertas/ALERTAS_022-21-91810.json,.json,1.4,raw,DOC-1135,json,data/raw/CODEFEST/F3_Dinamicas_Territoriales/Alertas_Tempranas/alertas/ALERTAS_022-21-91810.json
data/raw/CODEFEST/F3_Dinamicas_Territoriales/Alertas_Tempranas/alertas/ALERTAS_022-22-91844.json,.json,1.6,raw,DOC-1136,json,data/raw/CODEFEST/F3_Dinamicas_Territoriales/Alertas_Tempranas/alertas/ALERTAS_022-22-91844.json
data/raw/CODEFEST/F3_Dinamicas_Territoriales/Alertas_Tempranas/alertas/ALERTAS_022-23-91880.json,.json,2.1,raw,DOC-1137,json,data/raw/CODEFEST/F3_Dinamicas_Territoriales/Alertas_Tempranas/alertas/ALERTAS_022-23-91880.json
data/raw/CODEFEST/F3_Dinamicas_Territoriales/Alertas_Tempranas/alertas/ALERTAS_022-24-91920.json,.json,1.2,raw,DOC-1138,json,data/raw/CODEFEST/F3_Dinamicas_Territoriales/Alertas_Tempranas/alertas/ALERTAS_022-24-91920.json
data/raw/CODEFEST/F3_Dinamicas_Territoriales/Alertas_Tempranas/alertas/ALERTAS_023-18-91614.json,.json,1.3,raw,DOC-1139,json,data/raw/CODEFEST/F3_Dinamicas_Territoriales/Alertas_Tempranas/alertas/ALERTAS_023-18-91614.json
data/raw/CODEFEST/F3_Dinamicas_Territoriales/Alertas_Tempranas/alertas/ALERTAS_023-19-91759.json,.json,1.7,raw,DOC-1140,json,data/raw/CODEFEST/F3_Dinamicas_Territoriales/Alertas_Tempranas/alertas/ALERTAS_023-19-91759.json
data/raw/CODEFEST/F3_Dinamicas_Territoriales/Alertas_Tempranas/alertas/ALERTAS_023-20-91736.json,.json,1.7,raw,DOC-1141,json,data/raw/CODEFEST/F3_Dinamicas_Territoriales/Alertas_Tempranas/alertas/ALERTAS_023-20-91736.json
data/raw/CODEFEST/F3_Dinamicas_Territoriales/Alertas_Tempranas/alertas/ALERTAS_023-21-91811.json,.json,1.8,raw,DOC-1142,json,data/raw/CODEFEST/F3_Dinamicas_Territoriales/Alertas_Tempranas/alertas/ALERTAS_023-21-91811.json
data/raw/CODEFEST/F3_Dinamicas_Territoriales/Alertas_Tempranas/alertas/ALERTAS_023-22-91845.json,.json,2.1,raw,DOC-1143,json,data/raw/CODEFEST/F3_Dinamicas_Territoriales/Alertas_Tempranas/alertas/ALERTAS_023-22-91845.json
data/raw/CODEFEST/F3_Dinamicas_Territoriales/Alertas_Tempranas/alertas/ALERTAS_023-23-91881.json,.json,1.9,raw,DOC-1144,json,data/raw/CODEFEST/F3_Dinamicas_Territoriales/Alertas_Tempranas/alertas/ALERTAS_023-23-91881.json
data/raw/CODEFEST/F3_Dinamicas_Territoriales/Alertas_Tempranas/alertas/ALERTAS_023-24-91921.json,.json,1.5,raw,DOC-1145,json,data/raw/CODEFEST/F3_Dinamicas_Territoriales/Alertas_Tempranas/alertas/ALERTAS_023-24-91921.json
data/raw/CODEFEST/F3_Dinamicas_Territoriales/Alertas_Tempranas/alertas/ALERTAS_024-18-91635.json,.json,1.3,raw,DOC-1146,json,data/raw/CODEFEST/F3_Dinamicas_Territoriales/Alertas_Tempranas/alertas/ALERTAS_024-18-91635.json
data/raw/CODEFEST/F3_Dinamicas_Territoriales/Alertas_Tempranas/alertas/ALERTAS_024-19-91603.json,.json,1.0,raw,DOC-1147,json,data/raw/CODEFEST/F3_Dinamicas_Territoriales/Alertas_Tempranas/alertas/ALERTAS_024-19-91603.json
data/raw/CODEFEST/F3_Dinamicas_Territoriales/Alertas_Tempranas/alertas/ALERTAS_024-20-91669.json,.json,1.1,raw,DOC-1148,json,data/raw/CODEFEST/F3_Dinamicas_Territoriales/Alertas_Tempranas/alertas/ALERTAS_024-20-91669.json
data/raw/CODEFEST/F3_Dinamicas_Territoriales/Alertas_Tempranas/alertas/ALERTAS_024-21-91812.json,.json,1.3,raw,DOC-1149,json,data/raw/CODEFEST/F3_Dinamicas_Territoriales/Alertas_Tempranas/alertas/ALERTAS_024-21-91812.json
data/raw/CODEFEST/F3_Dinamicas_Territoriales/Alertas_Tempranas/alertas/ALERTAS_024-22-91846.json,.json,1.2,raw,DOC-1150,json,data/raw/CODEFEST/F3_Dinamicas_Territoriales/Alertas_Tempranas/alertas/ALERTAS_024-22-91846.json
data/raw/CODEFEST/F3_Dinamicas_Territoriales/Alertas_Tempranas/alertas/ALERTAS_024-23-91882.json,.json,1.2,raw,DOC-1151,json,data/raw/CODEFEST/F3_Dinamicas_Territoriales/Alertas_Tempranas/alertas/ALERTAS_024-23-91882.json
data/raw/CODEFEST/F3_Dinamicas_Territoriales/Alertas_Tempranas/alertas/ALERTAS_024-24-91922.json,.json,1.7,raw,DOC-1152,json,data/raw/CODEFEST/F3_Dinamicas_Territoriales/Alertas_Tempranas/alertas/ALERTAS_024-24-91922.json
data/raw/CODEFEST/F3_Dinamicas_Territoriales/Alertas_Tempranas/alertas/ALERTAS_025-18-91657.json,.json,1.1,raw,DOC-1153,json,data/raw/CODEFEST/F3_Dinamicas_Territoriales/Alertas_Tempranas/alertas/ALERTAS_025-18-91657.json
data/raw/CODEFEST/F3_Dinamicas_Territoriales/Alertas_Tempranas/alertas/ALERTAS_025-19-91593.json,.json,1.4,raw,DOC-1154,json,data/raw/CODEFEST/F3_Dinamicas_Territoriales/Alertas_Tempranas/alertas/ALERTAS_025-19-91593.json
data/raw/CODEFEST/F3_Dinamicas_Territoriales/Alertas_Tempranas/alertas/ALERTAS_025-20-91737.json,.json,1.7,raw,DOC-1155,json,data/raw/CODEFEST/F3_Dinamicas_Territoriales/Alertas_Tempranas/alertas/ALERTAS_025-20-91737.json
data/raw/CODEFEST/F3_Dinamicas_Territoriales/Alertas_Tempranas/alertas/ALERTAS_025-21-91813.json,.json,1.4,raw,DOC-1156,json,data/raw/CODEFEST/F3_Dinamicas_Territoriales/Alertas_Tempranas/alertas/ALERTAS_025-21-91813.json
data/raw/CODEFEST/F3_Dinamicas_Territoriales/Alertas_Tempranas/alertas/ALERTAS_025-22-91847.json,.json,1.3,raw,DOC-1157,json,data/raw/CODEFEST/F3_Dinamicas_Territoriales/Alertas_Tempranas/alertas/ALERTAS_025-22-91847.json
data/raw/CODEFEST/F3_Dinamicas_Territoriales/Alertas_Tempranas/alertas/ALERTAS_025-23-91883.json,.json,1.5,raw,DOC-1158,json,data/raw/CODEFEST/F3_Dinamicas_Territoriales/Alertas_Tempranas/alertas/ALERTAS_025-23-91883.json
data/raw/CODEFEST/F3_Dinamicas_Territoriales/Alertas_Tempranas/alertas/ALERTAS_025-24-91923.json,.json,1.5,raw,DOC-1159,json,data/raw/CODEFEST/F3_Dinamicas_Territoriales/Alertas_Tempranas/alertas/ALERTAS_025-24-91923.json
data/raw/CODEFEST/F3_Dinamicas_Territoriales/Alertas_Tempranas/alertas/ALERTAS_026-18-91747.json,.json,2.2,raw,DOC-1160,json,data/raw/CODEFEST/F3_Dinamicas_Territoriales/Alertas_Tempranas/alertas/ALERTAS_026-18-91747.json
data/raw/CODEFEST/F3_Dinamicas_Territoriales/Alertas_Tempranas/alertas/ALERTAS_026-19-91699.json,.json,1.4,raw,DOC-1161,json,data/raw/CODEFEST/F3_Dinamicas_Territoriales/Alertas_Tempranas/alertas/ALERTAS_026-19-91699.json
data/raw/CODEFEST/F3_Dinamicas_Territoriales/Alertas_Tempranas/alertas/ALERTAS_026-20-91738.json,.json,2.9,raw,DOC-1162,json,data/raw/CODEFEST/F3_Dinamicas_Territoriales/Alertas_Tempranas/alertas/ALERTAS_026-20-91738.json
data/raw/CODEFEST/F3_Dinamicas_Territoriales/Alertas_Tempranas/alertas/ALERTAS_026-21-91814.json,.json,1.4,raw,DOC-1163,json,data/raw/CODEFEST/F3_Dinamicas_Territoriales/Alertas_Tempranas/alertas/ALERTAS_026-21-91814.json
data/raw/CODEFEST/F3_Dinamicas_Territoriales/Alertas_Tempranas/alertas/ALERTAS_026-22-91848.json,.json,1.1,raw,DOC-1164,json,data/raw/CODEFEST/F3_Dinamicas_Territoriales/Alertas_Tempranas/alertas/ALERTAS_026-22-91848.json
data/raw/CODEFEST/F3_Dinamicas_Territoriales/Alertas_Tempranas/alertas/ALERTAS_026-23-91884.json,.json,1.4,raw,DOC-1165,json,data/raw/CODEFEST/F3_Dinamicas_Territoriales/Alertas_Tempranas/alertas/ALERTAS_026-23-91884.json
data/raw/CODEFEST/F3_Dinamicas_Territoriales/Alertas_Tempranas/alertas/ALERTAS_026-24-91924.json,.json,1.8,raw,DOC-1166,json,data/raw/CODEFEST/F3_Dinamicas_Territoriales/Alertas_Tempranas/alertas/ALERTAS_026-24-91924.json
data/raw/CODEFEST/F3_Dinamicas_Territoriales/Alertas_Tempranas/alertas/ALERTAS_027-18-91655.json,.json,0.9,raw,DOC-1167,json,data/raw/CODEFEST/F3_Dinamicas_Territoriales/Alertas_Tempranas/alertas/ALERTAS_027-18-91655.json
data/raw/CODEFEST/F3_Dinamicas_Territoriales/Alertas_Tempranas/alertas/ALERTAS_027-19-91760.json,.json,1.6,raw,DOC-1168,json,data/raw/CODEFEST/F3_Dinamicas_Territoriales/Alertas_Tempranas/alertas/ALERTAS_027-19-91760.json
data/raw/CODEFEST/F3_Dinamicas_Territoriales/Alertas_Tempranas/alertas/ALERTAS_027-20-91676.json,.json,1.3,raw,DOC-1169,json,data/raw/CODEFEST/F3_Dinamicas_Territoriales/Alertas_Tempranas/alertas/ALERTAS_027-20-91676.json
data/raw/CODEFEST/F3_Dinamicas_Territoriales/Alertas_Tempranas/alertas/ALERTAS_027-21-91820.json,.json,1.6,raw,DOC-1170,json,data/raw/CODEFEST/F3_Dinamicas_Territoriales/Alertas_Tempranas/alertas/ALERTAS_027-21-91820.json
data/raw/CODEFEST/F3_Dinamicas_Territoriales/Alertas_Tempranas/alertas/ALERTAS_027-22-91849.json,.json,1.8,raw,DOC-1171,json,data/raw/CODEFEST/F3_Dinamicas_Territoriales/Alertas_Tempranas/alertas/ALERTAS_027-22-91849.json
data/raw/CODEFEST/F3_Dinamicas_Territoriales/Alertas_Tempranas/alertas/ALERTAS_027-23-91885.json,.json,1.4,raw,DOC-1172,json,data/raw/CODEFEST/F3_Dinamicas_Territoriales/Alertas_Tempranas/alertas/ALERTAS_027-23-91885.json
data/raw/CODEFEST/F3_Dinamicas_Territoriales/Alertas_Tempranas/alertas/ALERTAS_027-24-91925.json,.json,2.2,raw,DOC-1173,json,data/raw/CODEFEST/F3_Dinamicas_Territoriales/Alertas_Tempranas/alertas/ALERTAS_027-24-91925.json
data/raw/CODEFEST/F3_Dinamicas_Territoriales/Alertas_Tempranas/alertas/ALERTAS_028-18-91636.json,.json,1.3,raw,DOC-1174,json,data/raw/CODEFEST/F3_Dinamicas_Territoriales/Alertas_Tempranas/alertas/ALERTAS_028-18-91636.json
data/raw/CODEFEST/F3_Dinamicas_Territoriales/Alertas_Tempranas/alertas/ALERTAS_028-19-91700.json,.json,1.0,raw,DOC-1175,json,data/raw/CODEFEST/F3_Dinamicas_Territoriales/Alertas_Tempranas/alertas/ALERTAS_028-19-91700.json
data/raw/CODEFEST/F3_Dinamicas_Territoriales/Alertas_Tempranas/alertas/ALERTAS_028-20-91673.json,.json,1.1,raw,DOC-1176,json,data/raw/CODEFEST/F3_Dinamicas_Territoriales/Alertas_Tempranas/alertas/ALERTAS_028-20-91673.json
data/raw/CODEFEST/F3_Dinamicas_Territoriales/Alertas_Tempranas/alertas/ALERTAS_028-21-91821.json,.json,1.7,raw,DOC-1177,json,data/raw/CODEFEST/F3_Dinamicas_Territoriales/Alertas_Tempranas/alertas/ALERTAS_028-21-91821.json
data/raw/CODEFEST/F3_Dinamicas_Territoriales/Alertas_Tempranas/alertas/ALERTAS_028-22-91850.json,.json,1.4,raw,DOC-1178,json,data/raw/CODEFEST/F3_Dinamicas_Territoriales/Alertas_Tempranas/alertas/ALERTAS_028-22-91850.json
data/raw/CODEFEST/F3_Dinamicas_Territoriales/Alertas_Tempranas/alertas/ALERTAS_028-23-91886.json,.json,1.3,raw,DOC-1179,json,data/raw/CODEFEST/F3_Dinamicas_Territoriales/Alertas_Tempranas/alertas/ALERTAS_028-23-91886.json
data/raw/CODEFEST/F3_Dinamicas_Territoriales/Alertas_Tempranas/alertas/ALERTAS_029-18-91637.json,.json,1.2,raw,DOC-1180,json,data/raw/CODEFEST/F3_Dinamicas_Territoriales/Alertas_Tempranas/alertas/ALERTAS_029-18-91637.json
data/raw/CODEFEST/F3_Dinamicas_Territoriales/Alertas_Tempranas/alertas/ALERTAS_029-19-91761.json,.json,1.5,raw,DOC-1181,json,data/raw/CODEFEST/F3_Dinamicas_Territoriales/Alertas_Tempranas/alertas/ALERTAS_029-19-91761.json
data/raw/CODEFEST/F3_Dinamicas_Territoriales/Alertas_Tempranas/alertas/ALERTAS_029-20-91742.json,.json,1.3,raw,DOC-1182,json,data/raw/CODEFEST/F3_Dinamicas_Territoriales/Alertas_Tempranas/alertas/ALERTAS_029-20-91742.json
data/raw/CODEFEST/F3_Dinamicas_Territoriales/Alertas_Tempranas/alertas/ALERTAS_029-21-91822.json,.json,1.2,raw,DOC-1183,json,data/raw/CODEFEST/F3_Dinamicas_Territoriales/Alertas_Tempranas/alertas/ALERTAS_029-21-91822.json
data/raw/CODEFEST/F3_Dinamicas_Territoriales/Alertas_Tempranas/alertas/ALERTAS_029-22-91851.json,.json,1.8,raw,DOC-1184,json,data/raw/CODEFEST/F3_Dinamicas_Territoriales/Alertas_Tempranas/alertas/ALERTAS_029-22-91851.json
data/raw/CODEFEST/F3_Dinamicas_Territoriales/Alertas_Tempranas/alertas/ALERTAS_029-23-91887.json,.json,1.4,raw,DOC-1185,json,data/raw/CODEFEST/F3_Dinamicas_Territoriales/Alertas_Tempranas/alertas/ALERTAS_029-23-91887.json
data/raw/CODEFEST/F3_Dinamicas_Territoriales/Alertas_Tempranas/alertas/ALERTAS_030-18-91638.json,.json,1.5,raw,DOC-1186,json,data/raw/CODEFEST/F3_Dinamicas_Territoriales/Alertas_Tempranas/alertas/ALERTAS_030-18-91638.json
data/raw/CODEFEST/F3_Dinamicas_Territoriales/Alertas_Tempranas/alertas/ALERTAS_030-19-91604.json,.json,1.0,raw,DOC-1187,json,data/raw/CODEFEST/F3_Dinamicas_Territoriales/Alertas_Tempranas/alertas/ALERTAS_030-19-91604.json
data/raw/CODEFEST/F3_Dinamicas_Territoriales/Alertas_Tempranas/alertas/ALERTAS_030-20-91674.json,.json,1.3,raw,DOC-1188,json,data/raw/CODEFEST/F3_Dinamicas_Territoriales/Alertas_Tempranas/alertas/ALERTAS_030-20-91674.json
data/raw/CODEFEST/F3_Dinamicas_Territoriales/Alertas_Tempranas/alertas/ALERTAS_030-22-91852.json,.json,1.7,raw,DOC-1189,json,data/raw/CODEFEST/F3_Dinamicas_Territoriales/Alertas_Tempranas/alertas/ALERTAS_030-22-91852.json
data/raw/CODEFEST/F3_Dinamicas_Territoriales/Alertas_Tempranas/alertas/ALERTAS_030-23-91888.json,.json,4.1,raw,DOC-1190,json,data/raw/CODEFEST/F3_Dinamicas_Territoriales/Alertas_Tempranas/alertas/ALERTAS_030-23-91888.json
data/raw/CODEFEST/F3_Dinamicas_Territoriales/Alertas_Tempranas/alertas/ALERTAS_031-18-91639.json,.json,1.2,raw,DOC-1191,json,data/raw/CODEFEST/F3_Dinamicas_Territoriales/Alertas_Tempranas/alertas/ALERTAS_031-18-91639.json
data/raw/CODEFEST/F3_Dinamicas_Territoriales/Alertas_Tempranas/alertas/ALERTAS_031-19-91591.json,.json,1.2,raw,DOC-1192,json,data/raw/CODEFEST/F3_Dinamicas_Territoriales/Alertas_Tempranas/alertas/ALERTAS_031-19-91591.json
data/raw/CODEFEST/F3_Dinamicas_Territoriales/Alertas_Tempranas/alertas/ALERTAS_031-20-91675.json,.json,1.4,raw,DOC-1193,json,data/raw/CODEFEST/F3_Dinamicas_Territoriales/Alertas_Tempranas/alertas/ALERTAS_031-20-91675.json
data/raw/CODEFEST/F3_Dinamicas_Territoriales/Alertas_Tempranas/alertas/ALERTAS_031-22-91853.json,.json,1.5,raw,DOC-1194,json,data/raw/CODEFEST/F3_Dinamicas_Territoriales/Alertas_Tempranas/alertas/ALERTAS_031-22-91853.json
data/raw/CODEFEST/F3_Dinamicas_Territoriales/Alertas_Tempranas/alertas/ALERTAS_031-23-91889.json,.json,1.6,raw,DOC-1195,json,data/raw/CODEFEST/F3_Dinamicas_Territoriales/Alertas_Tempranas/alertas/ALERTAS_031-23-91889.json
data/raw/CODEFEST/F3_Dinamicas_Territoriales/Alertas_Tempranas/alertas/ALERTAS_032-18-91590.json,.json,1.2,raw,DOC-1196,json,data/raw/CODEFEST/F3_Dinamicas_Territoriales/Alertas_Tempranas/alertas/ALERTAS_032-18-91590.json
data/raw/CODEFEST/F3_Dinamicas_Territoriales/Alertas_Tempranas/alertas/ALERTAS_032-19-91605.json,.json,1.0,raw,DOC-1197,json,data/raw/CODEFEST/F3_Dinamicas_Territoriales/Alertas_Tempranas/alertas/ALERTAS_032-19-91605.json
data/raw/CODEFEST/F3_Dinamicas_Territoriales/Alertas_Tempranas/alertas/ALERTAS_032-20-91746.json,.json,1.4,raw,DOC-1198,json,data/raw/CODEFEST/F3_Dinamicas_Territoriales/Alertas_Tempranas/alertas/ALERTAS_032-20-91746.json
data/raw/CODEFEST/F3_Dinamicas_Territoriales/Alertas_Tempranas/alertas/ALERTAS_032-22-91854.json,.json,1.4,raw,DOC-1199,json,data/raw/CODEFEST/F3_Dinamicas_Territoriales/Alertas_Tempranas/alertas/ALERTAS_032-22-91854.json
data/raw/CODEFEST/F3_Dinamicas_Territoriales/Alertas_Tempranas/alertas/ALERTAS_032-23-91890.json,.json,1.3,raw,DOC-1200,json,data/raw/CODEFEST/F3_Dinamicas_Territoriales/Alertas_Tempranas/alertas/ALERTAS_032-23-91890.json
data/raw/CODEFEST/F3_Dinamicas_Territoriales/Alertas_Tempranas/alertas/ALERTAS_033-18-91640.json,.json,1.0,raw,DOC-1201,json,data/raw/CODEFEST/F3_Dinamicas_Territoriales/Alertas_Tempranas/alertas/ALERTAS_033-18-91640.json
data/raw/CODEFEST/F3_Dinamicas_Territoriales/Alertas_Tempranas/alertas/ALERTAS_033-19-91762.json,.json,1.4,raw,DOC-1202,json,data/raw/CODEFEST/F3_Dinamicas_Territoriales/Alertas_Tempranas/alertas/ALERTAS_033-19-91762.json
data/raw/CODEFEST/F3_Dinamicas_Territoriales/Alertas_Tempranas/alertas/ALERTAS_033-20-91743.json,.json,2.1,raw,DOC-1203,json,data/raw/CODEFEST/F3_Dinamicas_Territoriales/Alertas_Tempranas/alertas/ALERTAS_033-20-91743.json
data/raw/CODEFEST/F3_Dinamicas_Territoriales/Alertas_Tempranas/alertas/ALERTAS_033-22-91855.json,.json,1.9,raw,DOC-1204,json,data/raw/CODEFEST/F3_Dinamicas_Territoriales/Alertas_Tempranas/alertas/ALERTAS_033-22-91855.json
data/raw/CODEFEST/F3_Dinamicas_Territoriales/Alertas_Tempranas/alertas/ALERTAS_033-23-91891.json,.json,1.5,raw,DOC-1205,json,data/raw/CODEFEST/F3_Dinamicas_Territoriales/Alertas_Tempranas/alertas/ALERTAS_033-23-91891.json
data/raw/CODEFEST/F3_Dinamicas_Territoriales/Alertas_Tempranas/alertas/ALERTAS_034-18-91641.json,.json,1.3,raw,DOC-1206,json,data/raw/CODEFEST/F3_Dinamicas_Territoriales/Alertas_Tempranas/alertas/ALERTAS_034-18-91641.json
data/raw/CODEFEST/F3_Dinamicas_Territoriales/Alertas_Tempranas/alertas/ALERTAS_034-19-91613.json,.json,1.2,raw,DOC-1207,json,data/raw/CODEFEST/F3_Dinamicas_Territoriales/Alertas_Tempranas/alertas/ALERTAS_034-19-91613.json
data/raw/CODEFEST/F3_Dinamicas_Territoriales/Alertas_Tempranas/alertas/ALERTAS_034-20-91744.json,.json,1.3,raw,DOC-1208,json,data/raw/CODEFEST/F3_Dinamicas_Territoriales/Alertas_Tempranas/alertas/ALERTAS_034-20-91744.json
data/raw/CODEFEST/F3_Dinamicas_Territoriales/Alertas_Tempranas/alertas/ALERTAS_034-22-91856.json,.json,1.2,raw,DOC-1209,json,data/raw/CODEFEST/F3_Dinamicas_Territoriales/Alertas_Tempranas/alertas/ALERTAS_034-22-91856.json
data/raw/CODEFEST/F3_Dinamicas_Territoriales/Alertas_Tempranas/alertas/ALERTAS_034-23-91892.json,.json,1.9,raw,DOC-1210,json,data/raw/CODEFEST/F3_Dinamicas_Territoriales/Alertas_Tempranas/alertas/ALERTAS_034-23-91892.json
data/raw/CODEFEST/F3_Dinamicas_Territoriales/Alertas_Tempranas/alertas/ALERTAS_035-18-91740.json,.json,1.4,raw,DOC-1211,json,data/raw/CODEFEST/F3_Dinamicas_Territoriales/Alertas_Tempranas/alertas/ALERTAS_035-18-91740.json
data/raw/CODEFEST/F3_Dinamicas_Territoriales/Alertas_Tempranas/alertas/ALERTAS_035-19-91695.json,.json,2.6,raw,DOC-1212,json,data/raw/CODEFEST/F3_Dinamicas_Territoriales/Alertas_Tempranas/alertas/ALERTAS_035-19-91695.json
data/raw/CODEFEST/F3_Dinamicas_Territoriales/Alertas_Tempranas/alertas/ALERTAS_035-20-91745.json,.json,1.9,raw,DOC-1213,json,data/raw/CODEFEST/F3_Dinamicas_Territoriales/Alertas_Tempranas/alertas/ALERTAS_035-20-91745.json
data/raw/CODEFEST/F3_Dinamicas_Territoriales/Alertas_Tempranas/alertas/ALERTAS_035-23-91893.json,.json,1.4,raw,DOC-1214,json,data/raw/CODEFEST/F3_Dinamicas_Territoriales/Alertas_Tempranas/alertas/ALERTAS_035-23-91893.json
data/raw/CODEFEST/F3_Dinamicas_Territoriales/Alertas_Tempranas/alertas/ALERTAS_036-18-91729.json,.json,1.1,raw,DOC-1215,json,data/raw/CODEFEST/F3_Dinamicas_Territoriales/Alertas_Tempranas/alertas/ALERTAS_036-18-91729.json
data/raw/CODEFEST/F3_Dinamicas_Territoriales/Alertas_Tempranas/alertas/ALERTAS_036-19-91701.json,.json,1.6,raw,DOC-1216,json,data/raw/CODEFEST/F3_Dinamicas_Territoriales/Alertas_Tempranas/alertas/ALERTAS_036-19-91701.json
data/raw/CODEFEST/F3_Dinamicas_Territoriales/Alertas_Tempranas/alertas/ALERTAS_036-20-91692.json,.json,1.4,raw,DOC-1217,json,data/raw/CODEFEST/F3_Dinamicas_Territoriales/Alertas_Tempranas/alertas/ALERTAS_036-20-91692.json
data/raw/CODEFEST/F3_Dinamicas_Territoriales/Alertas_Tempranas/alertas/ALERTAS_036-23-91894.json,.json,1.6,raw,DOC-1218,json,data/raw/CODEFEST/F3_Dinamicas_Territoriales/Alertas_Tempranas/alertas/ALERTAS_036-23-91894.json
data/raw/CODEFEST/F3_Dinamicas_Territoriales/Alertas_Tempranas/alertas/ALERTAS_037-18-91642.json,.json,1.4,raw,DOC-1219,json,data/raw/CODEFEST/F3_Dinamicas_Territoriales/Alertas_Tempranas/alertas/ALERTAS_037-18-91642.json
data/raw/CODEFEST/F3_Dinamicas_Territoriales/Alertas_Tempranas/alertas/ALERTAS_037-19-91606.json,.json,1.2,raw,DOC-1220,json,data/raw/CODEFEST/F3_Dinamicas_Territoriales/Alertas_Tempranas/alertas/ALERTAS_037-19-91606.json
data/raw/CODEFEST/F3_Dinamicas_Territoriales/Alertas_Tempranas/alertas/ALERTAS_037-20-91776.json,.json,1.8,raw,DOC-1221,json,data/raw/CODEFEST/F3_Dinamicas_Territoriales/Alertas_Tempranas/alertas/ALERTAS_037-20-91776.json
data/raw/CODEFEST/F3_Dinamicas_Territoriales/Alertas_Tempranas/alertas/ALERTAS_037-23-91895.json,.json,1.2,raw,DOC-1222,json,data/raw/CODEFEST/F3_Dinamicas_Territoriales/Alertas_Tempranas/alertas/ALERTAS_037-23-91895.json
data/raw/CODEFEST/F3_Dinamicas_Territoriales/Alertas_Tempranas/alertas/ALERTAS_038-18-91615.json,.json,1.2,raw,DOC-1223,json,data/raw/CODEFEST/F3_Dinamicas_Territoriales/Alertas_Tempranas/alertas/ALERTAS_038-18-91615.json
data/raw/CODEFEST/F3_Dinamicas_Territoriales/Alertas_Tempranas/alertas/ALERTAS_038-19-91607.json,.json,1.0,raw,DOC-1224,json,data/raw/CODEFEST/F3_Dinamicas_Territoriales/Alertas_Tempranas/alertas/ALERTAS_038-19-91607.json
data/raw/CODEFEST/F3_Dinamicas_Territoriales/Alertas_Tempranas/alertas/ALERTAS_038-20-91693.json,.json,1.2,raw,DOC-1225,json,data/raw/CODEFEST/F3_Dinamicas_Territoriales/Alertas_Tempranas/alertas/ALERTAS_038-20-91693.json
data/raw/CODEFEST/F3_Dinamicas_Territoriales/Alertas_Tempranas/alertas/ALERTAS_038-23-91896.json,.json,1.2,raw,DOC-1226,json,data/raw/CODEFEST/F3_Dinamicas_Territoriales/Alertas_Tempranas/alertas/ALERTAS_038-23-91896.json
data/raw/CODEFEST/F3_Dinamicas_Territoriales/Alertas_Tempranas/alertas/ALERTAS_039-18-91643.json,.json,1.0,raw,DOC-1227,json,data/raw/CODEFEST/F3_Dinamicas_Territoriales/Alertas_Tempranas/alertas/ALERTAS_039-18-91643.json
data/raw/CODEFEST/F3_Dinamicas_Territoriales/Alertas_Tempranas/alertas/ALERTAS_039-19-91702.json,.json,1.5,raw,DOC-1228,json,data/raw/CODEFEST/F3_Dinamicas_Territoriales/Alertas_Tempranas/alertas/ALERTAS_039-19-91702.json
data/raw/CODEFEST/F3_Dinamicas_Territoriales/Alertas_Tempranas/alertas/ALERTAS_039-20-91771.json,.json,1.8,raw,DOC-1229,json,data/raw/CODEFEST/F3_Dinamicas_Territoriales/Alertas_Tempranas/alertas/ALERTAS_039-20-91771.json
data/raw/CODEFEST/F3_Dinamicas_Territoriales/Alertas_Tempranas/alertas/ALERTAS_039-23-91897.json,.json,1.9,raw,DOC-1230,json,data/raw/CODEFEST/F3_Dinamicas_Territoriales/Alertas_Tempranas/alertas/ALERTAS_039-23-91897.json
data/raw/CODEFEST/F3_Dinamicas_Territoriales/Alertas_Tempranas/alertas/ALERTAS_040-18-91714.json,.json,1.3,raw,DOC-1231,json,data/raw/CODEFEST/F3_Dinamicas_Territoriales/Alertas_Tempranas/alertas/ALERTAS_040-18-91714.json
data/raw/CODEFEST/F3_Dinamicas_Territoriales/Alertas_Tempranas/alertas/ALERTAS_040-19-91608.json,.json,1.2,raw,DOC-1232,json,data/raw/CODEFEST/F3_Dinamicas_Territoriales/Alertas_Tempranas/alertas/ALERTAS_040-19-91608.json
data/raw/CODEFEST/F3_Dinamicas_Territoriales/Alertas_Tempranas/alertas/ALERTAS_040-20-91772.json,.json,2.4,raw,DOC-1233,json,data/raw/CODEFEST/F3_Dinamicas_Territoriales/Alertas_Tempranas/alertas/ALERTAS_040-20-91772.json
data/raw/CODEFEST/F3_Dinamicas_Territoriales/Alertas_Tempranas/alertas/ALERTAS_041-18-91644.json,.json,1.3,raw,DOC-1234,json,data/raw/CODEFEST/F3_Dinamicas_Territoriales/Alertas_Tempranas/alertas/ALERTAS_041-18-91644.json
data/raw/CODEFEST/F3_Dinamicas_Territoriales/Alertas_Tempranas/alertas/ALERTAS_041-19-91609.json,.json,1.1,raw,DOC-1235,json,data/raw/CODEFEST/F3_Dinamicas_Territoriales/Alertas_Tempranas/alertas/ALERTAS_041-19-91609.json
data/raw/CODEFEST/F3_Dinamicas_Territoriales/Alertas_Tempranas/alertas/ALERTAS_041-20-91770.json,.json,1.7,raw,DOC-1236,json,data/raw/CODEFEST/F3_Dinamicas_Territoriales/Alertas_Tempranas/alertas/ALERTAS_041-20-91770.json
data/raw/CODEFEST/F3_Dinamicas_Territoriales/Alertas_Tempranas/alertas/ALERTAS_042-18-91715.json,.json,1.3,raw,DOC-1237,json,data/raw/CODEFEST/F3_Dinamicas_Territoriales/Alertas_Tempranas/alertas/ALERTAS_042-18-91715.json
data/raw/CODEFEST/F3_Dinamicas_Territoriales/Alertas_Tempranas/alertas/ALERTAS_042-19-91763.json,.json,1.5,raw,DOC-1238,json,data/raw/CODEFEST/F3_Dinamicas_Territoriales/Alertas_Tempranas/alertas/ALERTAS_042-19-91763.json
data/raw/CODEFEST/F3_Dinamicas_Territoriales/Alertas_Tempranas/alertas/ALERTAS_042-20-91773.json,.json,3.0,raw,DOC-1239,json,data/raw/CODEFEST/F3_Dinamicas_Territoriales/Alertas_Tempranas/alertas/ALERTAS_042-20-91773.json
data/raw/CODEFEST/F3_Dinamicas_Territoriales/Alertas_Tempranas/alertas/ALERTAS_043-18-91645.json,.json,1.2,raw,DOC-1240,json,data/raw/CODEFEST/F3_Dinamicas_Territoriales/Alertas_Tempranas/alertas/ALERTAS_043-18-91645.json
data/raw/CODEFEST/F3_Dinamicas_Territoriales/Alertas_Tempranas/alertas/ALERTAS_043-19-91703.json,.json,1.5,raw,DOC-1241,json,data/raw/CODEFEST/F3_Dinamicas_Territoriales/Alertas_Tempranas/alertas/ALERTAS_043-19-91703.json
data/raw/CODEFEST/F3_Dinamicas_Territoriales/Alertas_Tempranas/alertas/ALERTAS_043-20-91774.json,.json,1.8,raw,DOC-1242,json,data/raw/CODEFEST/F3_Dinamicas_Territoriales/Alertas_Tempranas/alertas/ALERTAS_043-20-91774.json
data/raw/CODEFEST/F3_Dinamicas_Territoriales/Alertas_Tempranas/alertas/ALERTAS_044-18-91618.json,.json,1.4,raw,DOC-1243,json,data/raw/CODEFEST/F3_Dinamicas_Territoriales/Alertas_Tempranas/alertas/ALERTAS_044-18-91618.json
data/raw/CODEFEST/F3_Dinamicas_Territoriales/Alertas_Tempranas/alertas/ALERTAS_044-19-91704.json,.json,1.6,raw,DOC-1244,json,data/raw/CODEFEST/F3_Dinamicas_Territoriales/Alertas_Tempranas/alertas/ALERTAS_044-19-91704.json
data/raw/CODEFEST/F3_Dinamicas_Territoriales/Alertas_Tempranas/alertas/ALERTAS_044-20-91775.json,.json,3.3,raw,DOC-1245,json,data/raw/CODEFEST/F3_Dinamicas_Territoriales/Alertas_Tempranas/alertas/ALERTAS_044-20-91775.json
data/raw/CODEFEST/F3_Dinamicas_Territoriales/Alertas_Tempranas/alertas/ALERTAS_045-18-91753.json,.json,1.2,raw,DOC-1246,json,data/raw/CODEFEST/F3_Dinamicas_Territoriales/Alertas_Tempranas/alertas/ALERTAS_045-18-91753.json
data/raw/CODEFEST/F3_Dinamicas_Territoriales/Alertas_Tempranas/alertas/ALERTAS_045-19-91705.json,.json,1.5,raw,DOC-1247,json,data/raw/CODEFEST/F3_Dinamicas_Territoriales/Alertas_Tempranas/alertas/ALERTAS_045-19-91705.json
data/raw/CODEFEST/F3_Dinamicas_Territoriales/Alertas_Tempranas/alertas/ALERTAS_045-20-91777.json,.json,4.1,raw,DOC-1248,json,data/raw/CODEFEST/F3_Dinamicas_Territoriales/Alertas_Tempranas/alertas/ALERTAS_045-20-91777.json
data/raw/CODEFEST/F3_Dinamicas_Territoriales/Alertas_Tempranas/alertas/ALERTAS_046-18-91748.json,.json,1.2,raw,DOC-1249,json,data/raw/CODEFEST/F3_Dinamicas_Territoriales/Alertas_Tempranas/alertas/ALERTAS_046-18-91748.json
data/raw/CODEFEST/F3_Dinamicas_Territoriales/Alertas_Tempranas/alertas/ALERTAS_046-19-91694.json,.json,1.4,raw,DOC-1250,json,data/raw/CODEFEST/F3_Dinamicas_Territoriales/Alertas_Tempranas/alertas/ALERTAS_046-19-91694.json
data/raw/CODEFEST/F3_Dinamicas_Territoriales/Alertas_Tempranas/alertas/ALERTAS_046-20-91780.json,.json,1.3,raw,DOC-1251,json,data/raw/CODEFEST/F3_Dinamicas_Territoriales/Alertas_Tempranas/alertas/ALERTAS_046-20-91780.json
data/raw/CODEFEST/F3_Dinamicas_Territoriales/Alertas_Tempranas/alertas/ALERTAS_047-18-91678.json,.json,1.2,raw,DOC-1252,json,data/raw/CODEFEST/F3_Dinamicas_Territoriales/Alertas_Tempranas/alertas/ALERTAS_047-18-91678.json
data/raw/CODEFEST/F3_Dinamicas_Territoriales/Alertas_Tempranas/alertas/ALERTAS_047-19-91610.json,.json,1.1,raw,DOC-1253,json,data/raw/CODEFEST/F3_Dinamicas_Territoriales/Alertas_Tempranas/alertas/ALERTAS_047-19-91610.json
data/raw/CODEFEST/F3_Dinamicas_Territoriales/Alertas_Tempranas/alertas/ALERTAS_047-20-91781.json,.json,2.6,raw,DOC-1254,json,data/raw/CODEFEST/F3_Dinamicas_Territoriales/Alertas_Tempranas/alertas/ALERTAS_047-20-91781.json
data/raw/CODEFEST/F3_Dinamicas_Territoriales/Alertas_Tempranas/alertas/ALERTAS_048-18-91679.json,.json,1.1,raw,DOC-1255,json,data/raw/CODEFEST/F3_Dinamicas_Territoriales/Alertas_Tempranas/alertas/ALERTAS_048-18-91679.json
data/raw/CODEFEST/F3_Dinamicas_Territoriales/Alertas_Tempranas/alertas/ALERTAS_048-19-91764.json,.json,1.5,raw,DOC-1256,json,data/raw/CODEFEST/F3_Dinamicas_Territoriales/Alertas_Tempranas/alertas/ALERTAS_048-19-91764.json
data/raw/CODEFEST/F3_Dinamicas_Territoriales/Alertas_Tempranas/alertas/ALERTAS_048-20-91782.json,.json,1.2,raw,DOC-1257,json,data/raw/CODEFEST/F3_Dinamicas_Territoriales/Alertas_Tempranas/alertas/ALERTAS_048-20-91782.json
data/raw/CODEFEST/F3_Dinamicas_Territoriales/Alertas_Tempranas/alertas/ALERTAS_049-18-91749.json,.json,1.4,raw,DOC-1258,json,data/raw/CODEFEST/F3_Dinamicas_Territoriales/Alertas_Tempranas/alertas/ALERTAS_049-18-91749.json
data/raw/CODEFEST/F3_Dinamicas_Territoriales/Alertas_Tempranas/alertas/ALERTAS_049-19-91706.json,.json,1.4,raw,DOC-1259,json,data/raw/CODEFEST/F3_Dinamicas_Territoriales/Alertas_Tempranas/alertas/ALERTAS_049-19-91706.json
data/raw/CODEFEST/F3_Dinamicas_Territoriales/Alertas_Tempranas/alertas/ALERTAS_049-20-91783.json,.json,1.4,raw,DOC-1260,json,data/raw/CODEFEST/F3_Dinamicas_Territoriales/Alertas_Tempranas/alertas/ALERTAS_049-20-91783.json
data/raw/CODEFEST/F3_Dinamicas_Territoriales/Alertas_Tempranas/alertas/ALERTAS_050-18-91683.json,.json,1.4,raw,DOC-1261,json,data/raw/CODEFEST/F3_Dinamicas_Territoriales/Alertas_Tempranas/alertas/ALERTAS_050-18-91683.json
data/raw/CODEFEST/F3_Dinamicas_Territoriales/Alertas_Tempranas/alertas/ALERTAS_050-19-91765.json,.json,1.4,raw,DOC-1262,json,data/raw/CODEFEST/F3_Dinamicas_Territoriales/Alertas_Tempranas/alertas/ALERTAS_050-19-91765.json
data/raw/CODEFEST/F3_Dinamicas_Territoriales/Alertas_Tempranas/alertas/ALERTAS_050-20-91784.json,.json,3.7,raw,DOC-1263,json,data/raw/CODEFEST/F3_Dinamicas_Territoriales/Alertas_Tempranas/alertas/ALERTAS_050-20-91784.json
data/raw/CODEFEST/F3_Dinamicas_Territoriales/Alertas_Tempranas/alertas/ALERTAS_051-18-91682.json,.json,1.4,raw,DOC-1264,json,data/raw/CODEFEST/F3_Dinamicas_Territoriales/Alertas_Tempranas/alertas/ALERTAS_051-18-91682.json
data/raw/CODEFEST/F3_Dinamicas_Territoriales/Alertas_Tempranas/alertas/ALERTAS_051-19-91707.json,.json,1.5,raw,DOC-1265,json,data/raw/CODEFEST/F3_Dinamicas_Territoriales/Alertas_Tempranas/alertas/ALERTAS_051-19-91707.json
data/raw/CODEFEST/F3_Dinamicas_Territoriales/Alertas_Tempranas/alertas/ALERTAS_051-20-91787.json,.json,1.6,raw,DOC-1266,json,data/raw/CODEFEST/F3_Dinamicas_Territoriales/Alertas_Tempranas/alertas/ALERTAS_051-20-91787.json
data/raw/CODEFEST/F3_Dinamicas_Territoriales/Alertas_Tempranas/alertas/ALERTAS_052-18-91751.json,.json,1.2,raw,DOC-1267,json,data/raw/CODEFEST/F3_Dinamicas_Territoriales/Alertas_Tempranas/alertas/ALERTAS_052-18-91751.json
data/raw/CODEFEST/F3_Dinamicas_Territoriales/Alertas_Tempranas/alertas/ALERTAS_052-19-91611.json,.json,1.1,raw,DOC-1268,json,data/raw/CODEFEST/F3_Dinamicas_Territoriales/Alertas_Tempranas/alertas/ALERTAS_052-19-91611.json
data/raw/CODEFEST/F3_Dinamicas_Territoriales/Alertas_Tempranas/alertas/ALERTAS_052-20-91785.json,.json,1.9,raw,DOC-1269,json,data/raw/CODEFEST/F3_Dinamicas_Territoriales/Alertas_Tempranas/alertas/ALERTAS_052-20-91785.json
data/raw/CODEFEST/F3_Dinamicas_Territoriales/Alertas_Tempranas/alertas/ALERTAS_053-18-91681.json,.json,1.4,raw,DOC-1270,json,data/raw/CODEFEST/F3_Dinamicas_Territoriales/Alertas_Tempranas/alertas/ALERTAS_053-18-91681.json
data/raw/CODEFEST/F3_Dinamicas_Territoriales/Alertas_Tempranas/alertas/ALERTAS_053-19-91612.json,.json,1.0,raw,DOC-1271,json,data/raw/CODEFEST/F3_Dinamicas_Territoriales/Alertas_Tempranas/alertas/ALERTAS_053-19-91612.json
data/raw/CODEFEST/F3_Dinamicas_Territoriales/Alertas_Tempranas/alertas/ALERTAS_053-20-91786.json,.json,1.7,raw,DOC-1272,json,data/raw/CODEFEST/F3_Dinamicas_Territoriales/Alertas_Tempranas/alertas/ALERTAS_053-20-91786.json
data/raw/CODEFEST/F3_Dinamicas_Territoriales/Alertas_Tempranas/alertas/ALERTAS_054-18-91750.json,.json,1.2,raw,DOC-1273,json,data/raw/CODEFEST/F3_Dinamicas_Territoriales/Alertas_Tempranas/alertas/ALERTAS_054-18-91750.json
data/raw/CODEFEST/F3_Dinamicas_Territoriales/Alertas_Tempranas/alertas/ALERTAS_054-19-91766.json,.json,1.5,raw,DOC-1274,json,data/raw/CODEFEST/F3_Dinamicas_Territoriales/Alertas_Tempranas/alertas/ALERTAS_054-19-91766.json
data/raw/CODEFEST/F3_Dinamicas_Territoriales/Alertas_Tempranas/alertas/ALERTAS_054-20-91788.json,.json,2.3,raw,DOC-1275,json,data/raw/CODEFEST/F3_Dinamicas_Territoriales/Alertas_Tempranas/alertas/ALERTAS_054-20-91788.json
data/raw/CODEFEST/F3_Dinamicas_Territoriales/Alertas_Tempranas/alertas/ALERTAS_055-18-91680.json,.json,1.0,raw,DOC-1276,json,data/raw/CODEFEST/F3_Dinamicas_Territoriales/Alertas_Tempranas/alertas/ALERTAS_055-18-91680.json
data/raw/CODEFEST/F3_Dinamicas_Territoriales/Alertas_Tempranas/alertas/ALERTAS_055-19-91769.json,.json,1.2,raw,DOC-1277,json,data/raw/CODEFEST/F3_Dinamicas_Territoriales/Alertas_Tempranas/alertas/ALERTAS_055-19-91769.json
data/raw/CODEFEST/F3_Dinamicas_Territoriales/Alertas_Tempranas/alertas/ALERTAS_056-18-91646.json,.json,1.2,raw,DOC-1278,json,data/raw/CODEFEST/F3_Dinamicas_Territoriales/Alertas_Tempranas/alertas/ALERTAS_056-18-91646.json
data/raw/CODEFEST/F3_Dinamicas_Territoriales/Alertas_Tempranas/alertas/ALERTAS_056-19-91709.json,.json,1.4,raw,DOC-1279,json,data/raw/CODEFEST/F3_Dinamicas_Territoriales/Alertas_Tempranas/alertas/ALERTAS_056-19-91709.json
data/raw/CODEFEST/F3_Dinamicas_Territoriales/Alertas_Tempranas/alertas/ALERTAS_057-18-91716.json,.json,1.6,raw,DOC-1280,json,data/raw/CODEFEST/F3_Dinamicas_Territoriales/Alertas_Tempranas/alertas/ALERTAS_057-18-91716.json
data/raw/CODEFEST/F3_Dinamicas_Territoriales/Alertas_Tempranas/alertas/ALERTAS_058-18-91647.json,.json,0.9,raw,DOC-1281,json,data/raw/CODEFEST/F3_Dinamicas_Territoriales/Alertas_Tempranas/alertas/ALERTAS_058-18-91647.json
data/raw/CODEFEST/F3_Dinamicas_Territoriales/Alertas_Tempranas/alertas/ALERTAS_059-18-91648.json,.json,1.1,raw,DOC-1282,json,data/raw/CODEFEST/F3_Dinamicas_Territoriales/Alertas_Tempranas/alertas/ALERTAS_059-18-91648.json
data/raw/CODEFEST/F3_Dinamicas_Territoriales/Alertas_Tempranas/alertas/ALERTAS_060-18-91649.json,.json,0.9,raw,DOC-1283,json,data/raw/CODEFEST/F3_Dinamicas_Territoriales/Alertas_Tempranas/alertas/ALERTAS_060-18-91649.json
data/raw/CODEFEST/F3_Dinamicas_Territoriales/Alertas_Tempranas/alertas/ALERTAS_061-18-91717.json,.json,1.3,raw,DOC-1284,json,data/raw/CODEFEST/F3_Dinamicas_Territoriales/Alertas_Tempranas/alertas/ALERTAS_061-18-91717.json
data/raw/CODEFEST/F3_Dinamicas_Territoriales/Alertas_Tempranas/alertas/ALERTAS_062-18-91718.json,.json,1.3,raw,DOC-1285,json,data/raw/CODEFEST/F3_Dinamicas_Territoriales/Alertas_Tempranas/alertas/ALERTAS_062-18-91718.json
data/raw/CODEFEST/F3_Dinamicas_Territoriales/Alertas_Tempranas/alertas/ALERTAS_063-18-91719.json,.json,1.1,raw,DOC-1286,json,data/raw/CODEFEST/F3_Dinamicas_Territoriales/Alertas_Tempranas/alertas/ALERTAS_063-18-91719.json
data/raw/CODEFEST/F3_Dinamicas_Territoriales/Alertas_Tempranas/alertas/ALERTAS_064-18-91650.json,.json,1.2,raw,DOC-1287,json,data/raw/CODEFEST/F3_Dinamicas_Territoriales/Alertas_Tempranas/alertas/ALERTAS_064-18-91650.json
data/raw/CODEFEST/F3_Dinamicas_Territoriales/Alertas_Tempranas/alertas/ALERTAS_065-18-91720.json,.json,1.5,raw,DOC-1288,json,data/raw/CODEFEST/F3_Dinamicas_Territoriales/Alertas_Tempranas/alertas/ALERTAS_065-18-91720.json
data/raw/CODEFEST/F3_Dinamicas_Territoriales/Alertas_Tempranas/alertas/ALERTAS_066-18-91721.json,.json,1.5,raw,DOC-1289,json,data/raw/CODEFEST/F3_Dinamicas_Territoriales/Alertas_Tempranas/alertas/ALERTAS_066-18-91721.json
data/raw/CODEFEST/F3_Dinamicas_Territoriales/Alertas_Tempranas/alertas/ALERTAS_067-18-91690.json,.json,1.4,raw,DOC-1290,json,data/raw/CODEFEST/F3_Dinamicas_Territoriales/Alertas_Tempranas/alertas/ALERTAS_067-18-91690.json
data/raw/CODEFEST/F3_Dinamicas_Territoriales/Alertas_Tempranas/alertas/ALERTAS_068-18-91677.json,.json,1.5,raw,DOC-1291,json,data/raw/CODEFEST/F3_Dinamicas_Territoriales/Alertas_Tempranas/alertas/ALERTAS_068-18-91677.json
data/raw/CODEFEST/F3_Dinamicas_Territoriales/Alertas_Tempranas/alertas/ALERTAS_069-18-91619.json,.json,1.1,raw,DOC-1292,json,data/raw/CODEFEST/F3_Dinamicas_Territoriales/Alertas_Tempranas/alertas/ALERTAS_069-18-91619.json
data/raw/CODEFEST/F3_Dinamicas_Territoriales/Alertas_Tempranas/alertas/ALERTAS_070-18-91616.json,.json,1.3,raw,DOC-1293,json,data/raw/CODEFEST/F3_Dinamicas_Territoriales/Alertas_Tempranas/alertas/ALERTAS_070-18-91616.json
data/raw/CODEFEST/F3_Dinamicas_Territoriales/Alertas_Tempranas/alertas/ALERTAS_071-18-91651.json,.json,1.2,raw,DOC-1294,json,data/raw/CODEFEST/F3_Dinamicas_Territoriales/Alertas_Tempranas/alertas/ALERTAS_071-18-91651.json
data/raw/CODEFEST/F3_Dinamicas_Territoriales/Alertas_Tempranas/alertas/ALERTAS_072-18-91652.json,.json,1.0,raw,DOC-1295,json,data/raw/CODEFEST/F3_Dinamicas_Territoriales/Alertas_Tempranas/alertas/ALERTAS_072-18-91652.json
data/raw/CODEFEST/F3_Dinamicas_Territoriales/Alertas_Tempranas/alertas/ALERTAS_073-18-91620.json,.json,1.4,raw,DOC-1296,json,data/raw/CODEFEST/F3_Dinamicas_Territoriales/Alertas_Tempranas/alertas/ALERTAS_073-18-91620.json
data/raw/CODEFEST/F3_Dinamicas_Territoriales/Alertas_Tempranas/alertas/ALERTAS_074-18-91752.json,.json,1.4,raw,DOC-1297,json,data/raw/CODEFEST/F3_Dinamicas_Territoriales/Alertas_Tempranas/alertas/ALERTAS_074-18-91752.json
data/raw/CODEFEST/F3_Dinamicas_Territoriales/Alertas_Tempranas/alertas/ALERTAS_075-18-91684.json,.json,1.2,raw,DOC-1298,json,data/raw/CODEFEST/F3_Dinamicas_Territoriales/Alertas_Tempranas/alertas/ALERTAS_075-18-91684.json
data/raw/CODEFEST/F3_Dinamicas_Territoriales/Alertas_Tempranas/alertas/ALERTAS_076-18-91722.json,.json,1.4,raw,DOC-1299,json,data/raw/CODEFEST/F3_Dinamicas_Territoriales/Alertas_Tempranas/alertas/ALERTAS_076-18-91722.json
data/raw/CODEFEST/F3_Dinamicas_Territoriales/Alertas_Tempranas/alertas/ALERTAS_077-18-91653.json,.json,1.1,raw,DOC-1300,json,data/raw/CODEFEST/F3_Dinamicas_Territoriales/Alertas_Tempranas/alertas/ALERTAS_077-18-91653.json
data/raw/CODEFEST/F3_Dinamicas_Territoriales/Alertas_Tempranas/alertas/ALERTAS_078-18-91658.json,.json,1.1,raw,DOC-1301,json,data/raw/CODEFEST/F3_Dinamicas_Territoriales/Alertas_Tempranas/alertas/ALERTAS_078-18-91658.json
data/raw/CODEFEST/F3_Dinamicas_Territoriales/Alertas_Tempranas/alertas/ALERTAS_079-18-91656.json,.json,1.3,raw,DOC-1302,json,data/raw/CODEFEST/F3_Dinamicas_Territoriales/Alertas_Tempranas/alertas/ALERTAS_079-18-91656.json
data/raw/CODEFEST/F3_Dinamicas_Territoriales/Alertas_Tempranas/alertas/ALERTAS_080-18-91723.json,.json,1.9,raw,DOC-1303,json,data/raw/CODEFEST/F3_Dinamicas_Territoriales/Alertas_Tempranas/alertas/ALERTAS_080-18-91723.json
data/raw/CODEFEST/F3_Dinamicas_Territoriales/Alertas_Tempranas/alertas/ALERTAS_081-18-91724.json,.json,1.4,raw,DOC-1304,json,data/raw/CODEFEST/F3_Dinamicas_Territoriales/Alertas_Tempranas/alertas/ALERTAS_081-18-91724.json
data/raw/CODEFEST/F3_Dinamicas_Territoriales/Alertas_Tempranas/alertas/ALERTAS_082-18-91725.json,.json,1.4,raw,DOC-1305,json,data/raw/CODEFEST/F3_Dinamicas_Territoriales/Alertas_Tempranas/alertas/ALERTAS_082-18-91725.json
data/raw/CODEFEST/F3_Dinamicas_Territoriales/Alertas_Tempranas/alertas/ALERTAS_083-18-91726.json,.json,1.3,raw,DOC-1306,json,data/raw/CODEFEST/F3_Dinamicas_Territoriales/Alertas_Tempranas/alertas/ALERTAS_083-18-91726.json
data/raw/CODEFEST/F3_Dinamicas_Territoriales/Alertas_Tempranas/alertas/ALERTAS_084-18-91727.json,.json,1.1,raw,DOC-1307,json,data/raw/CODEFEST/F3_Dinamicas_Territoriales/Alertas_Tempranas/alertas/ALERTAS_084-18-91727.json
data/raw/CODEFEST/F3_Dinamicas_Territoriales/Alertas_Tempranas/alertas/ALERTAS_085-18-91654.json,.json,1.2,raw,DOC-1308,json,data/raw/CODEFEST/F3_Dinamicas_Territoriales/Alertas_Tempranas/alertas/ALERTAS_085-18-91654.json
data/raw/CODEFEST/F3_Dinamicas_Territoriales/Alertas_Tempranas/alertas/ALERTAS_086-18-91728.json,.json,1.5,raw,DOC-1309,json,data/raw/CODEFEST/F3_Dinamicas_Territoriales/Alertas_Tempranas/alertas/ALERTAS_086-18-91728.json
data/raw/CODEFEST/F3_Dinamicas_Territoriales/Alertas_Tempranas/pdfs/.DS_Store,,6.0,raw,DOC-1310,,data/raw/CODEFEST/F3_Dinamicas_Territoriales/Alertas_Tempranas/pdfs/.DS_Store
data/raw/CODEFEST/F3_Dinamicas_Territoriales/Alertas_Tempranas/pdfs/Informes/ALERTAS_informes001.pdf,.pdf,6277.3,raw,DOC-1311,pdf,data/raw/CODEFEST/F3_Dinamicas_Territoriales/Alertas_Tempranas/pdfs/Informes/ALERTAS_informes001.pdf
data/raw/CODEFEST/F3_Dinamicas_Territoriales/Alertas_Tempranas/pdfs/Informes/ALERTAS_informes002.pdf,.pdf,11916.2,raw,DOC-1312,pdf,data/raw/CODEFEST/F3_Dinamicas_Territoriales/Alertas_Tempranas/pdfs/Informes/ALERTAS_informes002.pdf
data/raw/CODEFEST/F3_Dinamicas_Territoriales/Alertas_Tempranas/pdfs/Informes/ALERTAS_informes003.pdf,.pdf,18002.1,raw,DOC-1313,pdf,data/raw/CODEFEST/F3_Dinamicas_Territoriales/Alertas_Tempranas/pdfs/Informes/ALERTAS_informes003.pdf
data/raw/CODEFEST/F3_Dinamicas_Territoriales/Alertas_Tempranas/pdfs/Informes/ALERTAS_informes004.pdf,.pdf,19106.8,raw,DOC-1314,pdf,data/raw/CODEFEST/F3_Dinamicas_Territoriales/Alertas_Tempranas/pdfs/Informes/ALERTAS_informes004.pdf
data/raw/CODEFEST/F3_Dinamicas_Territoriales/Alertas_Tempranas/pdfs/Informes/ALERTAS_informes005.pdf,.pdf,18390.2,raw,DOC-1315,pdf,data/raw/CODEFEST/F3_Dinamicas_Territoriales/Alertas_Tempranas/pdfs/Informes/ALERTAS_informes005.pdf
data/raw/CODEFEST/F3_Dinamicas_Territoriales/Alertas_Tempranas/pdfs/Informes/ALERTAS_informes006.pdf,.pdf,1124.6,raw,DOC-1316,pdf,data/raw/CODEFEST/F3_Dinamicas_Territoriales/Alertas_Tempranas/pdfs/Informes/ALERTAS_informes006.pdf
data/raw/CODEFEST/F3_Dinamicas_Territoriales/Alertas_Tempranas/pdfs/Informes/ALERTAS_informes007.pdf,.pdf,22582.3,raw,DOC-1317,pdf,data/raw/CODEFEST/F3_Dinamicas_Territoriales/Alertas_Tempranas/pdfs/Informes/ALERTAS_informes007.pdf
data/raw/CODEFEST/F3_Dinamicas_Territoriales/Alertas_Tempranas/pdfs/Informes/ALERTAS_informes008.pdf,.pdf,6170.5,raw,DOC-1318,pdf,data/raw/CODEFEST/F3_Dinamicas_Territoriales/Alertas_Tempranas/pdfs/Informes/ALERTAS_informes008.pdf
data/raw/CODEFEST/F3_Dinamicas_Territoriales/Alertas_Tempranas/pdfs/Informes/ALERTAS_informes009.pdf,.pdf,1311.7,raw,DOC-1319,pdf,data/raw/CODEFEST/F3_Dinamicas_Territoriales/Alertas_Tempranas/pdfs/Informes/ALERTAS_informes009.pdf
data/raw/CODEFEST/F3_Dinamicas_Territoriales/Alertas_Tempranas/pdfs/Informes/ALERTAS_informes010.pdf,.pdf,5486.7,raw,DOC-1320,pdf,data/raw/CODEFEST/F3_Dinamicas_Territoriales/Alertas_Tempranas/pdfs/Informes/ALERTAS_informes010.pdf
data/raw/CODEFEST/F3_Dinamicas_Territoriales/Alertas_Tempranas/pdfs/Informes/ALERTAS_informes011.pdf,.pdf,1321.4,raw,DOC-1321,pdf,data/raw/CODEFEST/F3_Dinamicas_Territoriales/Alertas_Tempranas/pdfs/Informes/ALERTAS_informes011.pdf
data/raw/CODEFEST/F3_Dinamicas_Territoriales/Alertas_Tempranas/pdfs/Informes/ALERTAS_informes012.pdf,.pdf,19556.9,raw,DOC-1322,pdf,data/raw/CODEFEST/F3_Dinamicas_Territoriales/Alertas_Tempranas/pdfs/Informes/ALERTAS_informes012.pdf
data/raw/CODEFEST/F3_Dinamicas_Territoriales/Alertas_Tempranas/pdfs/Informes/ALERTAS_informes013.pdf,.pdf,1159.4,raw,DOC-1323,pdf,data/raw/CODEFEST/F3_Dinamicas_Territoriales/Alertas_Tempranas/pdfs/Informes/ALERTAS_informes013.pdf
data/raw/CODEFEST/F3_Dinamicas_Territoriales/Alertas_Tempranas/pdfs/Informes/ALERTAS_informes014.pdf,.pdf,19436.6,raw,DOC-1324,pdf,data/raw/CODEFEST/F3_Dinamicas_Territoriales/Alertas_Tempranas/pdfs/Informes/ALERTAS_informes014.pdf
data/raw/CODEFEST/F3_Dinamicas_Territoriales/Alertas_Tempranas/pdfs/Informes/ALERTAS_informes015.pdf,.pdf,1110.5,raw,DOC-1325,pdf,data/raw/CODEFEST/F3_Dinamicas_Territoriales/Alertas_Tempranas/pdfs/Informes/ALERTAS_informes015.pdf
data/raw/CODEFEST/F3_Dinamicas_Territoriales/Alertas_Tempranas/pdfs/Informes/ALERTAS_informes016.pdf,.pdf,6026.5,raw,DOC-1326,pdf,data/raw/CODEFEST/F3_Dinamicas_Territoriales/Alertas_Tempranas/pdfs/Informes/ALERTAS_informes016.pdf
data/raw/CODEFEST/F3_Dinamicas_Territoriales/Alertas_Tempranas/pdfs/Informes/ALERTAS_informes017.pdf,.pdf,1174.7,raw,DOC-1327,pdf,data/raw/CODEFEST/F3_Dinamicas_Territoriales/Alertas_Tempranas/pdfs/Informes/ALERTAS_informes017.pdf
data/raw/CODEFEST/F3_Dinamicas_Territoriales/Alertas_Tempranas/pdfs/Informes/ALERTAS_informes018.pdf,.pdf,21125.5,raw,DOC-1328,pdf,data/raw/CODEFEST/F3_Dinamicas_Territoriales/Alertas_Tempranas/pdfs/Informes/ALERTAS_informes018.pdf
data/raw/CODEFEST/F3_Dinamicas_Territoriales/Alertas_Tempranas/pdfs/Informes/ALERTAS_informes019.pdf,.pdf,11790.4,raw,DOC-1329,pdf,data/raw/CODEFEST/F3_Dinamicas_Territoriales/Alertas_Tempranas/pdfs/Informes/ALERTAS_informes019.pdf
data/raw/CODEFEST/F3_Dinamicas_Territoriales/Alertas_Tempranas/pdfs/Informes/ALERTAS_informes020.pdf,.pdf,1348.3,raw,DOC-1330,pdf,data/raw/CODEFEST/F3_Dinamicas_Territoriales/Alertas_Tempranas/pdfs/Informes/ALERTAS_informes020.pdf
data/raw/CODEFEST/F3_Dinamicas_Territoriales/Alertas_Tempranas/pdfs/Informes/ALERTAS_informes021.pdf,.pdf,21495.6,raw,DOC-1331,pdf,data/raw/CODEFEST/F3_Dinamicas_Territoriales/Alertas_Tempranas/pdfs/Informes/ALERTAS_informes021.pdf
data/raw/CODEFEST/F3_Dinamicas_Territoriales/Alertas_Tempranas/pdfs/Informes/ALERTAS_informes022.pdf,.pdf,1148.3,raw,DOC-1332,pdf,data/raw/CODEFEST/F3_Dinamicas_Territoriales/Alertas_Tempranas/pdfs/Informes/ALERTAS_informes022.pdf
data/raw/CODEFEST/F3_Dinamicas_Territoriales/Alertas_Tempranas/pdfs/Informes/ALERTAS_informes023.pdf,.pdf,1792.2,raw,DOC-1333,pdf,data/raw/CODEFEST/F3_Dinamicas_Territoriales/Alertas_Tempranas/pdfs/Informes/ALERTAS_informes023.pdf
data/raw/CODEFEST/F3_Dinamicas_Territoriales/Alertas_Tempranas/pdfs/Informes/ALERTAS_informes024.pdf,.pdf,1159.4,raw,DOC-1334,pdf,data/raw/CODEFEST/F3_Dinamicas_Territoriales/Alertas_Tempranas/pdfs/Informes/ALERTAS_informes024.pdf
data/raw/CODEFEST/F3_Dinamicas_Territoriales/Alertas_Tempranas/pdfs/Informes/ALERTAS_informes025.pdf,.pdf,12015.9,raw,DOC-1335,pdf,data/raw/CODEFEST/F3_Dinamicas_Territoriales/Alertas_Tempranas/pdfs/Informes/ALERTAS_informes025.pdf
data/raw/CODEFEST/F3_Dinamicas_Territoriales/Alertas_Tempranas/pdfs/Informes/ALERTAS_informes026.pdf,.pdf,325.3,raw,DOC-1336,pdf,data/raw/CODEFEST/F3_Dinamicas_Territoriales/Alertas_Tempranas/pdfs/Informes/ALERTAS_informes026.pdf
data/raw/CODEFEST/F3_Dinamicas_Territoriales/Alertas_Tempranas/pdfs/Informes/ALERTAS_informes027.pdf,.pdf,11265.1,raw,DOC-1337,pdf,data/raw/CODEFEST/F3_Dinamicas_Territoriales/Alertas_Tempranas/pdfs/Informes/ALERTAS_informes027.pdf
data/raw/CODEFEST/F3_Dinamicas_Territoriales/Alertas_Tempranas/pdfs/Informes/ALERTAS_informes028.pdf,.pdf,240.2,raw,DOC-1338,pdf,data/raw/CODEFEST/F3_Dinamicas_Territoriales/Alertas_Tempranas/pdfs/Informes/ALERTAS_informes028.pdf
data/raw/CODEFEST/F3_Dinamicas_Territoriales/Alertas_Tempranas/pdfs/Informes/ALERTAS_informes029.pdf,.pdf,9519.9,raw,DOC-1339,pdf,data/raw/CODEFEST/F3_Dinamicas_Territoriales/Alertas_Tempranas/pdfs/Informes/ALERTAS_informes029.pdf
data/raw/CODEFEST/F3_Dinamicas_Territoriales/Alertas_Tempranas/pdfs/Informes/ALERTAS_informes030.pdf,.pdf,123.1,raw,DOC-1340,pdf,data/raw/CODEFEST/F3_Dinamicas_Territoriales/Alertas_Tempranas/pdfs/Informes/ALERTAS_informes030.pdf
data/raw/CODEFEST/F3_Dinamicas_Territoriales/Alertas_Tempranas/pdfs/Informes/ALERTAS_informes031.pdf,.pdf,1172.2,raw,DOC-1341,pdf,data/raw/CODEFEST/F3_Dinamicas_Territoriales/Alertas_Tempranas/pdfs/Informes/ALERTAS_informes031.pdf
data/raw/CODEFEST/F3_Dinamicas_Territoriales/Alertas_Tempranas/pdfs/Informes/ALERTAS_informes032.pdf,.pdf,1143.7,raw,DOC-1342,pdf,data/raw/CODEFEST/F3_Dinamicas_Territoriales/Alertas_Tempranas/pdfs/Informes/ALERTAS_informes032.pdf
data/raw/CODEFEST/F3_Dinamicas_Territoriales/Alertas_Tempranas/pdfs/Informes/ALERTAS_informes033.pdf,.pdf,15027.9,raw,DOC-1343,pdf,data/raw/CODEFEST/F3_Dinamicas_Territoriales/Alertas_Tempranas/pdfs/Informes/ALERTAS_informes033.pdf
data/raw/CODEFEST/F3_Dinamicas_Territoriales/Alertas_Tempranas/pdfs/Informes/ALERTAS_informes034.pdf,.pdf,13009.3,raw,DOC-1344,pdf,data/raw/CODEFEST/F3_Dinamicas_Territoriales/Alertas_Tempranas/pdfs/Informes/ALERTAS_informes034.pdf
data/raw/CODEFEST/F3_Dinamicas_Territoriales/Alertas_Tempranas/pdfs/Informes/ALERTAS_informes035.pdf,.pdf,7463.8,raw,DOC-1345,pdf,data/raw/CODEFEST/F3_Dinamicas_Territoriales/Alertas_Tempranas/pdfs/Informes/ALERTAS_informes035.pdf
data/raw/CODEFEST/F3_Dinamicas_Territoriales/Alertas_Tempranas/pdfs/Informes/ALERTAS_informes036.pdf,.pdf,1046.1,raw,DOC-1346,pdf,data/raw/CODEFEST/F3_Dinamicas_Territoriales/Alertas_Tempranas/pdfs/Informes/ALERTAS_informes036.pdf
data/raw/CODEFEST/F3_Dinamicas_Territoriales/Alertas_Tempranas/pdfs/Informes/ALERTAS_informes037.pdf,.pdf,1214.0,raw,DOC-1347,pdf,data/raw/CODEFEST/F3_Dinamicas_Territoriales/Alertas_Tempranas/pdfs/Informes/ALERTAS_informes037.pdf
data/raw/CODEFEST/F3_Dinamicas_Territoriales/Alertas_Tempranas/pdfs/Informes/ALERTAS_informes038.pdf,.pdf,1210.5,raw,DOC-1348,pdf,data/raw/CODEFEST/F3_Dinamicas_Territoriales/Alertas_Tempranas/pdfs/Informes/ALERTAS_informes038.pdf
data/raw/CODEFEST/F3_Dinamicas_Territoriales/Alertas_Tempranas/pdfs/Informes/ALERTAS_informes039.pdf,.pdf,26574.8,raw,DOC-1349,pdf,data/raw/CODEFEST/F3_Dinamicas_Territoriales/Alertas_Tempranas/pdfs/Informes/ALERTAS_informes039.pdf
data/raw/CODEFEST/F3_Dinamicas_Territoriales/Alertas_Tempranas/pdfs/Informes/ALERTAS_informes040.pdf,.pdf,127.9,raw,DOC-1350,pdf,data/raw/CODEFEST/F3_Dinamicas_Territoriales/Alertas_Tempranas/pdfs/Informes/ALERTAS_informes040.pdf
data/raw/CODEFEST/F3_Dinamicas_Territoriales/Alertas_Tempranas/pdfs/Informes/ALERTAS_informes041.pdf,.pdf,1113.6,raw,DOC-1351,pdf,data/raw/CODEFEST/F3_Dinamicas_Territoriales/Alertas_Tempranas/pdfs/Informes/ALERTAS_informes041.pdf
data/raw/CODEFEST/F3_Dinamicas_Territoriales/Alertas_Tempranas/pdfs/Informes/ALERTAS_informes042.pdf,.pdf,1424.0,raw,DOC-1352,pdf,data/raw/CODEFEST/F3_Dinamicas_Territoriales/Alertas_Tempranas/pdfs/Informes/ALERTAS_informes042.pdf
data/raw/CODEFEST/F3_Dinamicas_Territoriales/Alertas_Tempranas/pdfs/Informes/ALERTAS_informes043.pdf,.pdf,2841.3,raw,DOC-1353,pdf,data/raw/CODEFEST/F3_Dinamicas_Territoriales/Alertas_Tempranas/pdfs/Informes/ALERTAS_informes043.pdf
data/raw/CODEFEST/F3_Dinamicas_Territoriales/Alertas_Tempranas/pdfs/Informes/ALERTAS_informes044.pdf,.pdf,1487.9,raw,DOC-1354,pdf,data/raw/CODEFEST/F3_Dinamicas_Territoriales/Alertas_Tempranas/pdfs/Informes/ALERTAS_informes044.pdf
data/raw/CODEFEST/F3_Dinamicas_Territoriales/Alertas_Tempranas/pdfs/Informes/ALERTAS_informes045.pdf,.pdf,1127.9,raw,DOC-1355,pdf,data/raw/CODEFEST/F3_Dinamicas_Territoriales/Alertas_Tempranas/pdfs/Informes/ALERTAS_informes045.pdf
data/raw/CODEFEST/F3_Dinamicas_Territoriales/Alertas_Tempranas/pdfs/Informes/ALERTAS_informes046.pdf,.pdf,287.2,raw,DOC-1356,pdf,data/raw/CODEFEST/F3_Dinamicas_Territoriales/Alertas_Tempranas/pdfs/Informes/ALERTAS_informes046.pdf
data/raw/CODEFEST/F3_Dinamicas_Territoriales/Alertas_Tempranas/pdfs/Informes/ALERTAS_informes047.pdf,.pdf,19427.2,raw,DOC-1357,pdf,data/raw/CODEFEST/F3_Dinamicas_Territoriales/Alertas_Tempranas/pdfs/Informes/ALERTAS_informes047.pdf
data/raw/CODEFEST/F3_Dinamicas_Territoriales/Alertas_Tempranas/pdfs/Informes/ALERTAS_informes048.pdf,.pdf,6935.2,raw,DOC-1358,pdf,data/raw/CODEFEST/F3_Dinamicas_Territoriales/Alertas_Tempranas/pdfs/Informes/ALERTAS_informes048.pdf
data/raw/CODEFEST/F3_Dinamicas_Territoriales/Alertas_Tempranas/pdfs/Informes/ALERTAS_informes049.pdf,.pdf,7200.0,raw,DOC-1359,pdf,data/raw/CODEFEST/F3_Dinamicas_Territoriales/Alertas_Tempranas/pdfs/Informes/ALERTAS_informes049.pdf
data/raw/CODEFEST/F3_Dinamicas_Territoriales/Alertas_Tempranas/pdfs/Informes/ALERTAS_informes050.pdf,.pdf,684.2,raw,DOC-1360,pdf,data/raw/CODEFEST/F3_Dinamicas_Territoriales/Alertas_Tempranas/pdfs/Informes/ALERTAS_informes050.pdf
data/raw/CODEFEST/F3_Dinamicas_Territoriales/Alertas_Tempranas/pdfs/Informes/ALERTAS_informes051.pdf,.pdf,1281.4,raw,DOC-1361,pdf,data/raw/CODEFEST/F3_Dinamicas_Territoriales/Alertas_Tempranas/pdfs/Informes/ALERTAS_informes051.pdf
data/raw/CODEFEST/F3_Dinamicas_Territoriales/Alertas_Tempranas/pdfs/Informes/ALERTAS_informes052.pdf,.pdf,451.1,raw,DOC-1362,pdf,data/raw/CODEFEST/F3_Dinamicas_Territoriales/Alertas_Tempranas/pdfs/Informes/ALERTAS_informes052.pdf
data/raw/CODEFEST/F3_Dinamicas_Territoriales/Alertas_Tempranas/pdfs/Informes/ALERTAS_informes053.pdf,.pdf,1205.4,raw,DOC-1363,pdf,data/raw/CODEFEST/F3_Dinamicas_Territoriales/Alertas_Tempranas/pdfs/Informes/ALERTAS_informes053.pdf
data/raw/CODEFEST/F3_Dinamicas_Territoriales/Alertas_Tempranas/pdfs/Informes/ALERTAS_informes054.pdf,.pdf,454.7,raw,DOC-1364,pdf,data/raw/CODEFEST/F3_Dinamicas_Territoriales/Alertas_Tempranas/pdfs/Informes/ALERTAS_informes054.pdf
data/raw/CODEFEST/F3_Dinamicas_Territoriales/Alertas_Tempranas/pdfs/Informes/ALERTAS_informes055.pdf,.pdf,1155.7,raw,DOC-1365,pdf,data/raw/CODEFEST/F3_Dinamicas_Territoriales/Alertas_Tempranas/pdfs/Informes/ALERTAS_informes055.pdf
data/raw/CODEFEST/F3_Dinamicas_Territoriales/Alertas_Tempranas/pdfs/Informes/ALERTAS_informes056.pdf,.pdf,16873.9,raw,DOC-1366,pdf,data/raw/CODEFEST/F3_Dinamicas_Territoriales/Alertas_Tempranas/pdfs/Informes/ALERTAS_informes056.pdf
data/raw/CODEFEST/F3_Dinamicas_Territoriales/Alertas_Tempranas/pdfs/Informes/ALERTAS_informes057.pdf,.pdf,1355.4,raw,DOC-1367,pdf,data/raw/CODEFEST/F3_Dinamicas_Territoriales/Alertas_Tempranas/pdfs/Informes/ALERTAS_informes057.pdf
data/raw/CODEFEST/F3_Dinamicas_Territoriales/Alertas_Tempranas/pdfs/Informes/ALERTAS_informes058.pdf,.pdf,5809.4,raw,DOC-1368,pdf,data/raw/CODEFEST/F3_Dinamicas_Territoriales/Alertas_Tempranas/pdfs/Informes/ALERTAS_informes058.pdf
data/raw/CODEFEST/F3_Dinamicas_Territoriales/Alertas_Tempranas/pdfs/Informes/ALERTAS_informes059.pdf,.pdf,339.2,raw,DOC-1369,pdf,data/raw/CODEFEST/F3_Dinamicas_Territoriales/Alertas_Tempranas/pdfs/Informes/ALERTAS_informes059.pdf
data/raw/CODEFEST/F3_Dinamicas_Territoriales/Alertas_Tempranas/pdfs/Informes/ALERTAS_informes060.pdf,.pdf,9559.8,raw,DOC-1370,pdf,data/raw/CODEFEST/F3_Dinamicas_Territoriales/Alertas_Tempranas/pdfs/Informes/ALERTAS_informes060.pdf
data/raw/CODEFEST/F3_Dinamicas_Territoriales/Alertas_Tempranas/pdfs/Informes/ALERTAS_informes061.pdf,.pdf,28658.9,raw,DOC-1371,pdf,data/raw/CODEFEST/F3_Dinamicas_Territoriales/Alertas_Tempranas/pdfs/Informes/ALERTAS_informes061.pdf
data/raw/CODEFEST/F3_Dinamicas_Territoriales/Alertas_Tempranas/pdfs/Informes/ALERTAS_informes062.pdf,.pdf,8911.5,raw,DOC-1372,pdf,data/raw/CODEFEST/F3_Dinamicas_Territoriales/Alertas_Tempranas/pdfs/Informes/ALERTAS_informes062.pdf
data/raw/CODEFEST/F3_Dinamicas_Territoriales/Amazon_Underworld/AMAZONUW_amazonunderworld-data.csv,.csv,486.5,raw,DOC-1373,csv,data/raw/CODEFEST/F3_Dinamicas_Territoriales/Amazon_Underworld/AMAZONUW_amazonunderworld-data.csv
data/raw/CODEFEST/F3_Dinamicas_Territoriales/Amazon_Underworld/AMAZONUW_tiles-index.json,.json,123.8,raw,DOC-1374,json,data/raw/CODEFEST/F3_Dinamicas_Territoriales/Amazon_Underworld/AMAZONUW_tiles-index.json
data/raw/CODEFEST/F3_Dinamicas_Territoriales/Amazon_Underworld/tiles/3/2/AMAZONUW_3.pbf,.pbf,213.0,raw,DOC-1375,pbf,data/raw/CODEFEST/F3_Dinamicas_Territoriales/Amazon_Underworld/tiles/3/2/AMAZONUW_3.pbf
data/raw/CODEFEST/F3_Dinamicas_Territoriales/Amazon_Underworld/tiles/3/2/AMAZONUW_4.pbf,.pbf,939.1,raw,DOC-1376,pbf,data/raw/CODEFEST/F3_Dinamicas_Territoriales/Amazon_Underworld/tiles/3/2/AMAZONUW_4.pbf
data/raw/CODEFEST/F3_Dinamicas_Territoriales/Amazon_Underworld/tiles/3/3/AMAZONUW_4.pbf,.pbf,64.4,raw,DOC-1377,pbf,data/raw/CODEFEST/F3_Dinamicas_Territoriales/Amazon_Underworld/tiles/3/3/AMAZONUW_4.pbf
data/raw/CODEFEST/F3_Dinamicas_Territoriales/Amazon_Underworld/tiles/4/4/AMAZONUW_7.pbf,.pbf,194.0,raw,DOC-1378,pbf,data/raw/CODEFEST/F3_Dinamicas_Territoriales/Amazon_Underworld/tiles/4/4/AMAZONUW_7.pbf
data/raw/CODEFEST/F3_Dinamicas_Territoriales/Amazon_Underworld/tiles/4/4/AMAZONUW_8.pbf,.pbf,478.6,raw,DOC-1379,pbf,data/raw/CODEFEST/F3_Dinamicas_Territoriales/Amazon_Underworld/tiles/4/4/AMAZONUW_8.pbf
data/raw/CODEFEST/F3_Dinamicas_Territoriales/Amazon_Underworld/tiles/4/5/AMAZONUW_7.pbf,.pbf,142.5,raw,DOC-1380,pbf,data/raw/CODEFEST/F3_Dinamicas_Territoriales/Amazon_Underworld/tiles/4/5/AMAZONUW_7.pbf
data/raw/CODEFEST/F3_Dinamicas_Territoriales/Amazon_Underworld/tiles/4/5/AMAZONUW_8.pbf,.pbf,1029.1,raw,DOC-1381,pbf,data/raw/CODEFEST/F3_Dinamicas_Territoriales/Amazon_Underworld/tiles/4/5/AMAZONUW_8.pbf
data/raw/CODEFEST/F3_Dinamicas_Territoriales/Amazon_Underworld/tiles/4/6/AMAZONUW_8.pbf,.pbf,70.6,raw,DOC-1382,pbf,data/raw/CODEFEST/F3_Dinamicas_Territoriales/Amazon_Underworld/tiles/4/6/AMAZONUW_8.pbf
data/raw/CODEFEST/F3_Dinamicas_Territoriales/Amazon_Underworld/tiles/5/10/AMAZONUW_15.pbf,.pbf,132.1,raw,DOC-1383,pbf,data/raw/CODEFEST/F3_Dinamicas_Territoriales/Amazon_Underworld/tiles/5/10/AMAZONUW_15.pbf
data/raw/CODEFEST/F3_Dinamicas_Territoriales/Amazon_Underworld/tiles/5/10/AMAZONUW_16.pbf,.pbf,234.1,raw,DOC-1384,pbf,data/raw/CODEFEST/F3_Dinamicas_Territoriales/Amazon_Underworld/tiles/5/10/AMAZONUW_16.pbf
data/raw/CODEFEST/F3_Dinamicas_Territoriales/Amazon_Underworld/tiles/5/10/AMAZONUW_17.pbf,.pbf,323.9,raw,DOC-1385,pbf,data/raw/CODEFEST/F3_Dinamicas_Territoriales/Amazon_Underworld/tiles/5/10/AMAZONUW_17.pbf
data/raw/CODEFEST/F3_Dinamicas_Territoriales/Amazon_Underworld/tiles/5/11/AMAZONUW_15.pbf,.pbf,47.1,raw,DOC-1386,pbf,data/raw/CODEFEST/F3_Dinamicas_Territoriales/Amazon_Underworld/tiles/5/11/AMAZONUW_15.pbf
data/raw/CODEFEST/F3_Dinamicas_Territoriales/Amazon_Underworld/tiles/5/11/AMAZONUW_16.pbf,.pbf,445.1,raw,DOC-1387,pbf,data/raw/CODEFEST/F3_Dinamicas_Territoriales/Amazon_Underworld/tiles/5/11/AMAZONUW_16.pbf
data/raw/CODEFEST/F3_Dinamicas_Territoriales/Amazon_Underworld/tiles/5/11/AMAZONUW_17.pbf,.pbf,342.1,raw,DOC-1388,pbf,data/raw/CODEFEST/F3_Dinamicas_Territoriales/Amazon_Underworld/tiles/5/11/AMAZONUW_17.pbf
data/raw/CODEFEST/F3_Dinamicas_Territoriales/Amazon_Underworld/tiles/5/12/AMAZONUW_16.pbf,.pbf,65.6,raw,DOC-1389,pbf,data/raw/CODEFEST/F3_Dinamicas_Territoriales/Amazon_Underworld/tiles/5/12/AMAZONUW_16.pbf
data/raw/CODEFEST/F3_Dinamicas_Territoriales/Amazon_Underworld/tiles/5/12/AMAZONUW_17.pbf,.pbf,5.8,raw,DOC-1390,pbf,data/raw/CODEFEST/F3_Dinamicas_Territoriales/Amazon_Underworld/tiles/5/12/AMAZONUW_17.pbf
data/raw/CODEFEST/F3_Dinamicas_Territoriales/Amazon_Underworld/tiles/5/8/AMAZONUW_15.pbf,.pbf,1.8,raw,DOC-1391,pbf,data/raw/CODEFEST/F3_Dinamicas_Territoriales/Amazon_Underworld/tiles/5/8/AMAZONUW_15.pbf
data/raw/CODEFEST/F3_Dinamicas_Territoriales/Amazon_Underworld/tiles/5/8/AMAZONUW_16.pbf,.pbf,98.2,raw,DOC-1392,pbf,data/raw/CODEFEST/F3_Dinamicas_Territoriales/Amazon_Underworld/tiles/5/8/AMAZONUW_16.pbf
data/raw/CODEFEST/F3_Dinamicas_Territoriales/Amazon_Underworld/tiles/5/9/AMAZONUW_15.pbf,.pbf,329.8,raw,DOC-1393,pbf,data/raw/CODEFEST/F3_Dinamicas_Territoriales/Amazon_Underworld/tiles/5/9/AMAZONUW_15.pbf
data/raw/CODEFEST/F3_Dinamicas_Territoriales/Amazon_Underworld/tiles/5/9/AMAZONUW_16.pbf,.pbf,525.0,raw,DOC-1394,pbf,data/raw/CODEFEST/F3_Dinamicas_Territoriales/Amazon_Underworld/tiles/5/9/AMAZONUW_16.pbf
data/raw/CODEFEST/F3_Dinamicas_Territoriales/Amazon_Underworld/tiles/5/9/AMAZONUW_17.pbf,.pbf,252.1,raw,DOC-1395,pbf,data/raw/CODEFEST/F3_Dinamicas_Territoriales/Amazon_Underworld/tiles/5/9/AMAZONUW_17.pbf
data/raw/CODEFEST/F3_Dinamicas_Territoriales/Amazon_Underworld/tiles/6/16/AMAZONUW_30.pbf,.pbf,0.7,raw,DOC-1396,pbf,data/raw/CODEFEST/F3_Dinamicas_Territoriales/Amazon_Underworld/tiles/6/16/AMAZONUW_30.pbf
data/raw/CODEFEST/F3_Dinamicas_Territoriales/Amazon_Underworld/tiles/6/16/AMAZONUW_31.pbf,.pbf,1.0,raw,DOC-1397,pbf,data/raw/CODEFEST/F3_Dinamicas_Territoriales/Amazon_Underworld/tiles/6/16/AMAZONUW_31.pbf
data/raw/CODEFEST/F3_Dinamicas_Territoriales/Amazon_Underworld/tiles/6/16/AMAZONUW_32.pbf,.pbf,66.5,raw,DOC-1398,pbf,data/raw/CODEFEST/F3_Dinamicas_Territoriales/Amazon_Underworld/tiles/6/16/AMAZONUW_32.pbf
data/raw/CODEFEST/F3_Dinamicas_Territoriales/Amazon_Underworld/tiles/6/16/AMAZONUW_33.pbf,.pbf,66.1,raw,DOC-1399,pbf,data/raw/CODEFEST/F3_Dinamicas_Territoriales/Amazon_Underworld/tiles/6/16/AMAZONUW_33.pbf
data/raw/CODEFEST/F3_Dinamicas_Territoriales/Amazon_Underworld/tiles/6/17/AMAZONUW_30.pbf,.pbf,1.3,raw,DOC-1400,pbf,data/raw/CODEFEST/F3_Dinamicas_Territoriales/Amazon_Underworld/tiles/6/17/AMAZONUW_30.pbf
data/raw/CODEFEST/F3_Dinamicas_Territoriales/Amazon_Underworld/tiles/6/17/AMAZONUW_31.pbf,.pbf,1.8,raw,DOC-1401,pbf,data/raw/CODEFEST/F3_Dinamicas_Territoriales/Amazon_Underworld/tiles/6/17/AMAZONUW_31.pbf
data/raw/CODEFEST/F3_Dinamicas_Territoriales/Amazon_Underworld/tiles/6/17/AMAZONUW_32.pbf,.pbf,98.2,raw,DOC-1402,pbf,data/raw/CODEFEST/F3_Dinamicas_Territoriales/Amazon_Underworld/tiles/6/17/AMAZONUW_32.pbf
data/raw/CODEFEST/F3_Dinamicas_Territoriales/Amazon_Underworld/tiles/6/17/AMAZONUW_33.pbf,.pbf,97.6,raw,DOC-1403,pbf,data/raw/CODEFEST/F3_Dinamicas_Territoriales/Amazon_Underworld/tiles/6/17/AMAZONUW_33.pbf
data/raw/CODEFEST/F3_Dinamicas_Territoriales/Amazon_Underworld/tiles/6/18/AMAZONUW_30.pbf,.pbf,306.9,raw,DOC-1404,pbf,data/raw/CODEFEST/F3_Dinamicas_Territoriales/Amazon_Underworld/tiles/6/18/AMAZONUW_30.pbf
data/raw/CODEFEST/F3_Dinamicas_Territoriales/Amazon_Underworld/tiles/6/18/AMAZONUW_31.pbf,.pbf,324.9,raw,DOC-1405,pbf,data/raw/CODEFEST/F3_Dinamicas_Territoriales/Amazon_Underworld/tiles/6/18/AMAZONUW_31.pbf
data/raw/CODEFEST/F3_Dinamicas_Territoriales/Amazon_Underworld/tiles/6/18/AMAZONUW_32.pbf,.pbf,502.2,raw,DOC-1406,pbf,data/raw/CODEFEST/F3_Dinamicas_Territoriales/Amazon_Underworld/tiles/6/18/AMAZONUW_32.pbf
data/raw/CODEFEST/F3_Dinamicas_Territoriales/Amazon_Underworld/tiles/6/18/AMAZONUW_33.pbf,.pbf,504.7,raw,DOC-1407,pbf,data/raw/CODEFEST/F3_Dinamicas_Territoriales/Amazon_Underworld/tiles/6/18/AMAZONUW_33.pbf
data/raw/CODEFEST/F3_Dinamicas_Territoriales/Amazon_Underworld/tiles/6/18/AMAZONUW_34.pbf,.pbf,244.0,raw,DOC-1408,pbf,data/raw/CODEFEST/F3_Dinamicas_Territoriales/Amazon_Underworld/tiles/6/18/AMAZONUW_34.pbf
data/raw/CODEFEST/F3_Dinamicas_Territoriales/Amazon_Underworld/tiles/6/18/AMAZONUW_35.pbf,.pbf,225.2,raw,DOC-1409,pbf,data/raw/CODEFEST/F3_Dinamicas_Territoriales/Amazon_Underworld/tiles/6/18/AMAZONUW_35.pbf
data/raw/CODEFEST/F3_Dinamicas_Territoriales/Amazon_Underworld/tiles/6/19/AMAZONUW_30.pbf,.pbf,311.5,raw,DOC-1410,pbf,data/raw/CODEFEST/F3_Dinamicas_Territoriales/Amazon_Underworld/tiles/6/19/AMAZONUW_30.pbf
data/raw/CODEFEST/F3_Dinamicas_Territoriales/Amazon_Underworld/tiles/6/19/AMAZONUW_31.pbf,.pbf,329.2,raw,DOC-1411,pbf,data/raw/CODEFEST/F3_Dinamicas_Territoriales/Amazon_Underworld/tiles/6/19/AMAZONUW_31.pbf
data/raw/CODEFEST/F3_Dinamicas_Territoriales/Amazon_Underworld/tiles/6/19/AMAZONUW_32.pbf,.pbf,483.1,raw,DOC-1412,pbf,data/raw/CODEFEST/F3_Dinamicas_Territoriales/Amazon_Underworld/tiles/6/19/AMAZONUW_32.pbf
data/raw/CODEFEST/F3_Dinamicas_Territoriales/Amazon_Underworld/tiles/6/19/AMAZONUW_33.pbf,.pbf,486.0,raw,DOC-1413,pbf,data/raw/CODEFEST/F3_Dinamicas_Territoriales/Amazon_Underworld/tiles/6/19/AMAZONUW_33.pbf
data/raw/CODEFEST/F3_Dinamicas_Territoriales/Amazon_Underworld/tiles/6/19/AMAZONUW_34.pbf,.pbf,252.2,raw,DOC-1414,pbf,data/raw/CODEFEST/F3_Dinamicas_Territoriales/Amazon_Underworld/tiles/6/19/AMAZONUW_34.pbf
data/raw/CODEFEST/F3_Dinamicas_Territoriales/Amazon_Underworld/tiles/6/19/AMAZONUW_35.pbf,.pbf,232.5,raw,DOC-1415,pbf,data/raw/CODEFEST/F3_Dinamicas_Territoriales/Amazon_Underworld/tiles/6/19/AMAZONUW_35.pbf
data/raw/CODEFEST/F3_Dinamicas_Territoriales/Amazon_Underworld/tiles/6/20/AMAZONUW_30.pbf,.pbf,128.6,raw,DOC-1416,pbf,data/raw/CODEFEST/F3_Dinamicas_Territoriales/Amazon_Underworld/tiles/6/20/AMAZONUW_30.pbf
data/raw/CODEFEST/F3_Dinamicas_Territoriales/Amazon_Underworld/tiles/6/20/AMAZONUW_31.pbf,.pbf,131.4,raw,DOC-1417,pbf,data/raw/CODEFEST/F3_Dinamicas_Territoriales/Amazon_Underworld/tiles/6/20/AMAZONUW_31.pbf
data/raw/CODEFEST/F3_Dinamicas_Territoriales/Amazon_Underworld/tiles/6/20/AMAZONUW_32.pbf,.pbf,221.3,raw,DOC-1418,pbf,data/raw/CODEFEST/F3_Dinamicas_Territoriales/Amazon_Underworld/tiles/6/20/AMAZONUW_32.pbf
data/raw/CODEFEST/F3_Dinamicas_Territoriales/Amazon_Underworld/tiles/6/20/AMAZONUW_33.pbf,.pbf,226.1,raw,DOC-1419,pbf,data/raw/CODEFEST/F3_Dinamicas_Territoriales/Amazon_Underworld/tiles/6/20/AMAZONUW_33.pbf
data/raw/CODEFEST/F3_Dinamicas_Territoriales/Amazon_Underworld/tiles/6/20/AMAZONUW_34.pbf,.pbf,317.7,raw,DOC-1420,pbf,data/raw/CODEFEST/F3_Dinamicas_Territoriales/Amazon_Underworld/tiles/6/20/AMAZONUW_34.pbf
data/raw/CODEFEST/F3_Dinamicas_Territoriales/Amazon_Underworld/tiles/6/20/AMAZONUW_35.pbf,.pbf,304.8,raw,DOC-1421,pbf,data/raw/CODEFEST/F3_Dinamicas_Territoriales/Amazon_Underworld/tiles/6/20/AMAZONUW_35.pbf
data/raw/CODEFEST/F3_Dinamicas_Territoriales/Amazon_Underworld/tiles/6/21/AMAZONUW_30.pbf,.pbf,121.1,raw,DOC-1422,pbf,data/raw/CODEFEST/F3_Dinamicas_Territoriales/Amazon_Underworld/tiles/6/21/AMAZONUW_30.pbf
data/raw/CODEFEST/F3_Dinamicas_Territoriales/Amazon_Underworld/tiles/6/21/AMAZONUW_31.pbf,.pbf,124.0,raw,DOC-1423,pbf,data/raw/CODEFEST/F3_Dinamicas_Territoriales/Amazon_Underworld/tiles/6/21/AMAZONUW_31.pbf
data/raw/CODEFEST/F3_Dinamicas_Territoriales/Amazon_Underworld/tiles/6/21/AMAZONUW_32.pbf,.pbf,222.5,raw,DOC-1424,pbf,data/raw/CODEFEST/F3_Dinamicas_Territoriales/Amazon_Underworld/tiles/6/21/AMAZONUW_32.pbf
data/raw/CODEFEST/F3_Dinamicas_Territoriales/Amazon_Underworld/tiles/6/21/AMAZONUW_33.pbf,.pbf,227.2,raw,DOC-1425,pbf,data/raw/CODEFEST/F3_Dinamicas_Territoriales/Amazon_Underworld/tiles/6/21/AMAZONUW_33.pbf
data/raw/CODEFEST/F3_Dinamicas_Territoriales/Amazon_Underworld/tiles/6/21/AMAZONUW_34.pbf,.pbf,315.6,raw,DOC-1426,pbf,data/raw/CODEFEST/F3_Dinamicas_Territoriales/Amazon_Underworld/tiles/6/21/AMAZONUW_34.pbf
data/raw/CODEFEST/F3_Dinamicas_Territoriales/Amazon_Underworld/tiles/6/21/AMAZONUW_35.pbf,.pbf,304.4,raw,DOC-1427,pbf,data/raw/CODEFEST/F3_Dinamicas_Territoriales/Amazon_Underworld/tiles/6/21/AMAZONUW_35.pbf
data/raw/CODEFEST/F3_Dinamicas_Territoriales/Amazon_Underworld/tiles/6/22/AMAZONUW_30.pbf,.pbf,44.3,raw,DOC-1428,pbf,data/raw/CODEFEST/F3_Dinamicas_Territoriales/Amazon_Underworld/tiles/6/22/AMAZONUW_30.pbf
data/raw/CODEFEST/F3_Dinamicas_Territoriales/Amazon_Underworld/tiles/6/22/AMAZONUW_31.pbf,.pbf,47.1,raw,DOC-1429,pbf,data/raw/CODEFEST/F3_Dinamicas_Territoriales/Amazon_Underworld/tiles/6/22/AMAZONUW_31.pbf
data/raw/CODEFEST/F3_Dinamicas_Territoriales/Amazon_Underworld/tiles/6/22/AMAZONUW_32.pbf,.pbf,421.1,raw,DOC-1430,pbf,data/raw/CODEFEST/F3_Dinamicas_Territoriales/Amazon_Underworld/tiles/6/22/AMAZONUW_32.pbf
data/raw/CODEFEST/F3_Dinamicas_Territoriales/Amazon_Underworld/tiles/6/22/AMAZONUW_33.pbf,.pbf,430.5,raw,DOC-1431,pbf,data/raw/CODEFEST/F3_Dinamicas_Territoriales/Amazon_Underworld/tiles/6/22/AMAZONUW_33.pbf
data/raw/CODEFEST/F3_Dinamicas_Territoriales/Amazon_Underworld/tiles/6/22/AMAZONUW_34.pbf,.pbf,340.8,raw,DOC-1432,pbf,data/raw/CODEFEST/F3_Dinamicas_Territoriales/Amazon_Underworld/tiles/6/22/AMAZONUW_34.pbf
data/raw/CODEFEST/F3_Dinamicas_Territoriales/Amazon_Underworld/tiles/6/22/AMAZONUW_35.pbf,.pbf,329.0,raw,DOC-1433,pbf,data/raw/CODEFEST/F3_Dinamicas_Territoriales/Amazon_Underworld/tiles/6/22/AMAZONUW_35.pbf
data/raw/CODEFEST/F3_Dinamicas_Territoriales/Amazon_Underworld/tiles/6/23/AMAZONUW_30.pbf,.pbf,44.2,raw,DOC-1434,pbf,data/raw/CODEFEST/F3_Dinamicas_Territoriales/Amazon_Underworld/tiles/6/23/AMAZONUW_30.pbf
data/raw/CODEFEST/F3_Dinamicas_Territoriales/Amazon_Underworld/tiles/6/23/AMAZONUW_31.pbf,.pbf,47.0,raw,DOC-1435,pbf,data/raw/CODEFEST/F3_Dinamicas_Territoriales/Amazon_Underworld/tiles/6/23/AMAZONUW_31.pbf
data/raw/CODEFEST/F3_Dinamicas_Territoriales/Amazon_Underworld/tiles/6/23/AMAZONUW_32.pbf,.pbf,429.2,raw,DOC-1436,pbf,data/raw/CODEFEST/F3_Dinamicas_Territoriales/Amazon_Underworld/tiles/6/23/AMAZONUW_32.pbf
data/raw/CODEFEST/F3_Dinamicas_Territoriales/Amazon_Underworld/tiles/6/23/AMAZONUW_33.pbf,.pbf,438.8,raw,DOC-1437,pbf,data/raw/CODEFEST/F3_Dinamicas_Territoriales/Amazon_Underworld/tiles/6/23/AMAZONUW_33.pbf
data/raw/CODEFEST/F3_Dinamicas_Territoriales/Amazon_Underworld/tiles/6/23/AMAZONUW_34.pbf,.pbf,335.1,raw,DOC-1438,pbf,data/raw/CODEFEST/F3_Dinamicas_Territoriales/Amazon_Underworld/tiles/6/23/AMAZONUW_34.pbf
data/raw/CODEFEST/F3_Dinamicas_Territoriales/Amazon_Underworld/tiles/6/23/AMAZONUW_35.pbf,.pbf,323.4,raw,DOC-1439,pbf,data/raw/CODEFEST/F3_Dinamicas_Territoriales/Amazon_Underworld/tiles/6/23/AMAZONUW_35.pbf
data/raw/CODEFEST/F3_Dinamicas_Territoriales/Amazon_Underworld/tiles/6/24/AMAZONUW_32.pbf,.pbf,65.5,raw,DOC-1440,pbf,data/raw/CODEFEST/F3_Dinamicas_Territoriales/Amazon_Underworld/tiles/6/24/AMAZONUW_32.pbf
data/raw/CODEFEST/F3_Dinamicas_Territoriales/Amazon_Underworld/tiles/6/24/AMAZONUW_33.pbf,.pbf,65.7,raw,DOC-1441,pbf,data/raw/CODEFEST/F3_Dinamicas_Territoriales/Amazon_Underworld/tiles/6/24/AMAZONUW_33.pbf
data/raw/CODEFEST/F3_Dinamicas_Territoriales/Amazon_Underworld/tiles/6/24/AMAZONUW_34.pbf,.pbf,5.8,raw,DOC-1442,pbf,data/raw/CODEFEST/F3_Dinamicas_Territoriales/Amazon_Underworld/tiles/6/24/AMAZONUW_34.pbf
data/raw/CODEFEST/F3_Dinamicas_Territoriales/Amazon_Underworld/tiles/6/24/AMAZONUW_35.pbf,.pbf,5.7,raw,DOC-1443,pbf,data/raw/CODEFEST/F3_Dinamicas_Territoriales/Amazon_Underworld/tiles/6/24/AMAZONUW_35.pbf
data/raw/CODEFEST/F3_Dinamicas_Territoriales/Amazon_Underworld/tiles/6/25/AMAZONUW_32.pbf,.pbf,55.9,raw,DOC-1444,pbf,data/raw/CODEFEST/F3_Dinamicas_Territoriales/Amazon_Underworld/tiles/6/25/AMAZONUW_32.pbf
data/raw/CODEFEST/F3_Dinamicas_Territoriales/Amazon_Underworld/tiles/6/25/AMAZONUW_33.pbf,.pbf,56.0,raw,DOC-1445,pbf,data/raw/CODEFEST/F3_Dinamicas_Territoriales/Amazon_Underworld/tiles/6/25/AMAZONUW_33.pbf
data/raw/CODEFEST/F3_Dinamicas_Territoriales/Amazon_Underworld/tiles/6/25/AMAZONUW_34.pbf,.pbf,4.4,raw,DOC-1446,pbf,data/raw/CODEFEST/F3_Dinamicas_Territoriales/Amazon_Underworld/tiles/6/25/AMAZONUW_34.pbf
data/raw/CODEFEST/F3_Dinamicas_Territoriales/Amazon_Underworld/tiles/6/25/AMAZONUW_35.pbf,.pbf,4.3,raw,DOC-1447,pbf,data/raw/CODEFEST/F3_Dinamicas_Territoriales/Amazon_Underworld/tiles/6/25/AMAZONUW_35.pbf
data/raw/CODEFEST/F3_Dinamicas_Territoriales/CEEEP/articulos/revista/CEEEP_issue10-55-las-consecuencias-que-se-derivan-de-la-consolidacion-del-eje-beijing-m.json,.json,1.6,raw,DOC-1448,json,data/raw/CODEFEST/F3_Dinamicas_Territoriales/CEEEP/articulos/revista/CEEEP_issue10-55-las-consecuencias-que-se-derivan-de-la-consolidacion-del-eje-beijing-m.json
data/raw/CODEFEST/F3_Dinamicas_Territoriales/CEEEP/articulos/revista/CEEEP_issue10-64-la-experiencia-make-in-india-para-impulsar-el-desarrollo-y-la-autosufi.json,.json,1.7,raw,DOC-1449,json,data/raw/CODEFEST/F3_Dinamicas_Territoriales/CEEEP/articulos/revista/CEEEP_issue10-64-la-experiencia-make-in-india-para-impulsar-el-desarrollo-y-la-autosufi.json
data/raw/CODEFEST/F3_Dinamicas_Territoriales/CEEEP/articulos/revista/CEEEP_issue10-65-espana-perdida-militar-disuasoria-ante-marruecos.json,.json,1.3,raw,DOC-1450,json,data/raw/CODEFEST/F3_Dinamicas_Territoriales/CEEEP/articulos/revista/CEEEP_issue10-65-espana-perdida-militar-disuasoria-ante-marruecos.json
data/raw/CODEFEST/F3_Dinamicas_Territoriales/CEEEP/articulos/revista/CEEEP_issue10-66-inteligencia-artificial-y-desinformacion-papel-en-los-conflictos-del-s.json,.json,1.5,raw,DOC-1451,json,data/raw/CODEFEST/F3_Dinamicas_Territoriales/CEEEP/articulos/revista/CEEEP_issue10-66-inteligencia-artificial-y-desinformacion-papel-en-los-conflictos-del-s.json
data/raw/CODEFEST/F3_Dinamicas_Territoriales/CEEEP/articulos/revista/CEEEP_issue10-67-desafios-de-la-inteligencia-militar-en-la-lucha-contra-el-terrorismo-e.json,.json,2.3,raw,DOC-1452,json,data/raw/CODEFEST/F3_Dinamicas_Territoriales/CEEEP/articulos/revista/CEEEP_issue10-67-desafios-de-la-inteligencia-militar-en-la-lucha-contra-el-terrorismo-e.json
data/raw/CODEFEST/F3_Dinamicas_Territoriales/CEEEP/articulos/revista/CEEEP_issue10-68-la-organizacion-del-tratado-de-cooperacion-amazonica-como-herramienta.json,.json,1.6,raw,DOC-1453,json,data/raw/CODEFEST/F3_Dinamicas_Territoriales/CEEEP/articulos/revista/CEEEP_issue10-68-la-organizacion-del-tratado-de-cooperacion-amazonica-como-herramienta.json
data/raw/CODEFEST/F3_Dinamicas_Territoriales/CEEEP/articulos/revista/CEEEP_issue11-69-la-triada-de-la-guerra-de-clausewitz-un-modelo-en-evolucion-para-el-an.json,.json,2.0,raw,DOC-1454,json,data/raw/CODEFEST/F3_Dinamicas_Territoriales/CEEEP/articulos/revista/CEEEP_issue11-69-la-triada-de-la-guerra-de-clausewitz-un-modelo-en-evolucion-para-el-an.json
data/raw/CODEFEST/F3_Dinamicas_Territoriales/CEEEP/articulos/revista/CEEEP_issue11-70-el-sector-espacial-peruano-en-la-disrupcion-del-new-space-cuales-son-l.json,.json,1.7,raw,DOC-1455,json,data/raw/CODEFEST/F3_Dinamicas_Territoriales/CEEEP/articulos/revista/CEEEP_issue11-70-el-sector-espacial-peruano-en-la-disrupcion-del-new-space-cuales-son-l.json
data/raw/CODEFEST/F3_Dinamicas_Territoriales/CEEEP/articulos/revista/CEEEP_issue11-71-orden-interno-definiendo-el-apoyo-de-las-fuerzas-armadas-a-la-policia.json,.json,1.7,raw,DOC-1456,json,data/raw/CODEFEST/F3_Dinamicas_Territoriales/CEEEP/articulos/revista/CEEEP_issue11-71-orden-interno-definiendo-el-apoyo-de-las-fuerzas-armadas-a-la-policia.json
data/raw/CODEFEST/F3_Dinamicas_Territoriales/CEEEP/articulos/revista/CEEEP_issue11-72-inteligencia-artificial-y-ciberdefensa.json,.json,1.6,raw,DOC-1457,json,data/raw/CODEFEST/F3_Dinamicas_Territoriales/CEEEP/articulos/revista/CEEEP_issue11-72-inteligencia-artificial-y-ciberdefensa.json
data/raw/CODEFEST/F3_Dinamicas_Territoriales/CEEEP/articulos/revista/CEEEP_issue11-73-evolucion-de-la-seguridad-y-la-defensa-nacional-del-peru-en-interaccio.json,.json,1.3,raw,DOC-1458,json,data/raw/CODEFEST/F3_Dinamicas_Territoriales/CEEEP/articulos/revista/CEEEP_issue11-73-evolucion-de-la-seguridad-y-la-defensa-nacional-del-peru-en-interaccio.json
data/raw/CODEFEST/F3_Dinamicas_Territoriales/CEEEP/articulos/revista/CEEEP_issue11-74-radicalizacion-ideologica-crimen-organizado-y-seguridad-nacional-la-in.json,.json,1.7,raw,DOC-1459,json,data/raw/CODEFEST/F3_Dinamicas_Territoriales/CEEEP/articulos/revista/CEEEP_issue11-74-radicalizacion-ideologica-crimen-organizado-y-seguridad-nacional-la-in.json
data/raw/CODEFEST/F3_Dinamicas_Territoriales/CEEEP/articulos/revista/CEEEP_issue12-75-las-fuerzas-armadas-en-el-control-del-orden-interno-y-en-el-apoyo-a-la.json,.json,1.9,raw,DOC-1460,json,data/raw/CODEFEST/F3_Dinamicas_Territoriales/CEEEP/articulos/revista/CEEEP_issue12-75-las-fuerzas-armadas-en-el-control-del-orden-interno-y-en-el-apoyo-a-la.json
data/raw/CODEFEST/F3_Dinamicas_Territoriales/CEEEP/articulos/revista/CEEEP_issue12-76-la-rinconada-zona-de-amenazas-y-desafios-para-la-seguridad-nacional.json,.json,2.8,raw,DOC-1461,json,data/raw/CODEFEST/F3_Dinamicas_Territoriales/CEEEP/articulos/revista/CEEEP_issue12-76-la-rinconada-zona-de-amenazas-y-desafios-para-la-seguridad-nacional.json
data/raw/CODEFEST/F3_Dinamicas_Territoriales/CEEEP/articulos/revista/CEEEP_issue12-77-perspectivas-geopoliticas-en-siria-posterior-a-la-caida-de-bashar-al-a.json,.json,1.5,raw,DOC-1462,json,data/raw/CODEFEST/F3_Dinamicas_Territoriales/CEEEP/articulos/revista/CEEEP_issue12-77-perspectivas-geopoliticas-en-siria-posterior-a-la-caida-de-bashar-al-a.json
data/raw/CODEFEST/F3_Dinamicas_Territoriales/CEEEP/articulos/revista/CEEEP_issue12-78-inteligencia-artificial-generativa-un-analisis-prospectivo-de-sus-impl.json,.json,2.3,raw,DOC-1463,json,data/raw/CODEFEST/F3_Dinamicas_Territoriales/CEEEP/articulos/revista/CEEEP_issue12-78-inteligencia-artificial-generativa-un-analisis-prospectivo-de-sus-impl.json
data/raw/CODEFEST/F3_Dinamicas_Territoriales/CEEEP/articulos/revista/CEEEP_issue12-79-hacia-la-conquista-del-espacio-retos-y-perspectivas-de-la-politica-aer.json,.json,1.4,raw,DOC-1464,json,data/raw/CODEFEST/F3_Dinamicas_Territoriales/CEEEP/articulos/revista/CEEEP_issue12-79-hacia-la-conquista-del-espacio-retos-y-perspectivas-de-la-politica-aer.json
data/raw/CODEFEST/F3_Dinamicas_Territoriales/CEEEP/articulos/revista/CEEEP_issue12-80-la-exo-criminalidad-de-riesgo-un-desafio-emergente-a-la-seguridad-de-l.json,.json,1.6,raw,DOC-1465,json,data/raw/CODEFEST/F3_Dinamicas_Territoriales/CEEEP/articulos/revista/CEEEP_issue12-80-la-exo-criminalidad-de-riesgo-un-desafio-emergente-a-la-seguridad-de-l.json
data/raw/CODEFEST/F3_Dinamicas_Territoriales/CEEEP/articulos/revista/CEEEP_issue13-81-el-papel-de-las-potencias-mundiales-en-el-conflicto-armado-palestino-i.json,.json,1.5,raw,DOC-1466,json,data/raw/CODEFEST/F3_Dinamicas_Territoriales/CEEEP/articulos/revista/CEEEP_issue13-81-el-papel-de-las-potencias-mundiales-en-el-conflicto-armado-palestino-i.json
data/raw/CODEFEST/F3_Dinamicas_Territoriales/CEEEP/articulos/revista/CEEEP_issue13-82-mineria-seguridad-nacional-y-gobernabilidad-amenazas-y-riesgos-estrate.json,.json,1.7,raw,DOC-1467,json,data/raw/CODEFEST/F3_Dinamicas_Territoriales/CEEEP/articulos/revista/CEEEP_issue13-82-mineria-seguridad-nacional-y-gobernabilidad-amenazas-y-riesgos-estrate.json
data/raw/CODEFEST/F3_Dinamicas_Territoriales/CEEEP/articulos/revista/CEEEP_issue13-83-informalidad-corrupcion-e-impunidad-como-amenazas-estructurales-a-la-s.json,.json,1.9,raw,DOC-1468,json,data/raw/CODEFEST/F3_Dinamicas_Territoriales/CEEEP/articulos/revista/CEEEP_issue13-83-informalidad-corrupcion-e-impunidad-como-amenazas-estructurales-a-la-s.json
data/raw/CODEFEST/F3_Dinamicas_Territoriales/CEEEP/articulos/revista/CEEEP_issue13-84-geopolitica-del-siglo-xxi-y-el-peru-en-el-nuevo-orden-mundial.json,.json,1.8,raw,DOC-1469,json,data/raw/CODEFEST/F3_Dinamicas_Territoriales/CEEEP/articulos/revista/CEEEP_issue13-84-geopolitica-del-siglo-xxi-y-el-peru-en-el-nuevo-orden-mundial.json
data/raw/CODEFEST/F3_Dinamicas_Territoriales/CEEEP/articulos/revista/CEEEP_issue13-85-tres-anos-de-guerra-en-ucrania-y-la-transformacion-del-caracter-belico.json,.json,1.3,raw,DOC-1470,json,data/raw/CODEFEST/F3_Dinamicas_Territoriales/CEEEP/articulos/revista/CEEEP_issue13-85-tres-anos-de-guerra-en-ucrania-y-la-transformacion-del-caracter-belico.json
data/raw/CODEFEST/F3_Dinamicas_Territoriales/CEEEP/articulos/revista/CEEEP_issue13-86-analisis-de-la-participacion-de-las-fuerzas-armadas-en-el-desarrollo-s.json,.json,1.6,raw,DOC-1471,json,data/raw/CODEFEST/F3_Dinamicas_Territoriales/CEEEP/articulos/revista/CEEEP_issue13-86-analisis-de-la-participacion-de-las-fuerzas-armadas-en-el-desarrollo-s.json
data/raw/CODEFEST/F3_Dinamicas_Territoriales/CEEEP/articulos/revista/CEEEP_issue14-100-implementacion-de-la-gestion-por-procesos-y-su-relacion-con-la-calidad.json,.json,1.8,raw,DOC-1472,json,data/raw/CODEFEST/F3_Dinamicas_Territoriales/CEEEP/articulos/revista/CEEEP_issue14-100-implementacion-de-la-gestion-por-procesos-y-su-relacion-con-la-calidad.json
data/raw/CODEFEST/F3_Dinamicas_Territoriales/CEEEP/articulos/revista/CEEEP_issue14-101-las-fuerzas-especiales-y-su-empleo-en-las-operaciones-de-informacion.json,.json,1.3,raw,DOC-1473,json,data/raw/CODEFEST/F3_Dinamicas_Territoriales/CEEEP/articulos/revista/CEEEP_issue14-101-las-fuerzas-especiales-y-su-empleo-en-las-operaciones-de-informacion.json
data/raw/CODEFEST/F3_Dinamicas_Territoriales/CEEEP/articulos/revista/CEEEP_issue14-102-mas-alla-de-la-gestion-el-pensamiento-estrategico-como-etica-de-conduc.json,.json,1.9,raw,DOC-1474,json,data/raw/CODEFEST/F3_Dinamicas_Territoriales/CEEEP/articulos/revista/CEEEP_issue14-102-mas-alla-de-la-gestion-el-pensamiento-estrategico-como-etica-de-conduc.json
data/raw/CODEFEST/F3_Dinamicas_Territoriales/CEEEP/articulos/revista/CEEEP_issue14-95-corio-y-el-tablero-geopolitico-del-pacifico-sur-en-escenarios-de-compe.json,.json,2.4,raw,DOC-1475,json,data/raw/CODEFEST/F3_Dinamicas_Territoriales/CEEEP/articulos/revista/CEEEP_issue14-95-corio-y-el-tablero-geopolitico-del-pacifico-sur-en-escenarios-de-compe.json
data/raw/CODEFEST/F3_Dinamicas_Territoriales/CEEEP/articulos/revista/CEEEP_issue14-96-ciudadania-en-el-peru-como-problema-publico-y-politica-nacional-multis.json,.json,1.8,raw,DOC-1476,json,data/raw/CODEFEST/F3_Dinamicas_Territoriales/CEEEP/articulos/revista/CEEEP_issue14-96-ciudadania-en-el-peru-como-problema-publico-y-politica-nacional-multis.json
data/raw/CODEFEST/F3_Dinamicas_Territoriales/CEEEP/articulos/revista/CEEEP_issue14-97-modelo-de-planeamiento-militar-bilateral-para-la-cooperacion-en-seguri.json,.json,1.6,raw,DOC-1477,json,data/raw/CODEFEST/F3_Dinamicas_Territoriales/CEEEP/articulos/revista/CEEEP_issue14-97-modelo-de-planeamiento-militar-bilateral-para-la-cooperacion-en-seguri.json
data/raw/CODEFEST/F3_Dinamicas_Territoriales/CEEEP/articulos/revista/CEEEP_issue14-98-las-operaciones-chavin-de-huantar-y-cerco-hitos-de-la-victoria-militar.json,.json,2.1,raw,DOC-1478,json,data/raw/CODEFEST/F3_Dinamicas_Territoriales/CEEEP/articulos/revista/CEEEP_issue14-98-las-operaciones-chavin-de-huantar-y-cerco-hitos-de-la-victoria-militar.json
data/raw/CODEFEST/F3_Dinamicas_Territoriales/CEEEP/articulos/revista/CEEEP_issue14-99-la-filosofia-militar-y-el-poder-moral-del-ejercito-como-ejes-de-la-rei.json,.json,2.0,raw,DOC-1479,json,data/raw/CODEFEST/F3_Dinamicas_Territoriales/CEEEP/articulos/revista/CEEEP_issue14-99-la-filosofia-militar-y-el-poder-moral-del-ejercito-como-ejes-de-la-rei.json
data/raw/CODEFEST/F3_Dinamicas_Territoriales/CEEEP/articulos/revista/CEEEP_issue2-10-el-valioso-aporte-de-la-mujer-al-ejercito-del-peru.json,.json,1.6,raw,DOC-1480,json,data/raw/CODEFEST/F3_Dinamicas_Territoriales/CEEEP/articulos/revista/CEEEP_issue2-10-el-valioso-aporte-de-la-mujer-al-ejercito-del-peru.json
data/raw/CODEFEST/F3_Dinamicas_Territoriales/CEEEP/articulos/revista/CEEEP_issue2-5-el-avance-digital-de-china-en-america-latina.json,.json,1.4,raw,DOC-1481,json,data/raw/CODEFEST/F3_Dinamicas_Territoriales/CEEEP/articulos/revista/CEEEP_issue2-5-el-avance-digital-de-china-en-america-latina.json
data/raw/CODEFEST/F3_Dinamicas_Territoriales/CEEEP/articulos/revista/CEEEP_issue2-6-redes-sociales-geopolitica-y-poder.json,.json,1.3,raw,DOC-1482,json,data/raw/CODEFEST/F3_Dinamicas_Territoriales/CEEEP/articulos/revista/CEEEP_issue2-6-redes-sociales-geopolitica-y-poder.json
data/raw/CODEFEST/F3_Dinamicas_Territoriales/CEEEP/articulos/revista/CEEEP_issue2-7-el-conflicto-en-ucrania-guerra-hibrida-e-intervencion-militar-convenci.json,.json,1.5,raw,DOC-1483,json,data/raw/CODEFEST/F3_Dinamicas_Territoriales/CEEEP/articulos/revista/CEEEP_issue2-7-el-conflicto-en-ucrania-guerra-hibrida-e-intervencion-militar-convenci.json
data/raw/CODEFEST/F3_Dinamicas_Territoriales/CEEEP/articulos/revista/CEEEP_issue2-8-liderazgo-estrategico-en-el-ejercito-roles-y-competencias-esenciales.json,.json,1.2,raw,DOC-1484,json,data/raw/CODEFEST/F3_Dinamicas_Territoriales/CEEEP/articulos/revista/CEEEP_issue2-8-liderazgo-estrategico-en-el-ejercito-roles-y-competencias-esenciales.json
data/raw/CODEFEST/F3_Dinamicas_Territoriales/CEEEP/articulos/revista/CEEEP_issue2-9-cultura-organizacional-y-liderazgo-en-el-ejercito.json,.json,1.5,raw,DOC-1485,json,data/raw/CODEFEST/F3_Dinamicas_Territoriales/CEEEP/articulos/revista/CEEEP_issue2-9-cultura-organizacional-y-liderazgo-en-el-ejercito.json
data/raw/CODEFEST/F3_Dinamicas_Territoriales/CEEEP/articulos/revista/CEEEP_issue3-13-el-juego-estrategico-de-argentina-frente-a-los-intereses-de-china-y-es.json,.json,1.3,raw,DOC-1486,json,data/raw/CODEFEST/F3_Dinamicas_Territoriales/CEEEP/articulos/revista/CEEEP_issue3-13-el-juego-estrategico-de-argentina-frente-a-los-intereses-de-china-y-es.json
data/raw/CODEFEST/F3_Dinamicas_Territoriales/CEEEP/articulos/revista/CEEEP_issue3-14-crimen-organizado-transnacional-en-la-triple-frontera-entre-brasil-col.json,.json,1.1,raw,DOC-1487,json,data/raw/CODEFEST/F3_Dinamicas_Territoriales/CEEEP/articulos/revista/CEEEP_issue3-14-crimen-organizado-transnacional-en-la-triple-frontera-entre-brasil-col.json
data/raw/CODEFEST/F3_Dinamicas_Territoriales/CEEEP/articulos/revista/CEEEP_issue3-15-grupos-armados-organizados-residuales-y-amenazas-transfronterizas-en-e.json,.json,1.3,raw,DOC-1488,json,data/raw/CODEFEST/F3_Dinamicas_Territoriales/CEEEP/articulos/revista/CEEEP_issue3-15-grupos-armados-organizados-residuales-y-amenazas-transfronterizas-en-e.json
data/raw/CODEFEST/F3_Dinamicas_Territoriales/CEEEP/articulos/revista/CEEEP_issue3-16-una-mirada-preliminar-desde-washington-al-nuevo-rumbo-de-colombia-y-a.json,.json,1.3,raw,DOC-1489,json,data/raw/CODEFEST/F3_Dinamicas_Territoriales/CEEEP/articulos/revista/CEEEP_issue3-16-una-mirada-preliminar-desde-washington-al-nuevo-rumbo-de-colombia-y-a.json
data/raw/CODEFEST/F3_Dinamicas_Territoriales/CEEEP/articulos/revista/CEEEP_issue3-17-armas-autonomas-letales-medios-de-defensa-y-ataque.json,.json,1.0,raw,DOC-1490,json,data/raw/CODEFEST/F3_Dinamicas_Territoriales/CEEEP/articulos/revista/CEEEP_issue3-17-armas-autonomas-letales-medios-de-defensa-y-ataque.json
data/raw/CODEFEST/F3_Dinamicas_Territoriales/CEEEP/articulos/revista/CEEEP_issue3-18-reflexion-sobre-el-futuro-de-la-transformacion-militar.json,.json,1.3,raw,DOC-1491,json,data/raw/CODEFEST/F3_Dinamicas_Territoriales/CEEEP/articulos/revista/CEEEP_issue3-18-reflexion-sobre-el-futuro-de-la-transformacion-militar.json
data/raw/CODEFEST/F3_Dinamicas_Territoriales/CEEEP/articulos/revista/CEEEP_issue4-11-la-transformacion-digital-aplicada-en-el-ejercito-brasileno-y-en-el-te.json,.json,1.5,raw,DOC-1492,json,data/raw/CODEFEST/F3_Dinamicas_Territoriales/CEEEP/articulos/revista/CEEEP_issue4-11-la-transformacion-digital-aplicada-en-el-ejercito-brasileno-y-en-el-te.json
data/raw/CODEFEST/F3_Dinamicas_Territoriales/CEEEP/articulos/revista/CEEEP_issue4-19-cambio-climatico-relacion-intrinseca-con-la-seguridad-y-la-defensa.json,.json,1.2,raw,DOC-1493,json,data/raw/CODEFEST/F3_Dinamicas_Territoriales/CEEEP/articulos/revista/CEEEP_issue4-19-cambio-climatico-relacion-intrinseca-con-la-seguridad-y-la-defensa.json
data/raw/CODEFEST/F3_Dinamicas_Territoriales/CEEEP/articulos/revista/CEEEP_issue4-20-armamentizacion-de-la-interdependencia-en-chips-entre-estados-unidos-y.json,.json,1.2,raw,DOC-1494,json,data/raw/CODEFEST/F3_Dinamicas_Territoriales/CEEEP/articulos/revista/CEEEP_issue4-20-armamentizacion-de-la-interdependencia-en-chips-entre-estados-unidos-y.json
data/raw/CODEFEST/F3_Dinamicas_Territoriales/CEEEP/articulos/revista/CEEEP_issue4-21-el-papel-estrategico-de-america-latina-en-un-conflicto-global-por-taiw.json,.json,1.2,raw,DOC-1495,json,data/raw/CODEFEST/F3_Dinamicas_Territoriales/CEEEP/articulos/revista/CEEEP_issue4-21-el-papel-estrategico-de-america-latina-en-un-conflicto-global-por-taiw.json
data/raw/CODEFEST/F3_Dinamicas_Territoriales/CEEEP/articulos/revista/CEEEP_issue4-22-importancia-del-desarrollo-de-la-resiliencia-en-el-personal-militar.json,.json,1.4,raw,DOC-1496,json,data/raw/CODEFEST/F3_Dinamicas_Territoriales/CEEEP/articulos/revista/CEEEP_issue4-22-importancia-del-desarrollo-de-la-resiliencia-en-el-personal-militar.json
data/raw/CODEFEST/F3_Dinamicas_Territoriales/CEEEP/articulos/revista/CEEEP_issue4-23-influencia-de-las-reformas-francesa-y-estadounidense-en-la-cultura-org.json,.json,1.3,raw,DOC-1497,json,data/raw/CODEFEST/F3_Dinamicas_Territoriales/CEEEP/articulos/revista/CEEEP_issue4-23-influencia-de-las-reformas-francesa-y-estadounidense-en-la-cultura-org.json
data/raw/CODEFEST/F3_Dinamicas_Territoriales/CEEEP/articulos/revista/CEEEP_issue5-25-la-antartida-importancia-geopolitica-y-economica.json,.json,1.3,raw,DOC-1498,json,data/raw/CODEFEST/F3_Dinamicas_Territoriales/CEEEP/articulos/revista/CEEEP_issue5-25-la-antartida-importancia-geopolitica-y-economica.json
data/raw/CODEFEST/F3_Dinamicas_Territoriales/CEEEP/articulos/revista/CEEEP_issue5-26-el-valor-de-la-inteligencia-y-el-desarrollo-del-poder-militar-en-el-es.json,.json,1.2,raw,DOC-1499,json,data/raw/CODEFEST/F3_Dinamicas_Territoriales/CEEEP/articulos/revista/CEEEP_issue5-26-el-valor-de-la-inteligencia-y-el-desarrollo-del-poder-militar-en-el-es.json
data/raw/CODEFEST/F3_Dinamicas_Territoriales/CEEEP/articulos/revista/CEEEP_issue5-27-empleo-del-poder-militar-flexibilidad-y-alcance-de-las-capacidades-no.json,.json,1.1,raw,DOC-1500,json,data/raw/CODEFEST/F3_Dinamicas_Territoriales/CEEEP/articulos/revista/CEEEP_issue5-27-empleo-del-poder-militar-flexibilidad-y-alcance-de-las-capacidades-no.json
data/raw/CODEFEST/F3_Dinamicas_Territoriales/CEEEP/articulos/revista/CEEEP_issue5-28-megapuerto-de-chancay-repercusiones-en-el-comercio-sudamericano-e-impa.json,.json,1.5,raw,DOC-1501,json,data/raw/CODEFEST/F3_Dinamicas_Territoriales/CEEEP/articulos/revista/CEEEP_issue5-28-megapuerto-de-chancay-repercusiones-en-el-comercio-sudamericano-e-impa.json
data/raw/CODEFEST/F3_Dinamicas_Territoriales/CEEEP/articulos/revista/CEEEP_issue5-29-ciberdefensa-los-desafios-del-mundo-virtual.json,.json,1.4,raw,DOC-1502,json,data/raw/CODEFEST/F3_Dinamicas_Territoriales/CEEEP/articulos/revista/CEEEP_issue5-29-ciberdefensa-los-desafios-del-mundo-virtual.json
data/raw/CODEFEST/F3_Dinamicas_Territoriales/CEEEP/articulos/revista/CEEEP_issue5-30-la-nueva-configuracion-del-poder-mundial-china-e-india-conflictos-y-co.json,.json,1.1,raw,DOC-1503,json,data/raw/CODEFEST/F3_Dinamicas_Territoriales/CEEEP/articulos/revista/CEEEP_issue5-30-la-nueva-configuracion-del-poder-mundial-china-e-india-conflictos-y-co.json
data/raw/CODEFEST/F3_Dinamicas_Territoriales/CEEEP/articulos/revista/CEEEP_issue6-32-el-desarrollo-tecnologico-en-el-ejercito-del-peru-una-perspectiva-estr.json,.json,1.4,raw,DOC-1504,json,data/raw/CODEFEST/F3_Dinamicas_Territoriales/CEEEP/articulos/revista/CEEEP_issue6-32-el-desarrollo-tecnologico-en-el-ejercito-del-peru-una-perspectiva-estr.json
data/raw/CODEFEST/F3_Dinamicas_Territoriales/CEEEP/articulos/revista/CEEEP_issue6-33-la-inteligencia-artificial-en-el-ambito-militar-una-herramienta-releva.json,.json,1.1,raw,DOC-1505,json,data/raw/CODEFEST/F3_Dinamicas_Territoriales/CEEEP/articulos/revista/CEEEP_issue6-33-la-inteligencia-artificial-en-el-ambito-militar-una-herramienta-releva.json
data/raw/CODEFEST/F3_Dinamicas_Territoriales/CEEEP/articulos/revista/CEEEP_issue6-34-sectores-estrategicos-imprecision-conceptual-y-debates-sobre-el-papel.json,.json,1.6,raw,DOC-1506,json,data/raw/CODEFEST/F3_Dinamicas_Territoriales/CEEEP/articulos/revista/CEEEP_issue6-34-sectores-estrategicos-imprecision-conceptual-y-debates-sobre-el-papel.json
data/raw/CODEFEST/F3_Dinamicas_Territoriales/CEEEP/articulos/revista/CEEEP_issue6-35-la-mistica-y-el-liderazgo-militar-como-parte-del-proceso-de-transforma.json,.json,2.2,raw,DOC-1507,json,data/raw/CODEFEST/F3_Dinamicas_Territoriales/CEEEP/articulos/revista/CEEEP_issue6-35-la-mistica-y-el-liderazgo-militar-como-parte-del-proceso-de-transforma.json
data/raw/CODEFEST/F3_Dinamicas_Territoriales/CEEEP/articulos/revista/CEEEP_issue6-36-la-estrategia-de-la-7ma-brigada-de-infanteria-en-lambayeque-frente-a-l.json,.json,1.6,raw,DOC-1508,json,data/raw/CODEFEST/F3_Dinamicas_Territoriales/CEEEP/articulos/revista/CEEEP_issue6-36-la-estrategia-de-la-7ma-brigada-de-infanteria-en-lambayeque-frente-a-l.json
data/raw/CODEFEST/F3_Dinamicas_Territoriales/CEEEP/articulos/revista/CEEEP_issue6-37-importancia-de-las-operaciones-logisticas-del-ejercito-nacional-de-col.json,.json,2.0,raw,DOC-1509,json,data/raw/CODEFEST/F3_Dinamicas_Territoriales/CEEEP/articulos/revista/CEEEP_issue6-37-importancia-de-las-operaciones-logisticas-del-ejercito-nacional-de-col.json
data/raw/CODEFEST/F3_Dinamicas_Territoriales/CEEEP/articulos/revista/CEEEP_issue7-40-modelos-comparados-de-contrainsurgencia-tradiciones-britanicas-y-franc.json,.json,1.4,raw,DOC-1510,json,data/raw/CODEFEST/F3_Dinamicas_Territoriales/CEEEP/articulos/revista/CEEEP_issue7-40-modelos-comparados-de-contrainsurgencia-tradiciones-britanicas-y-franc.json
data/raw/CODEFEST/F3_Dinamicas_Territoriales/CEEEP/articulos/revista/CEEEP_issue7-41-tareas-y-retos-futuros-para-el-ejercito-nacional-una-mirada-holistica.json,.json,1.5,raw,DOC-1511,json,data/raw/CODEFEST/F3_Dinamicas_Territoriales/CEEEP/articulos/revista/CEEEP_issue7-41-tareas-y-retos-futuros-para-el-ejercito-nacional-una-mirada-holistica.json
data/raw/CODEFEST/F3_Dinamicas_Territoriales/CEEEP/articulos/revista/CEEEP_issue7-42-comando-y-control-en-el-ejercito-del-peru-metodos-analisis-y-el-metodo.json,.json,1.9,raw,DOC-1512,json,data/raw/CODEFEST/F3_Dinamicas_Territoriales/CEEEP/articulos/revista/CEEEP_issue7-42-comando-y-control-en-el-ejercito-del-peru-metodos-analisis-y-el-metodo.json
data/raw/CODEFEST/F3_Dinamicas_Territoriales/CEEEP/articulos/revista/CEEEP_issue7-43-reanudacion-de-las-relaciones-de-iran-con-algunos-paises-de-america-la.json,.json,1.1,raw,DOC-1513,json,data/raw/CODEFEST/F3_Dinamicas_Territoriales/CEEEP/articulos/revista/CEEEP_issue7-43-reanudacion-de-las-relaciones-de-iran-con-algunos-paises-de-america-la.json
data/raw/CODEFEST/F3_Dinamicas_Territoriales/CEEEP/articulos/revista/CEEEP_issue7-44-cultura-organizacional-elemento-esencial-en-el-proceso-de-transformaci.json,.json,2.1,raw,DOC-1514,json,data/raw/CODEFEST/F3_Dinamicas_Territoriales/CEEEP/articulos/revista/CEEEP_issue7-44-cultura-organizacional-elemento-esencial-en-el-proceso-de-transformaci.json
data/raw/CODEFEST/F3_Dinamicas_Territoriales/CEEEP/articulos/revista/CEEEP_issue7-45-la-naturaleza-de-las-amenazas-en-la-panamazonia.json,.json,1.8,raw,DOC-1515,json,data/raw/CODEFEST/F3_Dinamicas_Territoriales/CEEEP/articulos/revista/CEEEP_issue7-45-la-naturaleza-de-las-amenazas-en-la-panamazonia.json
data/raw/CODEFEST/F3_Dinamicas_Territoriales/CEEEP/articulos/revista/CEEEP_issue8-47-preparacion-de-la-politica-nacional-multisectorial-de-seguridad-y-defe.json,.json,1.9,raw,DOC-1516,json,data/raw/CODEFEST/F3_Dinamicas_Territoriales/CEEEP/articulos/revista/CEEEP_issue8-47-preparacion-de-la-politica-nacional-multisectorial-de-seguridad-y-defe.json
data/raw/CODEFEST/F3_Dinamicas_Territoriales/CEEEP/articulos/revista/CEEEP_issue8-48-destruccion-de-la-seguridad-hidrica-y-mineria-en-el-sur-del-peru-un-at.json,.json,2.7,raw,DOC-1517,json,data/raw/CODEFEST/F3_Dinamicas_Territoriales/CEEEP/articulos/revista/CEEEP_issue8-48-destruccion-de-la-seguridad-hidrica-y-mineria-en-el-sur-del-peru-un-at.json
data/raw/CODEFEST/F3_Dinamicas_Territoriales/CEEEP/articulos/revista/CEEEP_issue8-49-trazando-estrategias-desafios-y-reflexiones-sobre-el-narcotrafico-y-el.json,.json,1.5,raw,DOC-1518,json,data/raw/CODEFEST/F3_Dinamicas_Territoriales/CEEEP/articulos/revista/CEEEP_issue8-49-trazando-estrategias-desafios-y-reflexiones-sobre-el-narcotrafico-y-el.json
data/raw/CODEFEST/F3_Dinamicas_Territoriales/CEEEP/articulos/revista/CEEEP_issue8-50-presencia-y-aceptacion-de-los-movimientos-regionales-en-el-sur-del-pai.json,.json,1.5,raw,DOC-1519,json,data/raw/CODEFEST/F3_Dinamicas_Territoriales/CEEEP/articulos/revista/CEEEP_issue8-50-presencia-y-aceptacion-de-los-movimientos-regionales-en-el-sur-del-pai.json
data/raw/CODEFEST/F3_Dinamicas_Territoriales/CEEEP/articulos/revista/CEEEP_issue8-51-seguridad-nacional-relaciones-internacionales-y-bienestar-social-en-la.json,.json,1.4,raw,DOC-1520,json,data/raw/CODEFEST/F3_Dinamicas_Territoriales/CEEEP/articulos/revista/CEEEP_issue8-51-seguridad-nacional-relaciones-internacionales-y-bienestar-social-en-la.json
data/raw/CODEFEST/F3_Dinamicas_Territoriales/CEEEP/articulos/revista/CEEEP_issue8-52-evolucion-del-conflicto-militar-contraofensiva-en-ucrania.json,.json,1.1,raw,DOC-1521,json,data/raw/CODEFEST/F3_Dinamicas_Territoriales/CEEEP/articulos/revista/CEEEP_issue8-52-evolucion-del-conflicto-militar-contraofensiva-en-ucrania.json
data/raw/CODEFEST/F3_Dinamicas_Territoriales/CEEEP/articulos/revista/CEEEP_issue9-56-argentina-retos-de-seguridad-y-respuesta-del-gobierno.json,.json,2.7,raw,DOC-1522,json,data/raw/CODEFEST/F3_Dinamicas_Territoriales/CEEEP/articulos/revista/CEEEP_issue9-56-argentina-retos-de-seguridad-y-respuesta-del-gobierno.json
data/raw/CODEFEST/F3_Dinamicas_Territoriales/CEEEP/articulos/revista/CEEEP_issue9-57-la-inseguridad-es-lo-que-los-estados-hacen-de-ella-la-seguritizacion-d.json,.json,1.8,raw,DOC-1523,json,data/raw/CODEFEST/F3_Dinamicas_Territoriales/CEEEP/articulos/revista/CEEEP_issue9-57-la-inseguridad-es-lo-que-los-estados-hacen-de-ella-la-seguritizacion-d.json
data/raw/CODEFEST/F3_Dinamicas_Territoriales/CEEEP/articulos/revista/CEEEP_issue9-58-isis-k-un-reinicio-del-terrorismo-yihadista.json,.json,1.4,raw,DOC-1524,json,data/raw/CODEFEST/F3_Dinamicas_Territoriales/CEEEP/articulos/revista/CEEEP_issue9-58-isis-k-un-reinicio-del-terrorismo-yihadista.json
data/raw/CODEFEST/F3_Dinamicas_Territoriales/CEEEP/articulos/revista/CEEEP_issue9-59-el-alto-huallaga-un-caso-de-exito.json,.json,1.9,raw,DOC-1525,json,data/raw/CODEFEST/F3_Dinamicas_Territoriales/CEEEP/articulos/revista/CEEEP_issue9-59-el-alto-huallaga-un-caso-de-exito.json
data/raw/CODEFEST/F3_Dinamicas_Territoriales/CEEEP/articulos/revista/CEEEP_issue9-60-consecuencias-transnacionales-del-proceso-de-paz-colombia-farc.json,.json,1.3,raw,DOC-1526,json,data/raw/CODEFEST/F3_Dinamicas_Territoriales/CEEEP/articulos/revista/CEEEP_issue9-60-consecuencias-transnacionales-del-proceso-de-paz-colombia-farc.json
data/raw/CODEFEST/F3_Dinamicas_Territoriales/CEEEP/articulos/revista/CEEEP_issue9-61-seguridad-en-las-redes-sociales-navegando-con-conciencia-cibernetica-y.json,.json,1.5,raw,DOC-1527,json,data/raw/CODEFEST/F3_Dinamicas_Territoriales/CEEEP/articulos/revista/CEEEP_issue9-61-seguridad-en-las-redes-sociales-navegando-con-conciencia-cibernetica-y.json
data/raw/CODEFEST/F3_Dinamicas_Territoriales/CEEEP/ceeep_catalogo.json,.json,27.0,raw,DOC-1528,json,data/raw/CODEFEST/F3_Dinamicas_Territoriales/CEEEP/ceeep_catalogo.json
data/raw/CODEFEST/F3_Dinamicas_Territoriales/CEEEP/ceeep_registro.json,.json,15.5,raw,DOC-1529,json,data/raw/CODEFEST/F3_Dinamicas_Territoriales/CEEEP/ceeep_registro.json
data/raw/CODEFEST/F3_Dinamicas_Territoriales/CEOBS/articulos/CEOBS_01.json,.json,1.3,raw,DOC-1530,json,data/raw/CODEFEST/F3_Dinamicas_Territoriales/CEOBS/articulos/CEOBS_01.json
data/raw/CODEFEST/F3_Dinamicas_Territoriales/CEOBS/articulos/CEOBS_03.json,.json,1.3,raw,DOC-1531,json,data/raw/CODEFEST/F3_Dinamicas_Territoriales/CEOBS/articulos/CEOBS_03.json
data/raw/CODEFEST/F3_Dinamicas_Territoriales/CEOBS/articulos/CEOBS_04.json,.json,1.3,raw,DOC-1532,json,data/raw/CODEFEST/F3_Dinamicas_Territoriales/CEOBS/articulos/CEOBS_04.json
data/raw/CODEFEST/F3_Dinamicas_Territoriales/CEOBS/articulos/CEOBS_06.json,.json,1.3,raw,DOC-1533,json,data/raw/CODEFEST/F3_Dinamicas_Territoriales/CEOBS/articulos/CEOBS_06.json
data/raw/CODEFEST/F3_Dinamicas_Territoriales/CEOBS/articulos/CEOBS_08.json,.json,1.3,raw,DOC-1534,json,data/raw/CODEFEST/F3_Dinamicas_Territoriales/CEOBS/articulos/CEOBS_08.json
data/raw/CODEFEST/F3_Dinamicas_Territoriales/CEOBS/articulos/CEOBS_10.json,.json,1.3,raw,DOC-1535,json,data/raw/CODEFEST/F3_Dinamicas_Territoriales/CEOBS/articulos/CEOBS_10.json
data/raw/CODEFEST/F3_Dinamicas_Territoriales/CEOBS/articulos/CEOBS_2025-11-27-monitoring-sudans-artisanal-and-small-scale-gold-mining-from-space.json,.json,26.2,raw,DOC-1536,json,data/raw/CODEFEST/F3_Dinamicas_Territoriales/CEOBS/articulos/CEOBS_2025-11-27-monitoring-sudans-artisanal-and-small-scale-gold-mining-from-space.json
data/raw/CODEFEST/F3_Dinamicas_Territoriales/CEOBS/articulos/CEOBS_2025-12-04-evidencing-a-recovery-plan-for-black-sea-dolphins-and-porpoises.json,.json,30.9,raw,DOC-1537,json,data/raw/CODEFEST/F3_Dinamicas_Territoriales/CEOBS/articulos/CEOBS_2025-12-04-evidencing-a-recovery-plan-for-black-sea-dolphins-and-porpoises.json
data/raw/CODEFEST/F3_Dinamicas_Territoriales/CEOBS/articulos/CEOBS_2025-12-08-has-the-icc-just-advanced-accountability-for-wartime-environmental-damage.json,.json,41.5,raw,DOC-1538,json,data/raw/CODEFEST/F3_Dinamicas_Territoriales/CEOBS/articulos/CEOBS_2025-12-08-has-the-icc-just-advanced-accountability-for-wartime-environmental-damage.json
data/raw/CODEFEST/F3_Dinamicas_Territoriales/CEOBS/articulos/CEOBS_2026-03-03-three-days-of-operation-epic-fury-rapid-overview-of-environmental-harm-in-iran-.json,.json,22.5,raw,DOC-1539,json,data/raw/CODEFEST/F3_Dinamicas_Territoriales/CEOBS/articulos/CEOBS_2026-03-03-three-days-of-operation-epic-fury-rapid-overview-of-environmental-harm-in-iran-.json
data/raw/CODEFEST/F3_Dinamicas_Territoriales/CEOBS/articulos/CEOBS_2026-03-10-operation-epic-fury-emerging-environmental-harm-and-risks-in-iran-and-the-regio.json,.json,36.5,raw,DOC-1540,json,data/raw/CODEFEST/F3_Dinamicas_Territoriales/CEOBS/articulos/CEOBS_2026-03-10-operation-epic-fury-emerging-environmental-harm-and-risks-in-iran-and-the-regio.json
data/raw/CODEFEST/F3_Dinamicas_Territoriales/CEOBS/articulos/CEOBS_2026-03-27-iran-war-environmental-risk-overview-as-of-27th-march.json,.json,15.5,raw,DOC-1541,json,data/raw/CODEFEST/F3_Dinamicas_Territoriales/CEOBS/articulos/CEOBS_2026-03-27-iran-war-environmental-risk-overview-as-of-27th-march.json
data/raw/CODEFEST/F3_Dinamicas_Territoriales/CEOBS/articulos/CEOBS_2026-04-29-report-academias-role-in-ukraines-sustainable-recovery.json,.json,109.7,raw,DOC-1542,json,data/raw/CODEFEST/F3_Dinamicas_Territoriales/CEOBS/articulos/CEOBS_2026-04-29-report-academias-role-in-ukraines-sustainable-recovery.json
data/raw/CODEFEST/F3_Dinamicas_Territoriales/CEOBS/articulos/CEOBS_2026-05-06-webinar-introducing-the-wisen-database-towards-a-global-environmental-monitorin.json,.json,4.7,raw,DOC-1543,json,data/raw/CODEFEST/F3_Dinamicas_Territoriales/CEOBS/articulos/CEOBS_2026-05-06-webinar-introducing-the-wisen-database-towards-a-global-environmental-monitorin.json
data/raw/CODEFEST/F3_Dinamicas_Territoriales/CEOBS/articulos/CEOBS_2026-05-21-introducing-wisen-the-wartime-incidents-to-environment-database.json,.json,29.8,raw,DOC-1544,json,data/raw/CODEFEST/F3_Dinamicas_Territoriales/CEOBS/articulos/CEOBS_2026-05-21-introducing-wisen-the-wartime-incidents-to-environment-database.json
data/raw/CODEFEST/F3_Dinamicas_Territoriales/CEOBS/articulos/CEOBS_2026-06-01-training-and-tools-for-imas-07-13-environmental-and-climate-compliance.json,.json,10.1,raw,DOC-1545,json,data/raw/CODEFEST/F3_Dinamicas_Territoriales/CEOBS/articulos/CEOBS_2026-06-01-training-and-tools-for-imas-07-13-environmental-and-climate-compliance.json
data/raw/CODEFEST/F3_Dinamicas_Territoriales/CEOBS/articulos/CEOBS_21.json,.json,1.3,raw,DOC-1546,json,data/raw/CODEFEST/F3_Dinamicas_Territoriales/CEOBS/articulos/CEOBS_21.json
data/raw/CODEFEST/F3_Dinamicas_Territoriales/CEOBS/articulos/CEOBS_27.json,.json,1.3,raw,DOC-1547,json,data/raw/CODEFEST/F3_Dinamicas_Territoriales/CEOBS/articulos/CEOBS_27.json
data/raw/CODEFEST/F3_Dinamicas_Territoriales/CEOBS/articulos/CEOBS_29.json,.json,1.3,raw,DOC-1548,json,data/raw/CODEFEST/F3_Dinamicas_Territoriales/CEOBS/articulos/CEOBS_29.json
data/raw/CODEFEST/F3_Dinamicas_Territoriales/CEOBS/ceobs_data/CEOBS_catalog-2.json,.json,0.2,raw,DOC-1549,json,data/raw/CODEFEST/F3_Dinamicas_Territoriales/CEOBS/ceobs_data/CEOBS_catalog-2.json
data/raw/CODEFEST/F3_Dinamicas_Territoriales/CEOBS/ceobs_data/CEOBS_publicaciones-2.csv,.csv,2.5,raw,DOC-1550,csv,data/raw/CODEFEST/F3_Dinamicas_Territoriales/CEOBS/ceobs_data/CEOBS_publicaciones-2.csv
data/raw/CODEFEST/F3_Dinamicas_Territoriales/CEOBS/ceobs_data/pdfs/CEOBS_rome-statute-eng.pdf,.pdf,386.2,raw,DOC-1551,pdf,data/raw/CODEFEST/F3_Dinamicas_Territoriales/CEOBS/ceobs_data/pdfs/CEOBS_rome-statute-eng.pdf
data/raw/CODEFEST/F3_Dinamicas_Territoriales/CEOBS/ceobs_full_catalogo.json,.json,6.4,raw,DOC-1552,json,data/raw/CODEFEST/F3_Dinamicas_Territoriales/CEOBS/ceobs_full_catalogo.json
data/raw/CODEFEST/F3_Dinamicas_Territoriales/CEOBS/ceobs_full_registro.json,.json,6.3,raw,DOC-1553,json,data/raw/CODEFEST/F3_Dinamicas_Territoriales/CEOBS/ceobs_full_registro.json
data/raw/CODEFEST/F3_Dinamicas_Territoriales/CEOBS/pdfs_full/2025/CEOBS_7b5c64be-en-mines-risk-analysis-black-sea.pdf,.pdf,4893.9,raw,DOC-1554,pdf,data/raw/CODEFEST/F3_Dinamicas_Territoriales/CEOBS/pdfs_full/2025/CEOBS_7b5c64be-en-mines-risk-analysis-black-sea.pdf
data/raw/CODEFEST/F3_Dinamicas_Territoriales/CEOBS/pdfs_full/2025/CEOBS_8997-artisanal-gold-mining-camps-in-the-butana-eastern-sudan-as-migration-hubs.pdf,.pdf,1397.7,raw,DOC-1555,pdf,data/raw/CODEFEST/F3_Dinamicas_Territoriales/CEOBS/pdfs_full/2025/CEOBS_8997-artisanal-gold-mining-camps-in-the-butana-eastern-sudan-as-migration-hubs.pdf
data/raw/CODEFEST/F3_Dinamicas_Territoriales/CEOBS/pdfs_full/2025/CEOBS_9.vol18-3-arda.pdf,.pdf,4671.6,raw,DOC-1556,pdf,data/raw/CODEFEST/F3_Dinamicas_Territoriales/CEOBS/pdfs_full/2025/CEOBS_9.vol18-3-arda.pdf
data/raw/CODEFEST/F3_Dinamicas_Territoriales/CEOBS/pdfs_full/2025/CEOBS_eprs-bri2025767238-en.pdf,.pdf,478.3,raw,DOC-1557,pdf,data/raw/CODEFEST/F3_Dinamicas_Territoriales/CEOBS/pdfs_full/2025/CEOBS_eprs-bri2025767238-en.pdf
data/raw/CODEFEST/F3_Dinamicas_Territoriales/CEOBS/pdfs_full/2025/CEOBS_minamata-convention-initial-assessment-for-sudan.pdf,.pdf,15067.5,raw,DOC-1558,pdf,data/raw/CODEFEST/F3_Dinamicas_Territoriales/CEOBS/pdfs_full/2025/CEOBS_minamata-convention-initial-assessment-for-sudan.pdf
data/raw/CODEFEST/F3_Dinamicas_Territoriales/CEOBS/pdfs_full/2025/CEOBS_rccc-country-profiles-sudan-2024-final.pdf,.pdf,804.3,raw,DOC-1559,pdf,data/raw/CODEFEST/F3_Dinamicas_Territoriales/CEOBS/pdfs_full/2025/CEOBS_rccc-country-profiles-sudan-2024-final.pdf
data/raw/CODEFEST/F3_Dinamicas_Territoriales/CEOBS/pdfs_full/2025/CEOBS_reevesnotarbartolo2006.pdf,.pdf,2675.3,raw,DOC-1560,pdf,data/raw/CODEFEST/F3_Dinamicas_Territoriales/CEOBS/pdfs_full/2025/CEOBS_reevesnotarbartolo2006.pdf
data/raw/CODEFEST/F3_Dinamicas_Territoriales/CEOBS/pdfs_full/2025/CEOBS_sc16.doc27-final-report-of-the-sc16.pdf,.pdf,3089.2,raw,DOC-1561,pdf,data/raw/CODEFEST/F3_Dinamicas_Territoriales/CEOBS/pdfs_full/2025/CEOBS_sc16.doc27-final-report-of-the-sc16.pdf
data/raw/CODEFEST/F3_Dinamicas_Territoriales/CEOBS/pdfs_full/2026/CEOBS_0313-summary.pdf,.pdf,870.6,raw,DOC-1562,pdf,data/raw/CODEFEST/F3_Dinamicas_Territoriales/CEOBS/pdfs_full/2026/CEOBS_0313-summary.pdf
data/raw/CODEFEST/F3_Dinamicas_Territoriales/CEOBS/pdfs_full/2026/CEOBS_2026032506514742771268534.pdf,.pdf,2336.0,raw,DOC-1563,pdf,data/raw/CODEFEST/F3_Dinamicas_Territoriales/CEOBS/pdfs_full/2026/CEOBS_2026032506514742771268534.pdf
data/raw/CODEFEST/F3_Dinamicas_Territoriales/CEOBS/pdfs_full/2026/CEOBS_ej1083597.pdf,.pdf,233.9,raw,DOC-1564,pdf,data/raw/CODEFEST/F3_Dinamicas_Territoriales/CEOBS/pdfs_full/2026/CEOBS_ej1083597.pdf
data/raw/CODEFEST/F3_Dinamicas_Territoriales/CEOBS/pdfs_full/2026/CEOBS_green-field-tool-user-guidance-march-2025.pdf,.pdf,16160.6,raw,DOC-1565,pdf,data/raw/CODEFEST/F3_Dinamicas_Territoriales/CEOBS/pdfs_full/2026/CEOBS_green-field-tool-user-guidance-march-2025.pdf
data/raw/CODEFEST/F3_Dinamicas_Territoriales/CEOBS/pdfs_full/2026/CEOBS_initiatives-support-ukraine-list.pdf,.pdf,212.4,raw,DOC-1566,pdf,data/raw/CODEFEST/F3_Dinamicas_Territoriales/CEOBS/pdfs_full/2026/CEOBS_initiatives-support-ukraine-list.pdf
data/raw/CODEFEST/F3_Dinamicas_Territoriales/CEOBS/pdfs_full/2026/CEOBS_open-letter-ukraine-all-alliances-updated-070525.pdf,.pdf,437.7,raw,DOC-1567,pdf,data/raw/CODEFEST/F3_Dinamicas_Territoriales/CEOBS/pdfs_full/2026/CEOBS_open-letter-ukraine-all-alliances-updated-070525.pdf
data/raw/CODEFEST/F3_Dinamicas_Territoriales/CEOBS/pdfs_full/2026/CEOBS_priority-pollutant-list-epa.pdf,.pdf,46.0,raw,DOC-1568,pdf,data/raw/CODEFEST/F3_Dinamicas_Territoriales/CEOBS/pdfs_full/2026/CEOBS_priority-pollutant-list-epa.pdf
data/raw/CODEFEST/F3_Dinamicas_Territoriales/CEOBS/pdfs_full/2026/CEOBS_report-ukraine-2024-1.pdf,.pdf,869.1,raw,DOC-1569,pdf,data/raw/CODEFEST/F3_Dinamicas_Territoriales/CEOBS/pdfs_full/2026/CEOBS_report-ukraine-2024-1.pdf
data/raw/CODEFEST/F3_Dinamicas_Territoriales/FASE ORDENADA CODEFEST.xlsx,.xlsx,19.4,raw,DOC-1570,xlsx,data/raw/CODEFEST/F3_Dinamicas_Territoriales/FASE ORDENADA CODEFEST.xlsx
data/raw/CODEFEST/F3_Dinamicas_Territoriales/MAPP_OEA/mapp_catalogo.json,.json,9.2,raw,DOC-1571,json,data/raw/CODEFEST/F3_Dinamicas_Territoriales/MAPP_OEA/mapp_catalogo.json
data/raw/CODEFEST/F3_Dinamicas_Territoriales/MAPP_OEA/mapp_registro.json,.json,8.1,raw,DOC-1572,json,data/raw/CODEFEST/F3_Dinamicas_Territoriales/MAPP_OEA/mapp_registro.json
data/raw/CODEFEST/F3_Dinamicas_Territoriales/MAPP_OEA/oea/mapp_oea_informes/MAPPOEA_mapp-catalog.csv,.csv,14.9,raw,DOC-1573,csv,data/raw/CODEFEST/F3_Dinamicas_Territoriales/MAPP_OEA/oea/mapp_oea_informes/MAPPOEA_mapp-catalog.csv
data/raw/CODEFEST/F3_Dinamicas_Territoriales/MAPP_OEA/oea/mapp_oea_informes/MAPPOEA_mapp-catalog.json,.json,28.1,raw,DOC-1574,json,data/raw/CODEFEST/F3_Dinamicas_Territoriales/MAPP_OEA/oea/mapp_oea_informes/MAPPOEA_mapp-catalog.json
data/raw/CODEFEST/F3_Dinamicas_Territoriales/MAPP_OEA/oea/mapp_oea_informes/eng/MAPPOEA_37informesemestralmappoeaeng.pdf,.pdf,528.1,raw,DOC-1575,pdf,data/raw/CODEFEST/F3_Dinamicas_Territoriales/MAPP_OEA/oea/mapp_oea_informes/eng/MAPPOEA_37informesemestralmappoeaeng.pdf
data/raw/CODEFEST/F3_Dinamicas_Territoriales/MAPP_OEA/oea/mapp_oea_informes/eng/MAPPOEA_cp51877ecp-1.pdf,.pdf,936.4,raw,DOC-1576,pdf,data/raw/CODEFEST/F3_Dinamicas_Territoriales/MAPP_OEA/oea/mapp_oea_informes/eng/MAPPOEA_cp51877ecp-1.pdf
data/raw/CODEFEST/F3_Dinamicas_Territoriales/MAPP_OEA/pdfs/2008/MAPPOEA_2008-la-memoria-como-forma-de-resistencia-de-los-arhuacos.pdf,.pdf,6478.9,raw,DOC-1577,pdf,data/raw/CODEFEST/F3_Dinamicas_Territoriales/MAPP_OEA/pdfs/2008/MAPPOEA_2008-la-memoria-como-forma-de-resistencia-de-los-arhuacos.pdf
data/raw/CODEFEST/F3_Dinamicas_Territoriales/MAPP_OEA/pdfs/2008/MAPPOEA_2008-las-madres-de-la-candelaria.pdf,.pdf,2022.3,raw,DOC-1578,pdf,data/raw/CODEFEST/F3_Dinamicas_Territoriales/MAPP_OEA/pdfs/2008/MAPPOEA_2008-las-madres-de-la-candelaria.pdf
data/raw/CODEFEST/F3_Dinamicas_Territoriales/MAPP_OEA/pdfs/2008/MAPPOEA_2008-una-experiencia-de-justicia-comunitaria-conciliemos.pdf,.pdf,3034.2,raw,DOC-1579,pdf,data/raw/CODEFEST/F3_Dinamicas_Territoriales/MAPP_OEA/pdfs/2008/MAPPOEA_2008-una-experiencia-de-justicia-comunitaria-conciliemos.pdf
data/raw/CODEFEST/F3_Dinamicas_Territoriales/MAPP_OEA/pdfs/2010/MAPPOEA_2010-acompanando-una-oportunidad-para-la-paz.pdf,.pdf,7042.9,raw,DOC-1580,pdf,data/raw/CODEFEST/F3_Dinamicas_Territoriales/MAPP_OEA/pdfs/2010/MAPPOEA_2010-acompanando-una-oportunidad-para-la-paz.pdf
data/raw/CODEFEST/F3_Dinamicas_Territoriales/MAPP_OEA/pdfs/2011/MAPPOEA_2011-diagnostico-de-justicia-y-paz-en-el-marco-de-la-justicia-transicional-en-col.-1.pdf,.pdf,3740.2,raw,DOC-1581,pdf,data/raw/CODEFEST/F3_Dinamicas_Territoriales/MAPP_OEA/pdfs/2011/MAPPOEA_2011-diagnostico-de-justicia-y-paz-en-el-marco-de-la-justicia-transicional-en-col.-1.pdf
data/raw/CODEFEST/F3_Dinamicas_Territoriales/MAPP_OEA/pdfs/2011/MAPPOEA_2011-identidad-e-imagenes.-sabaletas-un-pueblo-con-memoria-1-compressed.pdf,.pdf,7890.0,raw,DOC-1582,pdf,data/raw/CODEFEST/F3_Dinamicas_Territoriales/MAPP_OEA/pdfs/2011/MAPPOEA_2011-identidad-e-imagenes.-sabaletas-un-pueblo-con-memoria-1-compressed.pdf
data/raw/CODEFEST/F3_Dinamicas_Territoriales/MAPP_OEA/pdfs/2012/MAPPOEA_2012-ddr-intervenciones-especificas-para-las-mujeres-2009-2010.pdf,.pdf,384.5,raw,DOC-1583,pdf,data/raw/CODEFEST/F3_Dinamicas_Territoriales/MAPP_OEA/pdfs/2012/MAPPOEA_2012-ddr-intervenciones-especificas-para-las-mujeres-2009-2010.pdf
data/raw/CODEFEST/F3_Dinamicas_Territoriales/MAPP_OEA/pdfs/2013/MAPPOEA_2013-la-restitucion-de-tierras-en-la-ley-975-de-2005-compressed-1.pdf,.pdf,2515.2,raw,DOC-1584,pdf,data/raw/CODEFEST/F3_Dinamicas_Territoriales/MAPP_OEA/pdfs/2013/MAPPOEA_2013-la-restitucion-de-tierras-en-la-ley-975-de-2005-compressed-1.pdf
data/raw/CODEFEST/F3_Dinamicas_Territoriales/MAPP_OEA/pdfs/2013/MAPPOEA_2013-plan-de-choque-para-la-restitucion-y-formalizacion-de-tierras-en-col.-compressed.pdf,.pdf,1323.3,raw,DOC-1585,pdf,data/raw/CODEFEST/F3_Dinamicas_Territoriales/MAPP_OEA/pdfs/2013/MAPPOEA_2013-plan-de-choque-para-la-restitucion-y-formalizacion-de-tierras-en-col.-compressed.pdf
data/raw/CODEFEST/F3_Dinamicas_Territoriales/MAPP_OEA/pdfs/2014/MAPPOEA_2014-conversatorios-sobre-restitucion-de-tierras-y-territorios-compressed.pdf,.pdf,3700.6,raw,DOC-1586,pdf,data/raw/CODEFEST/F3_Dinamicas_Territoriales/MAPP_OEA/pdfs/2014/MAPPOEA_2014-conversatorios-sobre-restitucion-de-tierras-y-territorios-compressed.pdf
data/raw/CODEFEST/F3_Dinamicas_Territoriales/MAPP_OEA/pdfs/2016/MAPPOEA_2016-la-prueba-social-y-de-contexto.pdf,.pdf,5263.2,raw,DOC-1587,pdf,data/raw/CODEFEST/F3_Dinamicas_Territoriales/MAPP_OEA/pdfs/2016/MAPPOEA_2016-la-prueba-social-y-de-contexto.pdf
data/raw/CODEFEST/F3_Dinamicas_Territoriales/MAPP_OEA/pdfs/2018/MAPPOEA_xxiii-informe-esp.pdf,.pdf,382.1,raw,DOC-1588,pdf,data/raw/CODEFEST/F3_Dinamicas_Territoriales/MAPP_OEA/pdfs/2018/MAPPOEA_xxiii-informe-esp.pdf
data/raw/CODEFEST/F3_Dinamicas_Territoriales/MAPP_OEA/pdfs/2019/MAPPOEA_xxv-informe-semestral-version-oficial-cp40544s03.pdf,.pdf,895.1,raw,DOC-1589,pdf,data/raw/CODEFEST/F3_Dinamicas_Territoriales/MAPP_OEA/pdfs/2019/MAPPOEA_xxv-informe-semestral-version-oficial-cp40544s03.pdf
data/raw/CODEFEST/F3_Dinamicas_Territoriales/MAPP_OEA/pdfs/2019/MAPPOEA_xxvi-informe-semestral-mappoea.pdf,.pdf,415.0,raw,DOC-1590,pdf,data/raw/CODEFEST/F3_Dinamicas_Territoriales/MAPP_OEA/pdfs/2019/MAPPOEA_xxvi-informe-semestral-mappoea.pdf
data/raw/CODEFEST/F3_Dinamicas_Territoriales/MAPP_OEA/pdfs/2019/MAPPOEA_xxvii-informe-semestral-espanol.pdf,.pdf,698.7,raw,DOC-1591,pdf,data/raw/CODEFEST/F3_Dinamicas_Territoriales/MAPP_OEA/pdfs/2019/MAPPOEA_xxvii-informe-semestral-espanol.pdf
data/raw/CODEFEST/F3_Dinamicas_Territoriales/MAPP_OEA/pdfs/2020/MAPPOEA_manual-para-la-participacion-de-las-victimas-ante-la-jep-version-corta.pdf,.pdf,906.8,raw,DOC-1592,pdf,data/raw/CODEFEST/F3_Dinamicas_Territoriales/MAPP_OEA/pdfs/2020/MAPPOEA_manual-para-la-participacion-de-las-victimas-ante-la-jep-version-corta.pdf
data/raw/CODEFEST/F3_Dinamicas_Territoriales/MAPP_OEA/pdfs/2020/MAPPOEA_xxix-informe-semestral.pdf,.pdf,625.3,raw,DOC-1593,pdf,data/raw/CODEFEST/F3_Dinamicas_Territoriales/MAPP_OEA/pdfs/2020/MAPPOEA_xxix-informe-semestral.pdf
data/raw/CODEFEST/F3_Dinamicas_Territoriales/MAPP_OEA/pdfs/2020/MAPPOEA_xxviii-informe-semestral-espanol.pdf,.pdf,528.6,raw,DOC-1594,pdf,data/raw/CODEFEST/F3_Dinamicas_Territoriales/MAPP_OEA/pdfs/2020/MAPPOEA_xxviii-informe-semestral-espanol.pdf
data/raw/CODEFEST/F3_Dinamicas_Territoriales/MAPP_OEA/pdfs/2021/MAPPOEA_xxx-informe-semestral.pdf,.pdf,964.8,raw,DOC-1595,pdf,data/raw/CODEFEST/F3_Dinamicas_Territoriales/MAPP_OEA/pdfs/2021/MAPPOEA_xxx-informe-semestral.pdf
data/raw/CODEFEST/F3_Dinamicas_Territoriales/MAPP_OEA/pdfs/2022/MAPPOEA_informe-semestral-xxxii-mappoea.pdf,.pdf,560.8,raw,DOC-1596,pdf,data/raw/CODEFEST/F3_Dinamicas_Territoriales/MAPP_OEA/pdfs/2022/MAPPOEA_informe-semestral-xxxii-mappoea.pdf
data/raw/CODEFEST/F3_Dinamicas_Territoriales/MAPP_OEA/pdfs/2022/MAPPOEA_informe-semestral-xxxiii-mappoea.pdf,.pdf,514.5,raw,DOC-1597,pdf,data/raw/CODEFEST/F3_Dinamicas_Territoriales/MAPP_OEA/pdfs/2022/MAPPOEA_informe-semestral-xxxiii-mappoea.pdf
data/raw/CODEFEST/F3_Dinamicas_Territoriales/MAPP_OEA/pdfs/2022/MAPPOEA_xxxi-informe-semestral-mappoea.pdf,.pdf,551.6,raw,DOC-1598,pdf,data/raw/CODEFEST/F3_Dinamicas_Territoriales/MAPP_OEA/pdfs/2022/MAPPOEA_xxxi-informe-semestral-mappoea.pdf
data/raw/CODEFEST/F3_Dinamicas_Territoriales/MAPP_OEA/pdfs/2023/MAPPOEA_informe-mappoea-35.pdf,.pdf,496.0,raw,DOC-1599,pdf,data/raw/CODEFEST/F3_Dinamicas_Territoriales/MAPP_OEA/pdfs/2023/MAPPOEA_informe-mappoea-35.pdf
data/raw/CODEFEST/F3_Dinamicas_Territoriales/MAPP_OEA/pdfs/2023/MAPPOEA_informe-xxxiv-esp-1.pdf,.pdf,1189.6,raw,DOC-1600,pdf,data/raw/CODEFEST/F3_Dinamicas_Territoriales/MAPP_OEA/pdfs/2023/MAPPOEA_informe-xxxiv-esp-1.pdf
data/raw/CODEFEST/F3_Dinamicas_Territoriales/MAPP_OEA/pdfs/2023/MAPPOEA_revista-mappoea-15-anos-hechos-de-paz-1pag-1.pdf,.pdf,16042.1,raw,DOC-1601,pdf,data/raw/CODEFEST/F3_Dinamicas_Territoriales/MAPP_OEA/pdfs/2023/MAPPOEA_revista-mappoea-15-anos-hechos-de-paz-1pag-1.pdf
data/raw/CODEFEST/F3_Dinamicas_Territoriales/MAPP_OEA/pdfs/2024/MAPPOEA_informe-semestral-36-mappoea-1.pdf,.pdf,405.1,raw,DOC-1602,pdf,data/raw/CODEFEST/F3_Dinamicas_Territoriales/MAPP_OEA/pdfs/2024/MAPPOEA_informe-semestral-36-mappoea-1.pdf
data/raw/CODEFEST/F3_Dinamicas_Territoriales/MAPP_OEA/pdfs/2025/MAPPOEA_37informesemestralmappoeaesp.pdf,.pdf,802.7,raw,DOC-1603,pdf,data/raw/CODEFEST/F3_Dinamicas_Territoriales/MAPP_OEA/pdfs/2025/MAPPOEA_37informesemestralmappoeaesp.pdf
data/raw/CODEFEST/F3_Dinamicas_Territoriales/MAPP_OEA/pdfs/2025/MAPPOEA_cp-informe-mappoea-39-esp.pdf,.pdf,608.2,raw,DOC-1604,pdf,data/raw/CODEFEST/F3_Dinamicas_Territoriales/MAPP_OEA/pdfs/2025/MAPPOEA_cp-informe-mappoea-39-esp.pdf
data/raw/CODEFEST/F3_Dinamicas_Territoriales/MAPP_OEA/pdfs/2025/MAPPOEA_cp51877scp-1.pdf,.pdf,496.2,raw,DOC-1605,pdf,data/raw/CODEFEST/F3_Dinamicas_Territoriales/MAPP_OEA/pdfs/2025/MAPPOEA_cp51877scp-1.pdf
data/raw/CODEFEST/F3_Dinamicas_Territoriales/MAPP_OEA/pdfs/2025/MAPPOEA_desafios-de-gestion-del-conocimiento-para-la-construccion-de-paz-af.pdf,.pdf,7339.6,raw,DOC-1606,pdf,data/raw/CODEFEST/F3_Dinamicas_Territoriales/MAPP_OEA/pdfs/2025/MAPPOEA_desafios-de-gestion-del-conocimiento-para-la-construccion-de-paz-af.pdf
data/raw/CODEFEST/F3_Dinamicas_Territoriales/MAPP_OEA/pdfs/2026/MAPPOEA_informe-periodico-40-esp-1-1.pdf,.pdf,504.7,raw,DOC-1607,pdf,data/raw/CODEFEST/F3_Dinamicas_Territoriales/MAPP_OEA/pdfs/2026/MAPPOEA_informe-periodico-40-esp-1-1.pdf
data/raw/CODEFEST/F3_Dinamicas_Territoriales/RESDAL/pdfs/Atlas_2024/RESDAL_0-esp-primeraslaregion.pdf,.pdf,1218.6,raw,DOC-1608,pdf,data/raw/CODEFEST/F3_Dinamicas_Territoriales/RESDAL/pdfs/Atlas_2024/RESDAL_0-esp-primeraslaregion.pdf
data/raw/CODEFEST/F3_Dinamicas_Territoriales/RESDAL/pdfs/Atlas_2024/RESDAL_01-esp-el-marco-legal.pdf,.pdf,1875.3,raw,DOC-1609,pdf,data/raw/CODEFEST/F3_Dinamicas_Territoriales/RESDAL/pdfs/Atlas_2024/RESDAL_01-esp-el-marco-legal.pdf
data/raw/CODEFEST/F3_Dinamicas_Territoriales/RESDAL/pdfs/Atlas_2024/RESDAL_02-esp-las-instituciones.pdf,.pdf,2021.7,raw,DOC-1610,pdf,data/raw/CODEFEST/F3_Dinamicas_Territoriales/RESDAL/pdfs/Atlas_2024/RESDAL_02-esp-las-instituciones.pdf
data/raw/CODEFEST/F3_Dinamicas_Territoriales/RESDAL/pdfs/Atlas_2024/RESDAL_03-esp-elpresupuesto.pdf,.pdf,990.0,raw,DOC-1611,pdf,data/raw/CODEFEST/F3_Dinamicas_Territoriales/RESDAL/pdfs/Atlas_2024/RESDAL_03-esp-elpresupuesto.pdf
data/raw/CODEFEST/F3_Dinamicas_Territoriales/RESDAL/pdfs/Atlas_2024/RESDAL_04-esp-lasfuerzasarmadas.pdf,.pdf,2359.7,raw,DOC-1612,pdf,data/raw/CODEFEST/F3_Dinamicas_Territoriales/RESDAL/pdfs/Atlas_2024/RESDAL_04-esp-lasfuerzasarmadas.pdf
data/raw/CODEFEST/F3_Dinamicas_Territoriales/RESDAL/pdfs/Atlas_2024/RESDAL_05-esp-relacionesinternacionales.pdf,.pdf,2422.3,raw,DOC-1613,pdf,data/raw/CODEFEST/F3_Dinamicas_Territoriales/RESDAL/pdfs/Atlas_2024/RESDAL_05-esp-relacionesinternacionales.pdf
data/raw/CODEFEST/F3_Dinamicas_Territoriales/RESDAL/pdfs/Atlas_2024/RESDAL_06-esp-mujerpazyseguridad.pdf,.pdf,2917.6,raw,DOC-1614,pdf,data/raw/CODEFEST/F3_Dinamicas_Territoriales/RESDAL/pdfs/Atlas_2024/RESDAL_06-esp-mujerpazyseguridad.pdf
data/raw/CODEFEST/F3_Dinamicas_Territoriales/RESDAL/pdfs/Atlas_2024/RESDAL_07-esp-gestiondelriesgoyemergencias.pdf,.pdf,2232.6,raw,DOC-1615,pdf,data/raw/CODEFEST/F3_Dinamicas_Territoriales/RESDAL/pdfs/Atlas_2024/RESDAL_07-esp-gestiondelriesgoyemergencias.pdf
data/raw/CODEFEST/F3_Dinamicas_Territoriales/RESDAL/pdfs/Atlas_2024/RESDAL_08-esp-caribe.pdf,.pdf,10839.1,raw,DOC-1616,pdf,data/raw/CODEFEST/F3_Dinamicas_Territoriales/RESDAL/pdfs/Atlas_2024/RESDAL_08-esp-caribe.pdf
data/raw/CODEFEST/F3_Dinamicas_Territoriales/RESDAL/pdfs/Atlas_2024/RESDAL_10-esp-bolivia.pdf,.pdf,2104.5,raw,DOC-1617,pdf,data/raw/CODEFEST/F3_Dinamicas_Territoriales/RESDAL/pdfs/Atlas_2024/RESDAL_10-esp-bolivia.pdf
data/raw/CODEFEST/F3_Dinamicas_Territoriales/RESDAL/pdfs/Atlas_2024/RESDAL_11-esp-brasil.pdf,.pdf,5087.4,raw,DOC-1618,pdf,data/raw/CODEFEST/F3_Dinamicas_Territoriales/RESDAL/pdfs/Atlas_2024/RESDAL_11-esp-brasil.pdf
data/raw/CODEFEST/F3_Dinamicas_Territoriales/RESDAL/pdfs/Atlas_2024/RESDAL_12-esp-chile.pdf,.pdf,4272.3,raw,DOC-1619,pdf,data/raw/CODEFEST/F3_Dinamicas_Territoriales/RESDAL/pdfs/Atlas_2024/RESDAL_12-esp-chile.pdf
data/raw/CODEFEST/F3_Dinamicas_Territoriales/RESDAL/pdfs/Atlas_2024/RESDAL_13-esp-colombia.pdf,.pdf,2367.6,raw,DOC-1620,pdf,data/raw/CODEFEST/F3_Dinamicas_Territoriales/RESDAL/pdfs/Atlas_2024/RESDAL_13-esp-colombia.pdf
data/raw/CODEFEST/F3_Dinamicas_Territoriales/RESDAL/pdfs/Atlas_2024/RESDAL_14-esp-costa-rica.pdf,.pdf,2249.2,raw,DOC-1621,pdf,data/raw/CODEFEST/F3_Dinamicas_Territoriales/RESDAL/pdfs/Atlas_2024/RESDAL_14-esp-costa-rica.pdf
data/raw/CODEFEST/F3_Dinamicas_Territoriales/RESDAL/pdfs/Atlas_2024/RESDAL_15-esp-cuba.pdf,.pdf,1984.4,raw,DOC-1622,pdf,data/raw/CODEFEST/F3_Dinamicas_Territoriales/RESDAL/pdfs/Atlas_2024/RESDAL_15-esp-cuba.pdf
data/raw/CODEFEST/F3_Dinamicas_Territoriales/RESDAL/pdfs/Atlas_2024/RESDAL_16-esp-ecuador.pdf,.pdf,3704.7,raw,DOC-1623,pdf,data/raw/CODEFEST/F3_Dinamicas_Territoriales/RESDAL/pdfs/Atlas_2024/RESDAL_16-esp-ecuador.pdf
data/raw/CODEFEST/F3_Dinamicas_Territoriales/RESDAL/pdfs/Atlas_2024/RESDAL_17-esp-elsalvador.pdf,.pdf,2416.9,raw,DOC-1624,pdf,data/raw/CODEFEST/F3_Dinamicas_Territoriales/RESDAL/pdfs/Atlas_2024/RESDAL_17-esp-elsalvador.pdf
data/raw/CODEFEST/F3_Dinamicas_Territoriales/RESDAL/pdfs/Atlas_2024/RESDAL_18-esp-guatemala.pdf,.pdf,2830.7,raw,DOC-1625,pdf,data/raw/CODEFEST/F3_Dinamicas_Territoriales/RESDAL/pdfs/Atlas_2024/RESDAL_18-esp-guatemala.pdf
data/raw/CODEFEST/F3_Dinamicas_Territoriales/RESDAL/pdfs/Atlas_2024/RESDAL_19-esp-haiti.pdf,.pdf,1407.1,raw,DOC-1626,pdf,data/raw/CODEFEST/F3_Dinamicas_Territoriales/RESDAL/pdfs/Atlas_2024/RESDAL_19-esp-haiti.pdf
data/raw/CODEFEST/F3_Dinamicas_Territoriales/RESDAL/pdfs/Atlas_2024/RESDAL_20-esp-honduras.pdf,.pdf,1860.1,raw,DOC-1627,pdf,data/raw/CODEFEST/F3_Dinamicas_Territoriales/RESDAL/pdfs/Atlas_2024/RESDAL_20-esp-honduras.pdf
data/raw/CODEFEST/F3_Dinamicas_Territoriales/RESDAL/pdfs/Atlas_2024/RESDAL_21-esp-mexico.pdf,.pdf,3697.5,raw,DOC-1628,pdf,data/raw/CODEFEST/F3_Dinamicas_Territoriales/RESDAL/pdfs/Atlas_2024/RESDAL_21-esp-mexico.pdf
data/raw/CODEFEST/F3_Dinamicas_Territoriales/RESDAL/pdfs/Atlas_2024/RESDAL_22-esp-nicaragua.pdf,.pdf,2309.4,raw,DOC-1629,pdf,data/raw/CODEFEST/F3_Dinamicas_Territoriales/RESDAL/pdfs/Atlas_2024/RESDAL_22-esp-nicaragua.pdf
data/raw/CODEFEST/F3_Dinamicas_Territoriales/RESDAL/pdfs/Atlas_2024/RESDAL_23-esp-panama.pdf,.pdf,2716.7,raw,DOC-1630,pdf,data/raw/CODEFEST/F3_Dinamicas_Territoriales/RESDAL/pdfs/Atlas_2024/RESDAL_23-esp-panama.pdf
data/raw/CODEFEST/F3_Dinamicas_Territoriales/RESDAL/pdfs/Atlas_2024/RESDAL_24-esp-paraguay.pdf,.pdf,2854.4,raw,DOC-1631,pdf,data/raw/CODEFEST/F3_Dinamicas_Territoriales/RESDAL/pdfs/Atlas_2024/RESDAL_24-esp-paraguay.pdf
data/raw/CODEFEST/F3_Dinamicas_Territoriales/RESDAL/pdfs/Atlas_2024/RESDAL_25-esp-peru.pdf,.pdf,3819.4,raw,DOC-1632,pdf,data/raw/CODEFEST/F3_Dinamicas_Territoriales/RESDAL/pdfs/Atlas_2024/RESDAL_25-esp-peru.pdf
data/raw/CODEFEST/F3_Dinamicas_Territoriales/RESDAL/pdfs/Atlas_2024/RESDAL_26-esp-republica-dominicana.pdf,.pdf,3017.1,raw,DOC-1633,pdf,data/raw/CODEFEST/F3_Dinamicas_Territoriales/RESDAL/pdfs/Atlas_2024/RESDAL_26-esp-republica-dominicana.pdf
data/raw/CODEFEST/F3_Dinamicas_Territoriales/RESDAL/pdfs/Atlas_2024/RESDAL_27-esp-uruguay.pdf,.pdf,3446.6,raw,DOC-1634,pdf,data/raw/CODEFEST/F3_Dinamicas_Territoriales/RESDAL/pdfs/Atlas_2024/RESDAL_27-esp-uruguay.pdf
data/raw/CODEFEST/F3_Dinamicas_Territoriales/RESDAL/pdfs/Atlas_2024/RESDAL_28-esp-venezuela.pdf,.pdf,1916.0,raw,DOC-1635,pdf,data/raw/CODEFEST/F3_Dinamicas_Territoriales/RESDAL/pdfs/Atlas_2024/RESDAL_28-esp-venezuela.pdf
data/raw/CODEFEST/F3_Dinamicas_Territoriales/RESDAL/pdfs/Atlas_2024/RESDAL_9-esp-argentina.pdf,.pdf,6273.5,raw,DOC-1636,pdf,data/raw/CODEFEST/F3_Dinamicas_Territoriales/RESDAL/pdfs/Atlas_2024/RESDAL_9-esp-argentina.pdf
data/raw/CODEFEST/F3_Dinamicas_Territoriales/RESDAL/pdfs/Atlas_2024/RESDAL_atlas-2024-esp.pdf,.pdf,88248.4,raw,DOC-1637,pdf,data/raw/CODEFEST/F3_Dinamicas_Territoriales/RESDAL/pdfs/Atlas_2024/RESDAL_atlas-2024-esp.pdf
data/raw/CODEFEST/F3_Dinamicas_Territoriales/RESDAL/pdfs/Atlas_2024/RESDAL_esp-lospaises.pdf,.pdf,188.4,raw,DOC-1638,pdf,data/raw/CODEFEST/F3_Dinamicas_Territoriales/RESDAL/pdfs/Atlas_2024/RESDAL_esp-lospaises.pdf
data/raw/CODEFEST/F3_Dinamicas_Territoriales/RESDAL/pdfs/Atlas_2024/RESDAL_mpys-01-culturaorganizacional.pdf,.pdf,3362.1,raw,DOC-1639,pdf,data/raw/CODEFEST/F3_Dinamicas_Territoriales/RESDAL/pdfs/Atlas_2024/RESDAL_mpys-01-culturaorganizacional.pdf
data/raw/CODEFEST/F3_Dinamicas_Territoriales/RESDAL/pdfs/Atlas_Anteriores/RESDAL_atlas-2005-esp.pdf,.pdf,10951.7,raw,DOC-1640,pdf,data/raw/CODEFEST/F3_Dinamicas_Territoriales/RESDAL/pdfs/Atlas_Anteriores/RESDAL_atlas-2005-esp.pdf
data/raw/CODEFEST/F3_Dinamicas_Territoriales/RESDAL/pdfs/Atlas_Anteriores/RESDAL_atlas-2012-ing-completo.pdf,.pdf,37994.3,raw,DOC-1641,pdf,data/raw/CODEFEST/F3_Dinamicas_Territoriales/RESDAL/pdfs/Atlas_Anteriores/RESDAL_atlas-2012-ing-completo.pdf
data/raw/CODEFEST/F3_Dinamicas_Territoriales/RESDAL/pdfs/Atlas_Anteriores/RESDAL_atlas-completo-2.pdf,.pdf,11422.9,raw,DOC-1642,pdf,data/raw/CODEFEST/F3_Dinamicas_Territoriales/RESDAL/pdfs/Atlas_Anteriores/RESDAL_atlas-completo-2.pdf
data/raw/CODEFEST/F3_Dinamicas_Territoriales/RESDAL/pdfs/Atlas_Anteriores/RESDAL_atlas-completo.pdf,.pdf,11272.6,raw,DOC-1643,pdf,data/raw/CODEFEST/F3_Dinamicas_Territoriales/RESDAL/pdfs/Atlas_Anteriores/RESDAL_atlas-completo.pdf
data/raw/CODEFEST/F3_Dinamicas_Territoriales/RESDAL/pdfs/Atlas_Anteriores/RESDAL_atlas-completo2010-ingles.pdf,.pdf,21668.2,raw,DOC-1644,pdf,data/raw/CODEFEST/F3_Dinamicas_Territoriales/RESDAL/pdfs/Atlas_Anteriores/RESDAL_atlas-completo2010-ingles.pdf
data/raw/CODEFEST/F3_Dinamicas_Territoriales/RESDAL/pdfs/Publicaciones/RESDAL_acoso-y-ab-sex-en-instituciones-de-defensa.pdf,.pdf,4193.5,raw,DOC-1645,pdf,data/raw/CODEFEST/F3_Dinamicas_Territoriales/RESDAL/pdfs/Publicaciones/RESDAL_acoso-y-ab-sex-en-instituciones-de-defensa.pdf
data/raw/CODEFEST/F3_Dinamicas_Territoriales/RESDAL/pdfs/Publicaciones/RESDAL_boletin-covid-3-esp.pdf,.pdf,3146.0,raw,DOC-1646,pdf,data/raw/CODEFEST/F3_Dinamicas_Territoriales/RESDAL/pdfs/Publicaciones/RESDAL_boletin-covid-3-esp.pdf
data/raw/CODEFEST/F3_Dinamicas_Territoriales/RESDAL/pdfs/Publicaciones/RESDAL_boletincovidi.pdf,.pdf,1334.5,raw,DOC-1647,pdf,data/raw/CODEFEST/F3_Dinamicas_Territoriales/RESDAL/pdfs/Publicaciones/RESDAL_boletincovidi.pdf
data/raw/CODEFEST/F3_Dinamicas_Territoriales/RESDAL/pdfs/Publicaciones/RESDAL_collaborative-research-report-2021-13828.pdf,.pdf,1278.5,raw,DOC-1648,pdf,data/raw/CODEFEST/F3_Dinamicas_Territoriales/RESDAL/pdfs/Publicaciones/RESDAL_collaborative-research-report-2021-13828.pdf
data/raw/CODEFEST/F3_Dinamicas_Territoriales/RESDAL/pdfs/Publicaciones/RESDAL_contemplating-trends-for-2023-in-security-and-democracy-a-cross-regional-collaboration-wit.pdf,.pdf,2378.2,raw,DOC-1649,pdf,data/raw/CODEFEST/F3_Dinamicas_Territoriales/RESDAL/pdfs/Publicaciones/RESDAL_contemplating-trends-for-2023-in-security-and-democracy-a-cross-regional-collaboration-wit.pdf
data/raw/CODEFEST/F3_Dinamicas_Territoriales/RESDAL/pdfs/Publicaciones/RESDAL_newsletter-covid-n2-eng-final.pdf,.pdf,5753.1,raw,DOC-1650,pdf,data/raw/CODEFEST/F3_Dinamicas_Territoriales/RESDAL/pdfs/Publicaciones/RESDAL_newsletter-covid-n2-eng-final.pdf
data/raw/CODEFEST/F3_Dinamicas_Territoriales/RESDAL/pdfs/Publicaciones/RESDAL_policy-brief-mena-final.pdf,.pdf,689.5,raw,DOC-1651,pdf,data/raw/CODEFEST/F3_Dinamicas_Territoriales/RESDAL/pdfs/Publicaciones/RESDAL_policy-brief-mena-final.pdf
data/raw/CODEFEST/F3_Dinamicas_Territoriales/RESDAL/pdfs/Publicaciones/RESDAL_uruguay-elsie-barrier-version-final.pdf,.pdf,2872.3,raw,DOC-1652,pdf,data/raw/CODEFEST/F3_Dinamicas_Territoriales/RESDAL/pdfs/Publicaciones/RESDAL_uruguay-elsie-barrier-version-final.pdf
data/raw/CODEFEST/F3_Dinamicas_Territoriales/RESDAL/pdfs/Publicaciones/RESDAL_uruguay-elsie-mowip-english-final-0.pdf,.pdf,2766.3,raw,DOC-1653,pdf,data/raw/CODEFEST/F3_Dinamicas_Territoriales/RESDAL/pdfs/Publicaciones/RESDAL_uruguay-elsie-mowip-english-final-0.pdf
data/raw/CODEFEST/F3_Dinamicas_Territoriales/RESDAL/resdal_atlas/2014_eng/RESDAL_2014-complete2.pdf,.pdf,51948.5,raw,DOC-1654,pdf,data/raw/CODEFEST/F3_Dinamicas_Territoriales/RESDAL/resdal_atlas/2014_eng/RESDAL_2014-complete2.pdf
data/raw/CODEFEST/F3_Dinamicas_Territoriales/RESDAL/resdal_atlas/2014_eng/RESDAL_atlas-2014-chapter-00-theregion2.pdf,.pdf,911.8,raw,DOC-1655,pdf,data/raw/CODEFEST/F3_Dinamicas_Territoriales/RESDAL/resdal_atlas/2014_eng/RESDAL_atlas-2014-chapter-00-theregion2.pdf
data/raw/CODEFEST/F3_Dinamicas_Territoriales/RESDAL/resdal_atlas/2014_eng/RESDAL_atlas-2014-chapter-000-presentation2.pdf,.pdf,120.8,raw,DOC-1656,pdf,data/raw/CODEFEST/F3_Dinamicas_Territoriales/RESDAL/resdal_atlas/2014_eng/RESDAL_atlas-2014-chapter-000-presentation2.pdf
data/raw/CODEFEST/F3_Dinamicas_Territoriales/RESDAL/resdal_atlas/2014_eng/RESDAL_atlas-2014-chapter-01-thelegalframework2.pdf,.pdf,366.8,raw,DOC-1657,pdf,data/raw/CODEFEST/F3_Dinamicas_Territoriales/RESDAL/resdal_atlas/2014_eng/RESDAL_atlas-2014-chapter-01-thelegalframework2.pdf
data/raw/CODEFEST/F3_Dinamicas_Territoriales/RESDAL/resdal_atlas/2014_eng/RESDAL_atlas-2014-chapter-02-theinstitutions2.pdf,.pdf,738.9,raw,DOC-1658,pdf,data/raw/CODEFEST/F3_Dinamicas_Territoriales/RESDAL/resdal_atlas/2014_eng/RESDAL_atlas-2014-chapter-02-theinstitutions2.pdf
data/raw/CODEFEST/F3_Dinamicas_Territoriales/RESDAL/resdal_atlas/2014_eng/RESDAL_atlas-2014-chapter-03-thebudgets2.pdf,.pdf,147.3,raw,DOC-1659,pdf,data/raw/CODEFEST/F3_Dinamicas_Territoriales/RESDAL/resdal_atlas/2014_eng/RESDAL_atlas-2014-chapter-03-thebudgets2.pdf
data/raw/CODEFEST/F3_Dinamicas_Territoriales/RESDAL/resdal_atlas/2014_eng/RESDAL_atlas-2014-chapter-04-politicaldefinitions2.pdf,.pdf,1018.9,raw,DOC-1660,pdf,data/raw/CODEFEST/F3_Dinamicas_Territoriales/RESDAL/resdal_atlas/2014_eng/RESDAL_atlas-2014-chapter-04-politicaldefinitions2.pdf
data/raw/CODEFEST/F3_Dinamicas_Territoriales/RESDAL/resdal_atlas/2014_eng/RESDAL_atlas-2014-chapter-05-hemisphericrelations2.pdf,.pdf,2384.3,raw,DOC-1661,pdf,data/raw/CODEFEST/F3_Dinamicas_Territoriales/RESDAL/resdal_atlas/2014_eng/RESDAL_atlas-2014-chapter-05-hemisphericrelations2.pdf
data/raw/CODEFEST/F3_Dinamicas_Territoriales/RESDAL/resdal_atlas/2014_eng/RESDAL_atlas-2014-chapter-06-education2.pdf,.pdf,657.5,raw,DOC-1662,pdf,data/raw/CODEFEST/F3_Dinamicas_Territoriales/RESDAL/resdal_atlas/2014_eng/RESDAL_atlas-2014-chapter-06-education2.pdf
data/raw/CODEFEST/F3_Dinamicas_Territoriales/RESDAL/resdal_atlas/2014_eng/RESDAL_atlas-2014-chapter-07-thearmedforces2.pdf,.pdf,1102.3,raw,DOC-1663,pdf,data/raw/CODEFEST/F3_Dinamicas_Territoriales/RESDAL/resdal_atlas/2014_eng/RESDAL_atlas-2014-chapter-07-thearmedforces2.pdf
data/raw/CODEFEST/F3_Dinamicas_Territoriales/RESDAL/resdal_atlas/2014_eng/RESDAL_atlas-2014-chapter-08-defenceandnationalandinternationalcommunity22.pdf,.pdf,3844.6,raw,DOC-1664,pdf,data/raw/CODEFEST/F3_Dinamicas_Territoriales/RESDAL/resdal_atlas/2014_eng/RESDAL_atlas-2014-chapter-08-defenceandnationalandinternationalcommunity22.pdf
data/raw/CODEFEST/F3_Dinamicas_Territoriales/RESDAL/resdal_atlas/2014_eng/RESDAL_atlas-2014-chapter-09-specialsection-thecaribbean2.pdf,.pdf,3750.2,raw,DOC-1665,pdf,data/raw/CODEFEST/F3_Dinamicas_Territoriales/RESDAL/resdal_atlas/2014_eng/RESDAL_atlas-2014-chapter-09-specialsection-thecaribbean2.pdf
data/raw/CODEFEST/F3_Dinamicas_Territoriales/RESDAL/resdal_atlas/2014_eng/RESDAL_atlas-2014-chapter-10-thecasesofcostaricahaitiandpanama22.pdf,.pdf,3402.1,raw,DOC-1666,pdf,data/raw/CODEFEST/F3_Dinamicas_Territoriales/RESDAL/resdal_atlas/2014_eng/RESDAL_atlas-2014-chapter-10-thecasesofcostaricahaitiandpanama22.pdf
data/raw/CODEFEST/F3_Dinamicas_Territoriales/RESDAL/resdal_atlas/2014_eng/RESDAL_atlas-2014-chapter-11-argentina2.pdf,.pdf,1791.0,raw,DOC-1667,pdf,data/raw/CODEFEST/F3_Dinamicas_Territoriales/RESDAL/resdal_atlas/2014_eng/RESDAL_atlas-2014-chapter-11-argentina2.pdf
data/raw/CODEFEST/F3_Dinamicas_Territoriales/RESDAL/resdal_atlas/2014_eng/RESDAL_atlas-2014-chapter-12-bolivia2.pdf,.pdf,2009.0,raw,DOC-1668,pdf,data/raw/CODEFEST/F3_Dinamicas_Territoriales/RESDAL/resdal_atlas/2014_eng/RESDAL_atlas-2014-chapter-12-bolivia2.pdf
data/raw/CODEFEST/F3_Dinamicas_Territoriales/RESDAL/resdal_atlas/2014_eng/RESDAL_atlas-2014-chapter-13-brazil2.pdf,.pdf,3094.7,raw,DOC-1669,pdf,data/raw/CODEFEST/F3_Dinamicas_Territoriales/RESDAL/resdal_atlas/2014_eng/RESDAL_atlas-2014-chapter-13-brazil2.pdf
data/raw/CODEFEST/F3_Dinamicas_Territoriales/RESDAL/resdal_atlas/2014_eng/RESDAL_atlas-2014-chapter-14-chile2.pdf,.pdf,1417.7,raw,DOC-1670,pdf,data/raw/CODEFEST/F3_Dinamicas_Territoriales/RESDAL/resdal_atlas/2014_eng/RESDAL_atlas-2014-chapter-14-chile2.pdf
data/raw/CODEFEST/F3_Dinamicas_Territoriales/RESDAL/resdal_atlas/2014_eng/RESDAL_atlas-2014-chapter-15-colombia2.pdf,.pdf,1593.2,raw,DOC-1671,pdf,data/raw/CODEFEST/F3_Dinamicas_Territoriales/RESDAL/resdal_atlas/2014_eng/RESDAL_atlas-2014-chapter-15-colombia2.pdf
data/raw/CODEFEST/F3_Dinamicas_Territoriales/RESDAL/resdal_atlas/2014_eng/RESDAL_atlas-2014-chapter-16-cuba22.pdf,.pdf,1538.0,raw,DOC-1672,pdf,data/raw/CODEFEST/F3_Dinamicas_Territoriales/RESDAL/resdal_atlas/2014_eng/RESDAL_atlas-2014-chapter-16-cuba22.pdf
data/raw/CODEFEST/F3_Dinamicas_Territoriales/RESDAL/resdal_atlas/2014_eng/RESDAL_atlas-2014-chapter-17-dominicanrepublic2.pdf,.pdf,1597.3,raw,DOC-1673,pdf,data/raw/CODEFEST/F3_Dinamicas_Territoriales/RESDAL/resdal_atlas/2014_eng/RESDAL_atlas-2014-chapter-17-dominicanrepublic2.pdf
data/raw/CODEFEST/F3_Dinamicas_Territoriales/RESDAL/resdal_atlas/2014_eng/RESDAL_atlas-2014-chapter-18-ecuador2.pdf,.pdf,1112.6,raw,DOC-1674,pdf,data/raw/CODEFEST/F3_Dinamicas_Territoriales/RESDAL/resdal_atlas/2014_eng/RESDAL_atlas-2014-chapter-18-ecuador2.pdf
data/raw/CODEFEST/F3_Dinamicas_Territoriales/RESDAL/resdal_atlas/2014_eng/RESDAL_atlas-2014-chapter-19-el-salvador2.pdf,.pdf,1690.0,raw,DOC-1675,pdf,data/raw/CODEFEST/F3_Dinamicas_Territoriales/RESDAL/resdal_atlas/2014_eng/RESDAL_atlas-2014-chapter-19-el-salvador2.pdf
data/raw/CODEFEST/F3_Dinamicas_Territoriales/RESDAL/resdal_atlas/2014_eng/RESDAL_atlas-2014-chapter-20-guatemala2.pdf,.pdf,2084.9,raw,DOC-1676,pdf,data/raw/CODEFEST/F3_Dinamicas_Territoriales/RESDAL/resdal_atlas/2014_eng/RESDAL_atlas-2014-chapter-20-guatemala2.pdf
data/raw/CODEFEST/F3_Dinamicas_Territoriales/RESDAL/resdal_atlas/2014_eng/RESDAL_atlas-2014-chapter-21-honduras2.pdf,.pdf,2226.8,raw,DOC-1677,pdf,data/raw/CODEFEST/F3_Dinamicas_Territoriales/RESDAL/resdal_atlas/2014_eng/RESDAL_atlas-2014-chapter-21-honduras2.pdf
data/raw/CODEFEST/F3_Dinamicas_Territoriales/RESDAL/resdal_atlas/2014_eng/RESDAL_atlas-2014-chapter-22-mexico2.pdf,.pdf,2175.6,raw,DOC-1678,pdf,data/raw/CODEFEST/F3_Dinamicas_Territoriales/RESDAL/resdal_atlas/2014_eng/RESDAL_atlas-2014-chapter-22-mexico2.pdf
data/raw/CODEFEST/F3_Dinamicas_Territoriales/RESDAL/resdal_atlas/2014_eng/RESDAL_atlas-2014-chapter-23-nicaragua2.pdf,.pdf,1305.2,raw,DOC-1679,pdf,data/raw/CODEFEST/F3_Dinamicas_Territoriales/RESDAL/resdal_atlas/2014_eng/RESDAL_atlas-2014-chapter-23-nicaragua2.pdf
data/raw/CODEFEST/F3_Dinamicas_Territoriales/RESDAL/resdal_atlas/2014_eng/RESDAL_atlas-2014-chapter-24-paraguay2.pdf,.pdf,1775.4,raw,DOC-1680,pdf,data/raw/CODEFEST/F3_Dinamicas_Territoriales/RESDAL/resdal_atlas/2014_eng/RESDAL_atlas-2014-chapter-24-paraguay2.pdf
data/raw/CODEFEST/F3_Dinamicas_Territoriales/RESDAL/resdal_atlas/2014_eng/RESDAL_atlas-2014-chapter-25-peru2.pdf,.pdf,2037.9,raw,DOC-1681,pdf,data/raw/CODEFEST/F3_Dinamicas_Territoriales/RESDAL/resdal_atlas/2014_eng/RESDAL_atlas-2014-chapter-25-peru2.pdf
data/raw/CODEFEST/F3_Dinamicas_Territoriales/RESDAL/resdal_atlas/2014_eng/RESDAL_atlas-2014-chapter-26-uruguay2.pdf,.pdf,1388.1,raw,DOC-1682,pdf,data/raw/CODEFEST/F3_Dinamicas_Territoriales/RESDAL/resdal_atlas/2014_eng/RESDAL_atlas-2014-chapter-26-uruguay2.pdf
data/raw/CODEFEST/F3_Dinamicas_Territoriales/RESDAL/resdal_atlas/2014_eng/RESDAL_atlas-2014-chapter-27-venezuela22.pdf,.pdf,1459.5,raw,DOC-1683,pdf,data/raw/CODEFEST/F3_Dinamicas_Territoriales/RESDAL/resdal_atlas/2014_eng/RESDAL_atlas-2014-chapter-27-venezuela22.pdf
data/raw/CODEFEST/F3_Dinamicas_Territoriales/RESDAL/resdal_atlas/2016_eng/RESDAL_atlas-2016-ing-0.pdf,.pdf,1445.3,raw,DOC-1684,pdf,data/raw/CODEFEST/F3_Dinamicas_Territoriales/RESDAL/resdal_atlas/2016_eng/RESDAL_atlas-2016-ing-0.pdf
data/raw/CODEFEST/F3_Dinamicas_Territoriales/RESDAL/resdal_atlas/2016_eng/RESDAL_atlas-2016-ing-00.pdf,.pdf,690.5,raw,DOC-1685,pdf,data/raw/CODEFEST/F3_Dinamicas_Territoriales/RESDAL/resdal_atlas/2016_eng/RESDAL_atlas-2016-ing-00.pdf
data/raw/CODEFEST/F3_Dinamicas_Territoriales/RESDAL/resdal_atlas/2016_eng/RESDAL_atlas-2016-ing-01.pdf,.pdf,1743.6,raw,DOC-1686,pdf,data/raw/CODEFEST/F3_Dinamicas_Territoriales/RESDAL/resdal_atlas/2016_eng/RESDAL_atlas-2016-ing-01.pdf
data/raw/CODEFEST/F3_Dinamicas_Territoriales/RESDAL/resdal_atlas/2016_eng/RESDAL_atlas-2016-ing-02.pdf,.pdf,1006.4,raw,DOC-1687,pdf,data/raw/CODEFEST/F3_Dinamicas_Territoriales/RESDAL/resdal_atlas/2016_eng/RESDAL_atlas-2016-ing-02.pdf
data/raw/CODEFEST/F3_Dinamicas_Territoriales/RESDAL/resdal_atlas/2016_eng/RESDAL_atlas-2016-ing-03.pdf,.pdf,664.7,raw,DOC-1688,pdf,data/raw/CODEFEST/F3_Dinamicas_Territoriales/RESDAL/resdal_atlas/2016_eng/RESDAL_atlas-2016-ing-03.pdf
data/raw/CODEFEST/F3_Dinamicas_Territoriales/RESDAL/resdal_atlas/2016_eng/RESDAL_atlas-2016-ing-04.pdf,.pdf,1335.1,raw,DOC-1689,pdf,data/raw/CODEFEST/F3_Dinamicas_Territoriales/RESDAL/resdal_atlas/2016_eng/RESDAL_atlas-2016-ing-04.pdf
data/raw/CODEFEST/F3_Dinamicas_Territoriales/RESDAL/resdal_atlas/2016_eng/RESDAL_atlas-2016-ing-05.pdf,.pdf,2167.8,raw,DOC-1690,pdf,data/raw/CODEFEST/F3_Dinamicas_Territoriales/RESDAL/resdal_atlas/2016_eng/RESDAL_atlas-2016-ing-05.pdf
data/raw/CODEFEST/F3_Dinamicas_Territoriales/RESDAL/resdal_atlas/2016_eng/RESDAL_atlas-2016-ing-06.pdf,.pdf,782.2,raw,DOC-1691,pdf,data/raw/CODEFEST/F3_Dinamicas_Territoriales/RESDAL/resdal_atlas/2016_eng/RESDAL_atlas-2016-ing-06.pdf
data/raw/CODEFEST/F3_Dinamicas_Territoriales/RESDAL/resdal_atlas/2016_eng/RESDAL_atlas-2016-ing-07.pdf,.pdf,4632.3,raw,DOC-1692,pdf,data/raw/CODEFEST/F3_Dinamicas_Territoriales/RESDAL/resdal_atlas/2016_eng/RESDAL_atlas-2016-ing-07.pdf
data/raw/CODEFEST/F3_Dinamicas_Territoriales/RESDAL/resdal_atlas/2016_eng/RESDAL_atlas-2016-ing-08.pdf,.pdf,6605.1,raw,DOC-1693,pdf,data/raw/CODEFEST/F3_Dinamicas_Territoriales/RESDAL/resdal_atlas/2016_eng/RESDAL_atlas-2016-ing-08.pdf
data/raw/CODEFEST/F3_Dinamicas_Territoriales/RESDAL/resdal_atlas/2016_eng/RESDAL_atlas-2016-ing-09.pdf,.pdf,4667.5,raw,DOC-1694,pdf,data/raw/CODEFEST/F3_Dinamicas_Territoriales/RESDAL/resdal_atlas/2016_eng/RESDAL_atlas-2016-ing-09.pdf
data/raw/CODEFEST/F3_Dinamicas_Territoriales/RESDAL/resdal_atlas/2016_eng/RESDAL_atlas-2016-ing-10.pdf,.pdf,1858.4,raw,DOC-1695,pdf,data/raw/CODEFEST/F3_Dinamicas_Territoriales/RESDAL/resdal_atlas/2016_eng/RESDAL_atlas-2016-ing-10.pdf
data/raw/CODEFEST/F3_Dinamicas_Territoriales/RESDAL/resdal_atlas/2016_eng/RESDAL_atlas-2016-ing-11.pdf,.pdf,2026.7,raw,DOC-1696,pdf,data/raw/CODEFEST/F3_Dinamicas_Territoriales/RESDAL/resdal_atlas/2016_eng/RESDAL_atlas-2016-ing-11.pdf
data/raw/CODEFEST/F3_Dinamicas_Territoriales/RESDAL/resdal_atlas/2016_eng/RESDAL_atlas-2016-ing-12.pdf,.pdf,3667.6,raw,DOC-1697,pdf,data/raw/CODEFEST/F3_Dinamicas_Territoriales/RESDAL/resdal_atlas/2016_eng/RESDAL_atlas-2016-ing-12.pdf
data/raw/CODEFEST/F3_Dinamicas_Territoriales/RESDAL/resdal_atlas/2016_eng/RESDAL_atlas-2016-ing-13.pdf,.pdf,2777.7,raw,DOC-1698,pdf,data/raw/CODEFEST/F3_Dinamicas_Territoriales/RESDAL/resdal_atlas/2016_eng/RESDAL_atlas-2016-ing-13.pdf
data/raw/CODEFEST/F3_Dinamicas_Territoriales/RESDAL/resdal_atlas/2016_eng/RESDAL_atlas-2016-ing-14.pdf,.pdf,1509.2,raw,DOC-1699,pdf,data/raw/CODEFEST/F3_Dinamicas_Territoriales/RESDAL/resdal_atlas/2016_eng/RESDAL_atlas-2016-ing-14.pdf
data/raw/CODEFEST/F3_Dinamicas_Territoriales/RESDAL/resdal_atlas/2016_eng/RESDAL_atlas-2016-ing-15.pdf,.pdf,2008.5,raw,DOC-1700,pdf,data/raw/CODEFEST/F3_Dinamicas_Territoriales/RESDAL/resdal_atlas/2016_eng/RESDAL_atlas-2016-ing-15.pdf
data/raw/CODEFEST/F3_Dinamicas_Territoriales/RESDAL/resdal_atlas/2016_eng/RESDAL_atlas-2016-ing-16.pdf,.pdf,1798.4,raw,DOC-1701,pdf,data/raw/CODEFEST/F3_Dinamicas_Territoriales/RESDAL/resdal_atlas/2016_eng/RESDAL_atlas-2016-ing-16.pdf
data/raw/CODEFEST/F3_Dinamicas_Territoriales/RESDAL/resdal_atlas/2016_eng/RESDAL_atlas-2016-ing-17.pdf,.pdf,1798.3,raw,DOC-1702,pdf,data/raw/CODEFEST/F3_Dinamicas_Territoriales/RESDAL/resdal_atlas/2016_eng/RESDAL_atlas-2016-ing-17.pdf
data/raw/CODEFEST/F3_Dinamicas_Territoriales/RESDAL/resdal_atlas/2016_eng/RESDAL_atlas-2016-ing-18.pdf,.pdf,1895.0,raw,DOC-1703,pdf,data/raw/CODEFEST/F3_Dinamicas_Territoriales/RESDAL/resdal_atlas/2016_eng/RESDAL_atlas-2016-ing-18.pdf
data/raw/CODEFEST/F3_Dinamicas_Territoriales/RESDAL/resdal_atlas/2016_eng/RESDAL_atlas-2016-ing-19.pdf,.pdf,1920.1,raw,DOC-1704,pdf,data/raw/CODEFEST/F3_Dinamicas_Territoriales/RESDAL/resdal_atlas/2016_eng/RESDAL_atlas-2016-ing-19.pdf
data/raw/CODEFEST/F3_Dinamicas_Territoriales/RESDAL/resdal_atlas/2016_eng/RESDAL_atlas-2016-ing-20.pdf,.pdf,2560.5,raw,DOC-1705,pdf,data/raw/CODEFEST/F3_Dinamicas_Territoriales/RESDAL/resdal_atlas/2016_eng/RESDAL_atlas-2016-ing-20.pdf
data/raw/CODEFEST/F3_Dinamicas_Territoriales/RESDAL/resdal_atlas/2016_eng/RESDAL_atlas-2016-ing-21.pdf,.pdf,4197.8,raw,DOC-1706,pdf,data/raw/CODEFEST/F3_Dinamicas_Territoriales/RESDAL/resdal_atlas/2016_eng/RESDAL_atlas-2016-ing-21.pdf
data/raw/CODEFEST/F3_Dinamicas_Territoriales/RESDAL/resdal_atlas/2016_eng/RESDAL_atlas-2016-ing-22.pdf,.pdf,1465.6,raw,DOC-1707,pdf,data/raw/CODEFEST/F3_Dinamicas_Territoriales/RESDAL/resdal_atlas/2016_eng/RESDAL_atlas-2016-ing-22.pdf
data/raw/CODEFEST/F3_Dinamicas_Territoriales/RESDAL/resdal_atlas/2016_eng/RESDAL_atlas-2016-ing-23.pdf,.pdf,1380.0,raw,DOC-1708,pdf,data/raw/CODEFEST/F3_Dinamicas_Territoriales/RESDAL/resdal_atlas/2016_eng/RESDAL_atlas-2016-ing-23.pdf
data/raw/CODEFEST/F3_Dinamicas_Territoriales/RESDAL/resdal_atlas/2016_eng/RESDAL_atlas-2016-ing-24.pdf,.pdf,1120.9,raw,DOC-1709,pdf,data/raw/CODEFEST/F3_Dinamicas_Territoriales/RESDAL/resdal_atlas/2016_eng/RESDAL_atlas-2016-ing-24.pdf
data/raw/CODEFEST/F3_Dinamicas_Territoriales/RESDAL/resdal_atlas/2016_eng/RESDAL_atlas-2016-ing-25.pdf,.pdf,1669.7,raw,DOC-1710,pdf,data/raw/CODEFEST/F3_Dinamicas_Territoriales/RESDAL/resdal_atlas/2016_eng/RESDAL_atlas-2016-ing-25.pdf
data/raw/CODEFEST/F3_Dinamicas_Territoriales/RESDAL/resdal_atlas/2016_eng/RESDAL_atlas-2016-ing-26.pdf,.pdf,1836.3,raw,DOC-1711,pdf,data/raw/CODEFEST/F3_Dinamicas_Territoriales/RESDAL/resdal_atlas/2016_eng/RESDAL_atlas-2016-ing-26.pdf
data/raw/CODEFEST/F3_Dinamicas_Territoriales/RESDAL/resdal_atlas/2016_eng/RESDAL_atlas-2016-ing-completo.pdf,.pdf,44812.8,raw,DOC-1712,pdf,data/raw/CODEFEST/F3_Dinamicas_Territoriales/RESDAL/resdal_atlas/2016_eng/RESDAL_atlas-2016-ing-completo.pdf
data/raw/CODEFEST/F3_Dinamicas_Territoriales/RESDAL/resdal_atlas/RESDAL_catalog-2.csv,.csv,19.6,raw,DOC-1713,csv,data/raw/CODEFEST/F3_Dinamicas_Territoriales/RESDAL/resdal_atlas/RESDAL_catalog-2.csv
data/raw/CODEFEST/F3_Dinamicas_Territoriales/RESDAL/resdal_atlas/RESDAL_catalog-2.json,.json,40.5,raw,DOC-1714,json,data/raw/CODEFEST/F3_Dinamicas_Territoriales/RESDAL/resdal_atlas/RESDAL_catalog-2.json
data/raw/CODEFEST/F3_Dinamicas_Territoriales/RESDAL/resdal_catalogo.json,.json,10.0,raw,DOC-1715,json,data/raw/CODEFEST/F3_Dinamicas_Territoriales/RESDAL/resdal_catalogo.json
data/raw/CODEFEST/F3_Dinamicas_Territoriales/RESDAL/resdal_registro.json,.json,9.3,raw,DOC-1716,json,data/raw/CODEFEST/F3_Dinamicas_Territoriales/RESDAL/resdal_registro.json
data/raw/CODEFEST/F3_Dinamicas_Territoriales/SIPRI/articulos/SIPRI_2024-11-07-military-and-security-dimensions-quantum-technologies-primer.json,.json,5.8,raw,DOC-1717,json,data/raw/CODEFEST/F3_Dinamicas_Territoriales/SIPRI/articulos/SIPRI_2024-11-07-military-and-security-dimensions-quantum-technologies-primer.json
data/raw/CODEFEST/F3_Dinamicas_Territoriales/SIPRI/articulos/SIPRI_2025-05-13-lasting-solutions-fragility-depend-peacebuilding.json,.json,3.3,raw,DOC-1718,json,data/raw/CODEFEST/F3_Dinamicas_Territoriales/SIPRI/articulos/SIPRI_2025-05-13-lasting-solutions-fragility-depend-peacebuilding.json
data/raw/CODEFEST/F3_Dinamicas_Territoriales/SIPRI/articulos/SIPRI_2025-06-24-export-controls-and-spyware-enhancing-oversight-transparency-and-restraint.json,.json,5.7,raw,DOC-1719,json,data/raw/CODEFEST/F3_Dinamicas_Territoriales/SIPRI/articulos/SIPRI_2025-06-24-export-controls-and-spyware-enhancing-oversight-transparency-and-restraint.json
data/raw/CODEFEST/F3_Dinamicas_Territoriales/SIPRI/articulos/SIPRI_2025-06-27-calibrating-deterrence-disruptors-strategic-stability-natos-new-northern-flank.json,.json,4.2,raw,DOC-1720,json,data/raw/CODEFEST/F3_Dinamicas_Territoriales/SIPRI/articulos/SIPRI_2025-06-27-calibrating-deterrence-disruptors-strategic-stability-natos-new-northern-flank.json
data/raw/CODEFEST/F3_Dinamicas_Territoriales/SIPRI/articulos/SIPRI_2025-10-02-decade-youth-peace-and-security-fostering-intergenerational-action-climate-peac.json,.json,4.2,raw,DOC-1721,json,data/raw/CODEFEST/F3_Dinamicas_Territoriales/SIPRI/articulos/SIPRI_2025-10-02-decade-youth-peace-and-security-fostering-intergenerational-action-climate-peac.json
data/raw/CODEFEST/F3_Dinamicas_Territoriales/SIPRI/articulos/SIPRI_2025-12-01-sipri-top-100-arms-producing-and-military-services-companies-2024.json,.json,3.6,raw,DOC-1722,json,data/raw/CODEFEST/F3_Dinamicas_Territoriales/SIPRI/articulos/SIPRI_2025-12-01-sipri-top-100-arms-producing-and-military-services-companies-2024.json
data/raw/CODEFEST/F3_Dinamicas_Territoriales/SIPRI/articulos/SIPRI_2025-12-01-use-cases-emerging-technologies-strengthen-export-controls-biological-items.json,.json,4.6,raw,DOC-1723,json,data/raw/CODEFEST/F3_Dinamicas_Territoriales/SIPRI/articulos/SIPRI_2025-12-01-use-cases-emerging-technologies-strengthen-export-controls-biological-items.json
data/raw/CODEFEST/F3_Dinamicas_Territoriales/SIPRI/articulos/SIPRI_2025-12-01-use-cases-emerging-technologies-strengthen-high-containment-laboratory-governan.json,.json,4.7,raw,DOC-1724,json,data/raw/CODEFEST/F3_Dinamicas_Territoriales/SIPRI/articulos/SIPRI_2025-12-01-use-cases-emerging-technologies-strengthen-high-containment-laboratory-governan.json
data/raw/CODEFEST/F3_Dinamicas_Territoriales/SIPRI/articulos/SIPRI_2025-addressing-risks-civilian-ai-poses-international-peace-and-security-role-responsible-.json,.json,3.9,raw,DOC-1725,json,data/raw/CODEFEST/F3_Dinamicas_Territoriales/SIPRI/articulos/SIPRI_2025-addressing-risks-civilian-ai-poses-international-peace-and-security-role-responsible-.json
data/raw/CODEFEST/F3_Dinamicas_Territoriales/SIPRI/articulos/SIPRI_2025-autonomous-weapon-systems-and-ai-enabled-decision-support-systems-military-targeting-.json,.json,2.1,raw,DOC-1726,json,data/raw/CODEFEST/F3_Dinamicas_Territoriales/SIPRI/articulos/SIPRI_2025-autonomous-weapon-systems-and-ai-enabled-decision-support-systems-military-targeting-.json
data/raw/CODEFEST/F3_Dinamicas_Territoriales/SIPRI/articulos/SIPRI_2025-bias-military-artificial-intelligence-and-compliance-international-humanitarian-law.json,.json,4.7,raw,DOC-1727,json,data/raw/CODEFEST/F3_Dinamicas_Territoriales/SIPRI/articulos/SIPRI_2025-bias-military-artificial-intelligence-and-compliance-international-humanitarian-law.json
data/raw/CODEFEST/F3_Dinamicas_Territoriales/SIPRI/articulos/SIPRI_2025-climate-change-human-mobility-and-security.json,.json,3.8,raw,DOC-1728,json,data/raw/CODEFEST/F3_Dinamicas_Territoriales/SIPRI/articulos/SIPRI_2025-climate-change-human-mobility-and-security.json
data/raw/CODEFEST/F3_Dinamicas_Territoriales/SIPRI/articulos/SIPRI_2025-climate-peace-and-security-fact-sheet-abyei-2025.json,.json,4.5,raw,DOC-1729,json,data/raw/CODEFEST/F3_Dinamicas_Territoriales/SIPRI/articulos/SIPRI_2025-climate-peace-and-security-fact-sheet-abyei-2025.json
data/raw/CODEFEST/F3_Dinamicas_Territoriales/SIPRI/articulos/SIPRI_2025-climate-peace-and-security-fact-sheet-haiti-2025.json,.json,4.2,raw,DOC-1730,json,data/raw/CODEFEST/F3_Dinamicas_Territoriales/SIPRI/articulos/SIPRI_2025-climate-peace-and-security-fact-sheet-haiti-2025.json
data/raw/CODEFEST/F3_Dinamicas_Territoriales/SIPRI/articulos/SIPRI_2025-climate-peace-and-security-thematic-fact-sheet-women-peace-and-security.json,.json,4.3,raw,DOC-1731,json,data/raw/CODEFEST/F3_Dinamicas_Territoriales/SIPRI/articulos/SIPRI_2025-climate-peace-and-security-thematic-fact-sheet-women-peace-and-security.json
data/raw/CODEFEST/F3_Dinamicas_Territoriales/SIPRI/articulos/SIPRI_2025-climate-resilient-investment-fragile-and-conflict-affected-situations-opportunities-b.json,.json,5.5,raw,DOC-1732,json,data/raw/CODEFEST/F3_Dinamicas_Territoriales/SIPRI/articulos/SIPRI_2025-climate-resilient-investment-fragile-and-conflict-affected-situations-opportunities-b.json
data/raw/CODEFEST/F3_Dinamicas_Territoriales/SIPRI/articulos/SIPRI_2025-impact-conflict-and-displacement-sudanese-refugee-women-eastern-chad.json,.json,6.6,raw,DOC-1733,json,data/raw/CODEFEST/F3_Dinamicas_Territoriales/SIPRI/articulos/SIPRI_2025-impact-conflict-and-displacement-sudanese-refugee-women-eastern-chad.json
data/raw/CODEFEST/F3_Dinamicas_Territoriales/SIPRI/articulos/SIPRI_2025-map-practices-autopractices.json,.json,4.4,raw,DOC-1734,json,data/raw/CODEFEST/F3_Dinamicas_Territoriales/SIPRI/articulos/SIPRI_2025-map-practices-autopractices.json
data/raw/CODEFEST/F3_Dinamicas_Territoriales/SIPRI/articulos/SIPRI_2025-militarization-technology-preventing-diversion-and-misuse-through-export-controls.json,.json,4.2,raw,DOC-1735,json,data/raw/CODEFEST/F3_Dinamicas_Territoriales/SIPRI/articulos/SIPRI_2025-militarization-technology-preventing-diversion-and-misuse-through-export-controls.json
data/raw/CODEFEST/F3_Dinamicas_Territoriales/SIPRI/articulos/SIPRI_2025-navigating-green-geopolitics-perils-and-promise-energy-transition-and-case-ukraine.json,.json,5.1,raw,DOC-1736,json,data/raw/CODEFEST/F3_Dinamicas_Territoriales/SIPRI/articulos/SIPRI_2025-navigating-green-geopolitics-perils-and-promise-energy-transition-and-case-ukraine.json
data/raw/CODEFEST/F3_Dinamicas_Territoriales/SIPRI/articulos/SIPRI_2025-pragmatic-approaches-governance-artificial-intelligence-nuclear-nexus.json,.json,4.0,raw,DOC-1737,json,data/raw/CODEFEST/F3_Dinamicas_Territoriales/SIPRI/articulos/SIPRI_2025-pragmatic-approaches-governance-artificial-intelligence-nuclear-nexus.json
data/raw/CODEFEST/F3_Dinamicas_Territoriales/SIPRI/articulos/SIPRI_2025-pursuing-peace-shoestring-conflict-management-increasingly-complex-world.json,.json,3.7,raw,DOC-1738,json,data/raw/CODEFEST/F3_Dinamicas_Territoriales/SIPRI/articulos/SIPRI_2025-pursuing-peace-shoestring-conflict-management-increasingly-complex-world.json
data/raw/CODEFEST/F3_Dinamicas_Territoriales/SIPRI/articulos/SIPRI_2025-rebalancing-military-spending-towards-achieving-sustainable-development.json,.json,4.8,raw,DOC-1739,json,data/raw/CODEFEST/F3_Dinamicas_Territoriales/SIPRI/articulos/SIPRI_2025-rebalancing-military-spending-towards-achieving-sustainable-development.json
data/raw/CODEFEST/F3_Dinamicas_Territoriales/SIPRI/articulos/SIPRI_2025-silos-synergies-partnering-social-cohesion-sahel.json,.json,4.6,raw,DOC-1740,json,data/raw/CODEFEST/F3_Dinamicas_Territoriales/SIPRI/articulos/SIPRI_2025-silos-synergies-partnering-social-cohesion-sahel.json
data/raw/CODEFEST/F3_Dinamicas_Territoriales/SIPRI/articulos/SIPRI_2025-strengthening-osces-climate-security-agenda.json,.json,2.1,raw,DOC-1741,json,data/raw/CODEFEST/F3_Dinamicas_Territoriales/SIPRI/articulos/SIPRI_2025-strengthening-osces-climate-security-agenda.json
data/raw/CODEFEST/F3_Dinamicas_Territoriales/SIPRI/articulos/SIPRI_2025-support-age-relapse-assisting-security-justice-and-inclusive-governance-restrictive-e.json,.json,3.8,raw,DOC-1742,json,data/raw/CODEFEST/F3_Dinamicas_Territoriales/SIPRI/articulos/SIPRI_2025-support-age-relapse-assisting-security-justice-and-inclusive-governance-restrictive-e.json
data/raw/CODEFEST/F3_Dinamicas_Territoriales/SIPRI/articulos/SIPRI_2025-towards-multilateral-policy-autonomous-weapon-systems.json,.json,4.2,raw,DOC-1743,json,data/raw/CODEFEST/F3_Dinamicas_Territoriales/SIPRI/articulos/SIPRI_2025-towards-multilateral-policy-autonomous-weapon-systems.json
data/raw/CODEFEST/F3_Dinamicas_Territoriales/SIPRI/articulos/SIPRI_2025-women-multilateral-peace-operations-2025-what-state-play.json,.json,7.0,raw,DOC-1744,json,data/raw/CODEFEST/F3_Dinamicas_Territoriales/SIPRI/articulos/SIPRI_2025-women-multilateral-peace-operations-2025-what-state-play.json
data/raw/CODEFEST/F3_Dinamicas_Territoriales/SIPRI/articulos/SIPRI_2026-03-09-trends-international-arms-transfers-2025.json,.json,4.5,raw,DOC-1745,json,data/raw/CODEFEST/F3_Dinamicas_Territoriales/SIPRI/articulos/SIPRI_2026-03-09-trends-international-arms-transfers-2025.json
data/raw/CODEFEST/F3_Dinamicas_Territoriales/SIPRI/articulos/SIPRI_2026-03-18-military-assistance-provided-eu-and-other-external-actors-eus-eastern-neighbour.json,.json,5.2,raw,DOC-1746,json,data/raw/CODEFEST/F3_Dinamicas_Territoriales/SIPRI/articulos/SIPRI_2026-03-18-military-assistance-provided-eu-and-other-external-actors-eus-eastern-neighbour.json
data/raw/CODEFEST/F3_Dinamicas_Territoriales/SIPRI/articulos/SIPRI_2026-03-18-military-assistance-provided-eu-and-other-external-actors-eus-southern-neighbou.json,.json,5.1,raw,DOC-1747,json,data/raw/CODEFEST/F3_Dinamicas_Territoriales/SIPRI/articulos/SIPRI_2026-03-18-military-assistance-provided-eu-and-other-external-actors-eus-southern-neighbou.json
data/raw/CODEFEST/F3_Dinamicas_Territoriales/SIPRI/articulos/SIPRI_2026-03-18-military-assistance-provided-eu-and-other-external-actors-west-africa-2010-25.json,.json,5.1,raw,DOC-1748,json,data/raw/CODEFEST/F3_Dinamicas_Territoriales/SIPRI/articulos/SIPRI_2026-03-18-military-assistance-provided-eu-and-other-external-actors-west-africa-2010-25.json
data/raw/CODEFEST/F3_Dinamicas_Territoriales/SIPRI/articulos/SIPRI_2026-04-27-trends-world-military-expenditure-2025.json,.json,4.9,raw,DOC-1749,json,data/raw/CODEFEST/F3_Dinamicas_Territoriales/SIPRI/articulos/SIPRI_2026-04-27-trends-world-military-expenditure-2025.json
data/raw/CODEFEST/F3_Dinamicas_Territoriales/SIPRI/articulos/SIPRI_2026-05-25-developments-and-trends-multilateral-peace-operations-2025.json,.json,2.4,raw,DOC-1750,json,data/raw/CODEFEST/F3_Dinamicas_Territoriales/SIPRI/articulos/SIPRI_2026-05-25-developments-and-trends-multilateral-peace-operations-2025.json
data/raw/CODEFEST/F3_Dinamicas_Territoriales/SIPRI/articulos/SIPRI_2026-addressing-multidomain-nuclear-escalation-risk.json,.json,4.3,raw,DOC-1751,json,data/raw/CODEFEST/F3_Dinamicas_Territoriales/SIPRI/articulos/SIPRI_2026-addressing-multidomain-nuclear-escalation-risk.json
data/raw/CODEFEST/F3_Dinamicas_Territoriales/SIPRI/articulos/SIPRI_2026-ai-chinese-indian-and-us-nuclear-postures-norms-and-systems.json,.json,4.1,raw,DOC-1752,json,data/raw/CODEFEST/F3_Dinamicas_Territoriales/SIPRI/articulos/SIPRI_2026-ai-chinese-indian-and-us-nuclear-postures-norms-and-systems.json
data/raw/CODEFEST/F3_Dinamicas_Territoriales/SIPRI/articulos/SIPRI_2026-aid-cuts-and-security-risks-health-system-disruption-human-insecurity.json,.json,4.1,raw,DOC-1753,json,data/raw/CODEFEST/F3_Dinamicas_Territoriales/SIPRI/articulos/SIPRI_2026-aid-cuts-and-security-risks-health-system-disruption-human-insecurity.json
data/raw/CODEFEST/F3_Dinamicas_Territoriales/SIPRI/articulos/SIPRI_2026-budget-fifth-year-war-military-spending-russias-budget-2026.json,.json,4.7,raw,DOC-1754,json,data/raw/CODEFEST/F3_Dinamicas_Territoriales/SIPRI/articulos/SIPRI_2026-budget-fifth-year-war-military-spending-russias-budget-2026.json
data/raw/CODEFEST/F3_Dinamicas_Territoriales/SIPRI/articulos/SIPRI_2026-building-effective-infrastructure-peace-syria-and-lebanon.json,.json,4.6,raw,DOC-1755,json,data/raw/CODEFEST/F3_Dinamicas_Territoriales/SIPRI/articulos/SIPRI_2026-building-effective-infrastructure-peace-syria-and-lebanon.json
data/raw/CODEFEST/F3_Dinamicas_Territoriales/SIPRI/articulos/SIPRI_2026-china-and-changing-international-development-landscape.json,.json,4.3,raw,DOC-1756,json,data/raw/CODEFEST/F3_Dinamicas_Territoriales/SIPRI/articulos/SIPRI_2026-china-and-changing-international-development-landscape.json
data/raw/CODEFEST/F3_Dinamicas_Territoriales/SIPRI/articulos/SIPRI_2026-climate-peace-and-security-fact-sheet-afghanistan-2026.json,.json,3.6,raw,DOC-1757,json,data/raw/CODEFEST/F3_Dinamicas_Territoriales/SIPRI/articulos/SIPRI_2026-climate-peace-and-security-fact-sheet-afghanistan-2026.json
data/raw/CODEFEST/F3_Dinamicas_Territoriales/SIPRI/articulos/SIPRI_2026-climate-peace-and-security-fact-sheet-lake-chad-2026.json,.json,4.4,raw,DOC-1758,json,data/raw/CODEFEST/F3_Dinamicas_Territoriales/SIPRI/articulos/SIPRI_2026-climate-peace-and-security-fact-sheet-lake-chad-2026.json
data/raw/CODEFEST/F3_Dinamicas_Territoriales/SIPRI/articulos/SIPRI_2026-cyber-disarmament-practice-eus-role-governing-software-vulnerabilities-fragmented-int.json,.json,6.1,raw,DOC-1759,json,data/raw/CODEFEST/F3_Dinamicas_Territoriales/SIPRI/articulos/SIPRI_2026-cyber-disarmament-practice-eus-role-governing-software-vulnerabilities-fragmented-int.json
data/raw/CODEFEST/F3_Dinamicas_Territoriales/SIPRI/articulos/SIPRI_2026-end-mission-reinventing-closure-and-transition-processes-eu-civilian-csdp.json,.json,4.6,raw,DOC-1760,json,data/raw/CODEFEST/F3_Dinamicas_Territoriales/SIPRI/articulos/SIPRI_2026-end-mission-reinventing-closure-and-transition-processes-eu-civilian-csdp.json
data/raw/CODEFEST/F3_Dinamicas_Territoriales/SIPRI/articulos/SIPRI_2026-future-proofing-civilian-csdp-challenging-strategic-environment-seven-questions-debat.json,.json,5.9,raw,DOC-1761,json,data/raw/CODEFEST/F3_Dinamicas_Territoriales/SIPRI/articulos/SIPRI_2026-future-proofing-civilian-csdp-challenging-strategic-environment-seven-questions-debat.json
data/raw/CODEFEST/F3_Dinamicas_Territoriales/SIPRI/articulos/SIPRI_2026-gendered-dimensions-climate-related-security-risks-osce-area.json,.json,4.7,raw,DOC-1762,json,data/raw/CODEFEST/F3_Dinamicas_Territoriales/SIPRI/articulos/SIPRI_2026-gendered-dimensions-climate-related-security-risks-osce-area.json
data/raw/CODEFEST/F3_Dinamicas_Territoriales/SIPRI/articulos/SIPRI_2026-good-practice-guide-applying-export-controls-transfers-commercial-cyber-intrusion-cap.json,.json,4.6,raw,DOC-1763,json,data/raw/CODEFEST/F3_Dinamicas_Territoriales/SIPRI/articulos/SIPRI_2026-good-practice-guide-applying-export-controls-transfers-commercial-cyber-intrusion-cap.json
data/raw/CODEFEST/F3_Dinamicas_Territoriales/SIPRI/articulos/SIPRI_2026-preventing-biological-weapons-proliferation-operational-applications-emerging-technol.json,.json,4.1,raw,DOC-1764,json,data/raw/CODEFEST/F3_Dinamicas_Territoriales/SIPRI/articulos/SIPRI_2026-preventing-biological-weapons-proliferation-operational-applications-emerging-technol.json
data/raw/CODEFEST/F3_Dinamicas_Territoriales/SIPRI/articulos/SIPRI_2026-responsible-procurement-military-artificial-intelligence.json,.json,4.9,raw,DOC-1765,json,data/raw/CODEFEST/F3_Dinamicas_Territoriales/SIPRI/articulos/SIPRI_2026-responsible-procurement-military-artificial-intelligence.json
data/raw/CODEFEST/F3_Dinamicas_Territoriales/SIPRI/articulos/SIPRI_2026-security-sector-reform-and-united-nations-transitions-factors-success.json,.json,4.8,raw,DOC-1766,json,data/raw/CODEFEST/F3_Dinamicas_Territoriales/SIPRI/articulos/SIPRI_2026-security-sector-reform-and-united-nations-transitions-factors-success.json
data/raw/CODEFEST/F3_Dinamicas_Territoriales/SIPRI/articulos/SIPRI_2026-seeking-stability-outer-space-opportunities-china-uk-dialogue.json,.json,5.2,raw,DOC-1767,json,data/raw/CODEFEST/F3_Dinamicas_Territoriales/SIPRI/articulos/SIPRI_2026-seeking-stability-outer-space-opportunities-china-uk-dialogue.json
data/raw/CODEFEST/F3_Dinamicas_Territoriales/SIPRI/articulos/SIPRI_2026-twenty-five-years-men-boys-and-masculinities-wps-agenda.json,.json,4.1,raw,DOC-1768,json,data/raw/CODEFEST/F3_Dinamicas_Territoriales/SIPRI/articulos/SIPRI_2026-twenty-five-years-men-boys-and-masculinities-wps-agenda.json
data/raw/CODEFEST/F3_Dinamicas_Territoriales/SIPRI/pdfs_full/2024/SIPRI_fs-2512-top-100-2024.pdf,.pdf,268.2,raw,DOC-1769,pdf,data/raw/CODEFEST/F3_Dinamicas_Territoriales/SIPRI/pdfs_full/2024/SIPRI_fs-2512-top-100-2024.pdf
data/raw/CODEFEST/F3_Dinamicas_Territoriales/SIPRI/pdfs_full/2025/SIPRI_0725-military-and-security-dimensions-of-quantum-technologies-0.pdf,.pdf,781.1,raw,DOC-1770,pdf,data/raw/CODEFEST/F3_Dinamicas_Territoriales/SIPRI/pdfs_full/2025/SIPRI_0725-military-and-security-dimensions-of-quantum-technologies-0.pdf
data/raw/CODEFEST/F3_Dinamicas_Territoriales/SIPRI/pdfs_full/2025/SIPRI_0825-ai-military-bias.pdf,.pdf,535.9,raw,DOC-1771,pdf,data/raw/CODEFEST/F3_Dinamicas_Territoriales/SIPRI/pdfs_full/2025/SIPRI_0825-ai-military-bias.pdf
data/raw/CODEFEST/F3_Dinamicas_Territoriales/SIPRI/pdfs_full/2025/SIPRI_0925-export-controls-and-spyware.pdf,.pdf,450.4,raw,DOC-1772,pdf,data/raw/CODEFEST/F3_Dinamicas_Territoriales/SIPRI/pdfs_full/2025/SIPRI_0925-export-controls-and-spyware.pdf
data/raw/CODEFEST/F3_Dinamicas_Territoriales/SIPRI/pdfs_full/2025/SIPRI_1125-civilian-ai.pdf,.pdf,719.4,raw,DOC-1773,pdf,data/raw/CODEFEST/F3_Dinamicas_Territoriales/SIPRI/pdfs_full/2025/SIPRI_1125-civilian-ai.pdf
data/raw/CODEFEST/F3_Dinamicas_Territoriales/SIPRI/pdfs_full/2025/SIPRI_1225-green-geopolitics-ukraine.pdf,.pdf,350.1,raw,DOC-1774,pdf,data/raw/CODEFEST/F3_Dinamicas_Territoriales/SIPRI/pdfs_full/2025/SIPRI_1225-green-geopolitics-ukraine.pdf
data/raw/CODEFEST/F3_Dinamicas_Territoriales/SIPRI/pdfs_full/2025/SIPRI_2025-08-18-xcept-note-de-synthese-limpact-du-conflit-et-du-deplacement-sur-les-femmes-soud.pdf,.pdf,379.6,raw,DOC-1775,pdf,data/raw/CODEFEST/F3_Dinamicas_Territoriales/SIPRI/pdfs_full/2025/SIPRI_2025-08-18-xcept-note-de-synthese-limpact-du-conflit-et-du-deplacement-sur-les-femmes-soud.pdf
data/raw/CODEFEST/F3_Dinamicas_Territoriales/SIPRI/pdfs_full/2025/SIPRI_2025-11-19-xcept-policy-brief-sudanese-refugee-women-in-eastern-chad.pdf,.pdf,268.3,raw,DOC-1776,pdf,data/raw/CODEFEST/F3_Dinamicas_Territoriales/SIPRI/pdfs_full/2025/SIPRI_2025-11-19-xcept-policy-brief-sudanese-refugee-women-in-eastern-chad.pdf
data/raw/CODEFEST/F3_Dinamicas_Territoriales/SIPRI/pdfs_full/2025/SIPRI_2025giz-en-lasting-solutions-fragility-peacebuilding.pdf,.pdf,2405.0,raw,DOC-1777,pdf,data/raw/CODEFEST/F3_Dinamicas_Territoriales/SIPRI/pdfs_full/2025/SIPRI_2025giz-en-lasting-solutions-fragility-peacebuilding.pdf
data/raw/CODEFEST/F3_Dinamicas_Territoriales/SIPRI/pdfs_full/2025/SIPRI_21.11.2025-pb-arabic.pdf,.pdf,945.0,raw,DOC-1778,pdf,data/raw/CODEFEST/F3_Dinamicas_Territoriales/SIPRI/pdfs_full/2025/SIPRI_21.11.2025-pb-arabic.pdf
data/raw/CODEFEST/F3_Dinamicas_Territoriales/SIPRI/pdfs_full/2025/SIPRI_2509-towards-multilateral-policy-on-aws-1.pdf,.pdf,431.9,raw,DOC-1779,pdf,data/raw/CODEFEST/F3_Dinamicas_Territoriales/SIPRI/pdfs_full/2025/SIPRI_2509-towards-multilateral-policy-on-aws-1.pdf
data/raw/CODEFEST/F3_Dinamicas_Territoriales/SIPRI/pdfs_full/2025/SIPRI_2604-milex-2025.pdf,.pdf,714.8,raw,DOC-1780,pdf,data/raw/CODEFEST/F3_Dinamicas_Territoriales/SIPRI/pdfs_full/2025/SIPRI_2604-milex-2025.pdf
data/raw/CODEFEST/F3_Dinamicas_Territoriales/SIPRI/pdfs_full/2025/SIPRI_autopractices-map-web.pdf,.pdf,1466.8,raw,DOC-1781,pdf,data/raw/CODEFEST/F3_Dinamicas_Territoriales/SIPRI/pdfs_full/2025/SIPRI_autopractices-map-web.pdf
data/raw/CODEFEST/F3_Dinamicas_Territoriales/SIPRI/pdfs_full/2025/SIPRI_from-silos-to-synergies-partnering-for-social-cohesion-in-the-sahel-1.pdf,.pdf,289.8,raw,DOC-1782,pdf,data/raw/CODEFEST/F3_Dinamicas_Territoriales/SIPRI/pdfs_full/2025/SIPRI_from-silos-to-synergies-partnering-for-social-cohesion-in-the-sahel-1.pdf
data/raw/CODEFEST/F3_Dinamicas_Territoriales/SIPRI/pdfs_full/2025/SIPRI_fs-2603-at-2025.pdf,.pdf,397.6,raw,DOC-1783,pdf,data/raw/CODEFEST/F3_Dinamicas_Territoriales/SIPRI/pdfs_full/2025/SIPRI_fs-2603-at-2025.pdf
data/raw/CODEFEST/F3_Dinamicas_Territoriales/SIPRI/pdfs_full/2025/SIPRI_ko-laws-v.pdf,.pdf,1329.7,raw,DOC-1784,pdf,data/raw/CODEFEST/F3_Dinamicas_Territoriales/SIPRI/pdfs_full/2025/SIPRI_ko-laws-v.pdf
data/raw/CODEFEST/F3_Dinamicas_Territoriales/SIPRI/pdfs_full/2025/SIPRI_laws-v-0.pdf,.pdf,426.6,raw,DOC-1785,pdf,data/raw/CODEFEST/F3_Dinamicas_Territoriales/SIPRI/pdfs_full/2025/SIPRI_laws-v-0.pdf
data/raw/CODEFEST/F3_Dinamicas_Territoriales/SIPRI/pdfs_full/2025/SIPRI_nupi-fact-sheet-abyei.pdf,.pdf,1446.5,raw,DOC-1786,pdf,data/raw/CODEFEST/F3_Dinamicas_Territoriales/SIPRI/pdfs_full/2025/SIPRI_nupi-fact-sheet-abyei.pdf
data/raw/CODEFEST/F3_Dinamicas_Territoriales/SIPRI/pdfs_full/2025/SIPRI_pb-2509-osce-climate-security.pdf,.pdf,141.0,raw,DOC-1787,pdf,data/raw/CODEFEST/F3_Dinamicas_Territoriales/SIPRI/pdfs_full/2025/SIPRI_pb-2509-osce-climate-security.pdf
data/raw/CODEFEST/F3_Dinamicas_Territoriales/SIPRI/pdfs_full/2025/SIPRI_pb-2511-climate-change-human-mobility-and-security.pdf,.pdf,667.2,raw,DOC-1788,pdf,data/raw/CODEFEST/F3_Dinamicas_Territoriales/SIPRI/pdfs_full/2025/SIPRI_pb-2511-climate-change-human-mobility-and-security.pdf
data/raw/CODEFEST/F3_Dinamicas_Territoriales/SIPRI/pdfs_full/2025/SIPRI_pragmatic-approaches-to-governance-at-the-ai-nuclear-nexus.pdf,.pdf,338.3,raw,DOC-1789,pdf,data/raw/CODEFEST/F3_Dinamicas_Territoriales/SIPRI/pdfs_full/2025/SIPRI_pragmatic-approaches-to-governance-at-the-ai-nuclear-nexus.pdf
data/raw/CODEFEST/F3_Dinamicas_Territoriales/SIPRI/pdfs_full/2025/SIPRI_rpp-2025-10-ngcm-dakar.pdf,.pdf,154.6,raw,DOC-1790,pdf,data/raw/CODEFEST/F3_Dinamicas_Territoriales/SIPRI/pdfs_full/2025/SIPRI_rpp-2025-10-ngcm-dakar.pdf
data/raw/CODEFEST/F3_Dinamicas_Territoriales/SIPRI/pdfs_full/2025/SIPRI_rpp-2025-11-milex-sdgs-3.pdf,.pdf,153.9,raw,DOC-1791,pdf,data/raw/CODEFEST/F3_Dinamicas_Territoriales/SIPRI/pdfs_full/2025/SIPRI_rpp-2025-11-milex-sdgs-3.pdf
data/raw/CODEFEST/F3_Dinamicas_Territoriales/SIPRI/pdfs_full/2025/SIPRI_rpp-2025-11-miltech.pdf,.pdf,202.2,raw,DOC-1792,pdf,data/raw/CODEFEST/F3_Dinamicas_Territoriales/SIPRI/pdfs_full/2025/SIPRI_rpp-2025-11-miltech.pdf
data/raw/CODEFEST/F3_Dinamicas_Territoriales/SIPRI/pdfs_full/2025/SIPRI_rpp-2025-12-restrictive-environments-0.pdf,.pdf,150.8,raw,DOC-1793,pdf,data/raw/CODEFEST/F3_Dinamicas_Territoriales/SIPRI/pdfs_full/2025/SIPRI_rpp-2025-12-restrictive-environments-0.pdf
data/raw/CODEFEST/F3_Dinamicas_Territoriales/SIPRI/pdfs_full/2025/SIPRI_rpp-2025-12-use-cases-for-emerging-tech-to-strengthen-high-containment-lab-governance-0.pdf,.pdf,140.0,raw,DOC-1794,pdf,data/raw/CODEFEST/F3_Dinamicas_Territoriales/SIPRI/pdfs_full/2025/SIPRI_rpp-2025-12-use-cases-for-emerging-tech-to-strengthen-high-containment-lab-governance-0.pdf
data/raw/CODEFEST/F3_Dinamicas_Territoriales/SIPRI/pdfs_full/2025/SIPRI_rpp-florian-katongo.pdf,.pdf,154.1,raw,DOC-1795,pdf,data/raw/CODEFEST/F3_Dinamicas_Territoriales/SIPRI/pdfs_full/2025/SIPRI_rpp-florian-katongo.pdf
data/raw/CODEFEST/F3_Dinamicas_Territoriales/SIPRI/pdfs_full/2025/SIPRI_rpp-use-cases-emerging-tech-bio-items-0.pdf,.pdf,137.7,raw,DOC-1796,pdf,data/raw/CODEFEST/F3_Dinamicas_Territoriales/SIPRI/pdfs_full/2025/SIPRI_rpp-use-cases-emerging-tech-bio-items-0.pdf
data/raw/CODEFEST/F3_Dinamicas_Territoriales/SIPRI/pdfs_full/2025/SIPRI_stockholm-forum-session-a-decade-of-youth-peace-and-security-fostering-intergenerational-a.pdf,.pdf,989.2,raw,DOC-1797,pdf,data/raw/CODEFEST/F3_Dinamicas_Territoriales/SIPRI/pdfs_full/2025/SIPRI_stockholm-forum-session-a-decade-of-youth-peace-and-security-fostering-intergenerational-a.pdf
data/raw/CODEFEST/F3_Dinamicas_Territoriales/SIPRI/pdfs_full/2025/SIPRI_women-in-multilateral-peace-operations-in-2025-what-is-the-state-of-play.pdf,.pdf,2114.5,raw,DOC-1798,pdf,data/raw/CODEFEST/F3_Dinamicas_Territoriales/SIPRI/pdfs_full/2025/SIPRI_women-in-multilateral-peace-operations-in-2025-what-is-the-state-of-play.pdf
data/raw/CODEFEST/F3_Dinamicas_Territoriales/SIPRI/pdfs_full/2025/SIPRI_wps-sipri-nupi-fact-sheet.pdf,.pdf,2249.6,raw,DOC-1799,pdf,data/raw/CODEFEST/F3_Dinamicas_Territoriales/SIPRI/pdfs_full/2025/SIPRI_wps-sipri-nupi-fact-sheet.pdf
data/raw/CODEFEST/F3_Dinamicas_Territoriales/SIPRI/pdfs_full/2026/SIPRI_0226-milai-procurement-260216.pdf,.pdf,433.6,raw,DOC-1800,pdf,data/raw/CODEFEST/F3_Dinamicas_Territoriales/SIPRI/pdfs_full/2026/SIPRI_0226-milai-procurement-260216.pdf
data/raw/CODEFEST/F3_Dinamicas_Territoriales/SIPRI/pdfs_full/2026/SIPRI_0226-milai-procurement-kr.pdf,.pdf,1945.1,raw,DOC-1801,pdf,data/raw/CODEFEST/F3_Dinamicas_Territoriales/SIPRI/pdfs_full/2026/SIPRI_0226-milai-procurement-kr.pdf
data/raw/CODEFEST/F3_Dinamicas_Territoriales/SIPRI/pdfs_full/2026/SIPRI_0226-rpp-chinese-perspectives-0.pdf,.pdf,306.3,raw,DOC-1802,pdf,data/raw/CODEFEST/F3_Dinamicas_Territoriales/SIPRI/pdfs_full/2026/SIPRI_0226-rpp-chinese-perspectives-0.pdf
data/raw/CODEFEST/F3_Dinamicas_Territoriales/SIPRI/pdfs_full/2026/SIPRI_0226-rpp-chinese-perspectives-chinese.pdf,.pdf,706.7,raw,DOC-1803,pdf,data/raw/CODEFEST/F3_Dinamicas_Territoriales/SIPRI/pdfs_full/2026/SIPRI_0226-rpp-chinese-perspectives-chinese.pdf
data/raw/CODEFEST/F3_Dinamicas_Territoriales/SIPRI/pdfs_full/2026/SIPRI_0326-calibrating-deterrence.pdf,.pdf,1144.8,raw,DOC-1804,pdf,data/raw/CODEFEST/F3_Dinamicas_Territoriales/SIPRI/pdfs_full/2026/SIPRI_0326-calibrating-deterrence.pdf
data/raw/CODEFEST/F3_Dinamicas_Territoriales/SIPRI/pdfs_full/2026/SIPRI_0326-preventing-biological-weapons-proliferation-0.pdf,.pdf,450.1,raw,DOC-1805,pdf,data/raw/CODEFEST/F3_Dinamicas_Territoriales/SIPRI/pdfs_full/2026/SIPRI_0326-preventing-biological-weapons-proliferation-0.pdf
data/raw/CODEFEST/F3_Dinamicas_Territoriales/SIPRI/pdfs_full/2026/SIPRI_0626-building-an-effective-infrastructure-for-peace-in-syria-and-lebanon.pdf,.pdf,324.4,raw,DOC-1806,pdf,data/raw/CODEFEST/F3_Dinamicas_Territoriales/SIPRI/pdfs_full/2026/SIPRI_0626-building-an-effective-infrastructure-for-peace-in-syria-and-lebanon.pdf
data/raw/CODEFEST/F3_Dinamicas_Territoriales/SIPRI/pdfs_full/2026/SIPRI_0626-transitions-just-future.pdf,.pdf,575.4,raw,DOC-1807,pdf,data/raw/CODEFEST/F3_Dinamicas_Territoriales/SIPRI/pdfs_full/2026/SIPRI_0626-transitions-just-future.pdf
data/raw/CODEFEST/F3_Dinamicas_Territoriales/SIPRI/pdfs_full/2026/SIPRI_2026-01-russias-military-budget-for-2026.pdf,.pdf,397.8,raw,DOC-1808,pdf,data/raw/CODEFEST/F3_Dinamicas_Territoriales/SIPRI/pdfs_full/2026/SIPRI_2026-01-russias-military-budget-for-2026.pdf
data/raw/CODEFEST/F3_Dinamicas_Territoriales/SIPRI/pdfs_full/2026/SIPRI_2602-ai-integration.pdf,.pdf,485.7,raw,DOC-1809,pdf,data/raw/CODEFEST/F3_Dinamicas_Territoriales/SIPRI/pdfs_full/2026/SIPRI_2602-ai-integration.pdf
data/raw/CODEFEST/F3_Dinamicas_Territoriales/SIPRI/pdfs_full/2026/SIPRI_centerfold-east-a3.pdf,.pdf,3281.6,raw,DOC-1810,pdf,data/raw/CODEFEST/F3_Dinamicas_Territoriales/SIPRI/pdfs_full/2026/SIPRI_centerfold-east-a3.pdf
data/raw/CODEFEST/F3_Dinamicas_Territoriales/SIPRI/pdfs_full/2026/SIPRI_centerfold-south-a3.pdf,.pdf,2668.2,raw,DOC-1811,pdf,data/raw/CODEFEST/F3_Dinamicas_Territoriales/SIPRI/pdfs_full/2026/SIPRI_centerfold-south-a3.pdf
data/raw/CODEFEST/F3_Dinamicas_Territoriales/SIPRI/pdfs_full/2026/SIPRI_centerfold-west-africa-a3.pdf,.pdf,2379.2,raw,DOC-1812,pdf,data/raw/CODEFEST/F3_Dinamicas_Territoriales/SIPRI/pdfs_full/2026/SIPRI_centerfold-west-africa-a3.pdf
data/raw/CODEFEST/F3_Dinamicas_Territoriales/SIPRI/pdfs_full/2026/SIPRI_end-of-mission-ville-savoranta.pdf,.pdf,227.5,raw,DOC-1813,pdf,data/raw/CODEFEST/F3_Dinamicas_Territoriales/SIPRI/pdfs_full/2026/SIPRI_end-of-mission-ville-savoranta.pdf
data/raw/CODEFEST/F3_Dinamicas_Territoriales/SIPRI/pdfs_full/2026/SIPRI_eunpdc-no-100-cyber-disarmament.pdf,.pdf,487.3,raw,DOC-1814,pdf,data/raw/CODEFEST/F3_Dinamicas_Territoriales/SIPRI/pdfs_full/2026/SIPRI_eunpdc-no-100-cyber-disarmament.pdf
data/raw/CODEFEST/F3_Dinamicas_Territoriales/SIPRI/pdfs_full/2026/SIPRI_fs-2605-mpo-2026.pdf,.pdf,389.7,raw,DOC-1815,pdf,data/raw/CODEFEST/F3_Dinamicas_Territoriales/SIPRI/pdfs_full/2026/SIPRI_fs-2605-mpo-2026.pdf
data/raw/CODEFEST/F3_Dinamicas_Territoriales/SIPRI/pdfs_full/2026/SIPRI_gendered-dimensions-of-climate-related-security-risks.pdf,.pdf,1408.6,raw,DOC-1816,pdf,data/raw/CODEFEST/F3_Dinamicas_Territoriales/SIPRI/pdfs_full/2026/SIPRI_gendered-dimensions-of-climate-related-security-risks.pdf
data/raw/CODEFEST/F3_Dinamicas_Territoriales/SIPRI/pdfs_full/2026/SIPRI_gpg-2026-ccic.pdf,.pdf,475.4,raw,DOC-1817,pdf,data/raw/CODEFEST/F3_Dinamicas_Territoriales/SIPRI/pdfs_full/2026/SIPRI_gpg-2026-ccic.pdf
data/raw/CODEFEST/F3_Dinamicas_Territoriales/SIPRI/pdfs_full/2026/SIPRI_military-assistance-east-0.pdf,.pdf,1863.1,raw,DOC-1818,pdf,data/raw/CODEFEST/F3_Dinamicas_Territoriales/SIPRI/pdfs_full/2026/SIPRI_military-assistance-east-0.pdf
data/raw/CODEFEST/F3_Dinamicas_Territoriales/SIPRI/pdfs_full/2026/SIPRI_military-assistance-south.pdf,.pdf,1411.9,raw,DOC-1819,pdf,data/raw/CODEFEST/F3_Dinamicas_Territoriales/SIPRI/pdfs_full/2026/SIPRI_military-assistance-south.pdf
data/raw/CODEFEST/F3_Dinamicas_Territoriales/SIPRI/pdfs_full/2026/SIPRI_military-assistance-west-africa.pdf,.pdf,1480.6,raw,DOC-1820,pdf,data/raw/CODEFEST/F3_Dinamicas_Territoriales/SIPRI/pdfs_full/2026/SIPRI_military-assistance-west-africa.pdf
data/raw/CODEFEST/F3_Dinamicas_Territoriales/SIPRI/pdfs_full/2026/SIPRI_nupi-fact-sheet-afghanistan.pdf,.pdf,2406.7,raw,DOC-1821,pdf,data/raw/CODEFEST/F3_Dinamicas_Territoriales/SIPRI/pdfs_full/2026/SIPRI_nupi-fact-sheet-afghanistan.pdf
data/raw/CODEFEST/F3_Dinamicas_Territoriales/SIPRI/pdfs_full/2026/SIPRI_nupi-fact-sheet-lake-chad.pdf,.pdf,3770.7,raw,DOC-1822,pdf,data/raw/CODEFEST/F3_Dinamicas_Territoriales/SIPRI/pdfs_full/2026/SIPRI_nupi-fact-sheet-lake-chad.pdf
data/raw/CODEFEST/F3_Dinamicas_Territoriales/SIPRI/pdfs_full/2026/SIPRI_pb-2601-china-and-the-changing-international-dev-landscape.pdf,.pdf,164.5,raw,DOC-1823,pdf,data/raw/CODEFEST/F3_Dinamicas_Territoriales/SIPRI/pdfs_full/2026/SIPRI_pb-2601-china-and-the-changing-international-dev-landscape.pdf
data/raw/CODEFEST/F3_Dinamicas_Territoriales/SIPRI/pdfs_full/2026/SIPRI_rpp-2026-01-future-proofing-civilian-csdp.pdf,.pdf,203.4,raw,DOC-1824,pdf,data/raw/CODEFEST/F3_Dinamicas_Territoriales/SIPRI/pdfs_full/2026/SIPRI_rpp-2026-01-future-proofing-civilian-csdp.pdf
data/raw/CODEFEST/F3_Dinamicas_Territoriales/SIPRI/pdfs_full/2026/SIPRI_rpp-2026-01-multidomain-escalation-risks-1.pdf,.pdf,188.5,raw,DOC-1825,pdf,data/raw/CODEFEST/F3_Dinamicas_Territoriales/SIPRI/pdfs_full/2026/SIPRI_rpp-2026-01-multidomain-escalation-risks-1.pdf
data/raw/CODEFEST/F3_Dinamicas_Territoriales/SIPRI/pdfs_full/2026/SIPRI_rpp-2026-03-25-years-of-men.pdf,.pdf,201.8,raw,DOC-1826,pdf,data/raw/CODEFEST/F3_Dinamicas_Territoriales/SIPRI/pdfs_full/2026/SIPRI_rpp-2026-03-25-years-of-men.pdf
data/raw/CODEFEST/F3_Dinamicas_Territoriales/SIPRI/pdfs_full/2026/SIPRI_rpp-2026-06-aid-cuts-and-security-risks.pdf,.pdf,371.9,raw,DOC-1827,pdf,data/raw/CODEFEST/F3_Dinamicas_Territoriales/SIPRI/pdfs_full/2026/SIPRI_rpp-2026-06-aid-cuts-and-security-risks.pdf
data/raw/CODEFEST/F3_Dinamicas_Territoriales/SIPRI/sipri_data/SIPRI_catalog-2.json,.json,0.1,raw,DOC-1828,json,data/raw/CODEFEST/F3_Dinamicas_Territoriales/SIPRI/sipri_data/SIPRI_catalog-2.json
data/raw/CODEFEST/F3_Dinamicas_Territoriales/SIPRI/sipri_data/SIPRI_publicaciones-2.csv,.csv,25.1,raw,DOC-1829,csv,data/raw/CODEFEST/F3_Dinamicas_Territoriales/SIPRI/sipri_data/SIPRI_publicaciones-2.csv
data/raw/CODEFEST/F3_Dinamicas_Territoriales/SIPRI/sipri_data/pdfs/SIPRI_2021.pdf,.pdf,3635.2,raw,DOC-1830,pdf,data/raw/CODEFEST/F3_Dinamicas_Territoriales/SIPRI/sipri_data/pdfs/SIPRI_2021.pdf
data/raw/CODEFEST/F3_Dinamicas_Territoriales/SIPRI/sipri_data/pdfs/SIPRI_20240212113627.pdf,.pdf,3104.7,raw,DOC-1831,pdf,data/raw/CODEFEST/F3_Dinamicas_Territoriales/SIPRI/sipri_data/pdfs/SIPRI_20240212113627.pdf
data/raw/CODEFEST/F3_Dinamicas_Territoriales/SIPRI/sipri_data/pdfs/SIPRI_22136.pdf,.pdf,22.5,raw,DOC-1832,pdf,data/raw/CODEFEST/F3_Dinamicas_Territoriales/SIPRI/sipri_data/pdfs/SIPRI_22136.pdf
data/raw/CODEFEST/F3_Dinamicas_Territoriales/SIPRI/sipri_data/pdfs/SIPRI_33.impaginato-lorenzo-scarazzato-noah-heinemann-why-the-eu-fiscal-reform-is-not-solving-na.pdf,.pdf,3583.4,raw,DOC-1833,pdf,data/raw/CODEFEST/F3_Dinamicas_Territoriales/SIPRI/sipri_data/pdfs/SIPRI_33.impaginato-lorenzo-scarazzato-noah-heinemann-why-the-eu-fiscal-reform-is-not-solving-na.pdf
data/raw/CODEFEST/F3_Dinamicas_Territoriales/SIPRI/sipri_data/pdfs/SIPRI_9781954445024.pdf,.pdf,5961.2,raw,DOC-1834,pdf,data/raw/CODEFEST/F3_Dinamicas_Territoriales/SIPRI/sipri_data/pdfs/SIPRI_9781954445024.pdf
data/raw/CODEFEST/F3_Dinamicas_Territoriales/SIPRI/sipri_data/pdfs/SIPRI_ar-34.pdf,.pdf,2608.6,raw,DOC-1835,pdf,data/raw/CODEFEST/F3_Dinamicas_Territoriales/SIPRI/sipri_data/pdfs/SIPRI_ar-34.pdf
data/raw/CODEFEST/F3_Dinamicas_Territoriales/SIPRI/sipri_data/pdfs/SIPRI_att-monitor-report-2025.pdf,.pdf,15249.1,raw,DOC-1836,pdf,data/raw/CODEFEST/F3_Dinamicas_Territoriales/SIPRI/sipri_data/pdfs/SIPRI_att-monitor-report-2025.pdf
data/raw/CODEFEST/F3_Dinamicas_Territoriales/SIPRI/sipri_data/pdfs/SIPRI_cmc-finland-working-papers-series-1-web-saavutettava.pdf,.pdf,507.9,raw,DOC-1837,pdf,data/raw/CODEFEST/F3_Dinamicas_Territoriales/SIPRI/sipri_data/pdfs/SIPRI_cmc-finland-working-papers-series-1-web-saavutettava.pdf
data/raw/CODEFEST/F3_Dinamicas_Territoriales/SIPRI/sipri_data/pdfs/SIPRI_db26ed4d9b959cb6798443f80d4d4474.pdf,.pdf,203.4,raw,DOC-1838,pdf,data/raw/CODEFEST/F3_Dinamicas_Territoriales/SIPRI/sipri_data/pdfs/SIPRI_db26ed4d9b959cb6798443f80d4d4474.pdf
data/raw/CODEFEST/F3_Dinamicas_Territoriales/SIPRI/sipri_data/pdfs/SIPRI_djokic-ignjatijevic-2020-why-are-people-leaving-the-serbian-defence-system.pdf,.pdf,794.6,raw,DOC-1839,pdf,data/raw/CODEFEST/F3_Dinamicas_Territoriales/SIPRI/sipri_data/pdfs/SIPRI_djokic-ignjatijevic-2020-why-are-people-leaving-the-serbian-defence-system.pdf
data/raw/CODEFEST/F3_Dinamicas_Territoriales/SIPRI/sipri_data/pdfs/SIPRI_files2fthe-fourth-phase-in-the-taiwan-strait-military-standoff-emerging-dynamics-and-the-p.pdf,.pdf,1871.3,raw,DOC-1840,pdf,data/raw/CODEFEST/F3_Dinamicas_Territoriales/SIPRI/sipri_data/pdfs/SIPRI_files2fthe-fourth-phase-in-the-taiwan-strait-military-standoff-emerging-dynamics-and-the-p.pdf
data/raw/CODEFEST/F3_Dinamicas_Territoriales/SIPRI/sipri_data/pdfs/SIPRI_gcf-annual-report-2023-through-collective-action.pdf,.pdf,2534.7,raw,DOC-1841,pdf,data/raw/CODEFEST/F3_Dinamicas_Territoriales/SIPRI/sipri_data/pdfs/SIPRI_gcf-annual-report-2023-through-collective-action.pdf
data/raw/CODEFEST/F3_Dinamicas_Territoriales/SIPRI/sipri_data/pdfs/SIPRI_hsrc20lmip20report20320growth20employment20and20skills-1.pdf,.pdf,23.2,raw,DOC-1842,pdf,data/raw/CODEFEST/F3_Dinamicas_Territoriales/SIPRI/sipri_data/pdfs/SIPRI_hsrc20lmip20report20320growth20employment20and20skills-1.pdf
data/raw/CODEFEST/F3_Dinamicas_Territoriales/SIPRI/sipri_data/pdfs/SIPRI_report-international-arms-flows.pdf,.pdf,412.5,raw,DOC-1843,pdf,data/raw/CODEFEST/F3_Dinamicas_Territoriales/SIPRI/sipri_data/pdfs/SIPRI_report-international-arms-flows.pdf
data/raw/CODEFEST/F3_Dinamicas_Territoriales/SIPRI/sipri_data/pdfs/SIPRI_sustainablefinanceoutlook-20250612.pdf,.pdf,1626.1,raw,DOC-1844,pdf,data/raw/CODEFEST/F3_Dinamicas_Territoriales/SIPRI/sipri_data/pdfs/SIPRI_sustainablefinanceoutlook-20250612.pdf
data/raw/CODEFEST/F3_Dinamicas_Territoriales/SIPRI/sipri_full_catalogo.json,.json,23.6,raw,DOC-1845,json,data/raw/CODEFEST/F3_Dinamicas_Territoriales/SIPRI/sipri_full_catalogo.json
data/raw/CODEFEST/F3_Dinamicas_Territoriales/SIPRI/sipri_full_registro.json,.json,25.6,raw,DOC-1846,json,data/raw/CODEFEST/F3_Dinamicas_Territoriales/SIPRI/sipri_full_registro.json
data/raw/CODEFEST/Indice_Datos_Codefest.xlsx,.xlsx,155.6,raw,DOC-1847,xlsx,data/raw/CODEFEST/Indice_Datos_Codefest.xlsx
