path,extension,size_kb,fenomeno
data/raw/CODEFEST/Extracto_Preguntas_50_v2.pdf,.pdf,36.6,raw
data/raw/CODEFEST/Indice_Datos_Codefest.xlsx,.xlsx,155.6,raw
data/raw/CODEFEST/F3_Dinamicas_Territoriales/.DS_Store,,6.0,raw
data/raw/CODEFEST/F3_Dinamicas_Territoriales/FASE ORDENADA CODEFEST.xlsx,.xlsx,19.4,raw
data/raw/CODEFEST/F1_IA_y_Capacidades_Estrategicas/.DS_Store,,6.0,raw
data/raw/CODEFEST/F2_Seguridad_Entorno_Espacial/.DS_Store,,6.0,raw
data/raw/CODEFEST/F2_Seguridad_Entorno_Espacial/CSIS_Aerospace/.DS_Store,,6.0,raw
data/raw/CODEFEST/F2_Seguridad_Entorno_Espacial/INPE/pdfs/INPE_nota-tecnica-el-nino-2026-final-160626.pdf,.pdf,2054.7,raw
data/raw/CODEFEST/F2_Seguridad_Entorno_Espacial/INPE/pdfs/INPE_notatecnicaconjuntaelnino2026-inpeinmetfuncemecensipam.pdf,.pdf,1214.1,raw
data/raw/CODEFEST/F2_Seguridad_Entorno_Espacial/INPE/pdfs/INPE_agenda-final.pdf,.pdf,367.5,raw
data/raw/CODEFEST/F2_Seguridad_Entorno_Espacial/INPE/pdfs/INPE_painelelniojunho26.pdf,.pdf,2357.8,raw
data/raw/CODEFEST/F2_Seguridad_Entorno_Espacial/INPE/noticias/INPE_2026-07-03-ciencia-e-fe-caminham-juntas-imersoes-no-inpe-e-no-cemaden-mobilizam-lider.json,.json,31.8,raw
data/raw/CODEFEST/F2_Seguridad_Entorno_Espacial/INPE/noticias/INPE_2026-04-06-pesquisador-aposentado-do-inpe-carlos-nobre-e-nomeado-conselheiro-no-vatic.json,.json,3.7,raw
data/raw/CODEFEST/F2_Seguridad_Entorno_Espacial/INPE/noticias/INPE_2026-04-01-nova-norma-do-cmn-incorpora-dados-do-prodes-na-analise-de-credito-rural.json,.json,6.5,raw
data/raw/CODEFEST/F2_Seguridad_Entorno_Espacial/INPE/noticias/INPE_2026-05-22-inpe-participa-do-satera-workshop-on-validation-phase-results.json,.json,3.7,raw
data/raw/CODEFEST/F2_Seguridad_Entorno_Espacial/INPE/noticias/INPE_2026-04-17-homenagem-a-antonio-divino-moura-um-pilar-da-meteorologia-brasileira.json,.json,3.8,raw
data/raw/CODEFEST/F2_Seguridad_Entorno_Espacial/INPE/noticias/INPE_2026-07-03-adaptabrasil-lanca-painel-cidades-para-facilitar-a-consulta-sobre-risco-cl.json,.json,15.5,raw
data/raw/CODEFEST/F2_Seguridad_Entorno_Espacial/INPE/noticias/INPE_2026-06-29-inpe-integra-inciativa-inovadora-que-une-inteligencia-artificial-e-governa.json,.json,7.5,raw
data/raw/CODEFEST/F2_Seguridad_Entorno_Espacial/INPE/noticias/INPE_2026-04-24-brasil-e-alemanha-assinam-acordo-para-desenvolvimento-da-missao-espacial-c.json,.json,7.9,raw
data/raw/CODEFEST/F2_Seguridad_Entorno_Espacial/INPE/noticias/INPE_2026-04-16-inpe-inaugura-escritorio-local-do-cefavela-e-amplia-cooperacao-em-pesquisa.json,.json,7.6,raw
data/raw/CODEFEST/F2_Seguridad_Entorno_Espacial/INPE/noticias/INPE_2026-05-28-pesquisador-do-inpe-ha-40-anos-gerald-banon-recebe-titulo-de-cidadao-josee.json,.json,7.5,raw
data/raw/CODEFEST/F2_Seguridad_Entorno_Espacial/INPE/noticias/INPE_2026-05-18-projeto-de-divulgacao-cientifica-conecta-amazonia-e-mata-atlantica-e-leva.json,.json,8.3,raw
data/raw/CODEFEST/F2_Seguridad_Entorno_Espacial/INPE/noticias/INPE_2026-06-23-nota-tecnica-conjunta-aponta-alta-probabilidade-de-el-nino-no-segundo-seme.json,.json,10.5,raw
data/raw/CODEFEST/F2_Seguridad_Entorno_Espacial/INPE/noticias/INPE_2026-07-02-inpe-e-sos-mata-atlantica-estabelecem-novo-projeto-de-restauracao-floresta.json,.json,11.1,raw
data/raw/CODEFEST/F2_Seguridad_Entorno_Espacial/INPE/noticias/INPE_2026-05-08-inpe-inmet-funceme-e-censipam-divulgam-nota-tecnica-sobre-o-el-nino-e-indi.json,.json,9.3,raw
data/raw/CODEFEST/F2_Seguridad_Entorno_Espacial/INPE/noticias/INPE_2026-07-01-inpe-abre-inscricoes-para-a-serie-de-cursos-nowcasting-2026-voltada-a-prev.json,.json,5.0,raw
data/raw/CODEFEST/F2_Seguridad_Entorno_Espacial/INPE/noticias/INPE_2026-06-22-inpe-recebe-comitiva-do-mast-para-fortalecer-parceria-em-projetos-de-museo.json,.json,6.4,raw
data/raw/CODEFEST/F2_Seguridad_Entorno_Espacial/INPE/noticias/INPE_2026-04-15-inpe-recebe-comitiva-internacional-para-discutir-cooperacao-em-sensoriamen.json,.json,4.3,raw
data/raw/CODEFEST/F2_Seguridad_Entorno_Espacial/INPE/noticias/INPE_2026-07-08-mudanca-na-direcao-do-laboratorio-nacional-de-astrofisica-lna.json,.json,2.5,raw
data/raw/CODEFEST/F2_Seguridad_Entorno_Espacial/INPE/noticias/INPE_2026-05-27-inpe-participa-de-reunioes-da-omm-para-implementacao-de-programa-de-previs.json,.json,4.3,raw
data/raw/CODEFEST/F2_Seguridad_Entorno_Espacial/INPE/noticias/INPE_2026-06-15-inpe-sedia-workshop-anual-do-programa-cssp-brazil-para-impulsionar-a-cienc.json,.json,5.2,raw
data/raw/CODEFEST/F2_Seguridad_Entorno_Espacial/INPE/noticias/INPE_2026-06-12-pesquisadores-do-inpe-se-destacam-em-ranking-internacional.json,.json,4.4,raw
data/raw/CODEFEST/F2_Seguridad_Entorno_Espacial/INPE/noticias/INPE_2026-06-12-ciencia-e-tecnologia-do-inpe-tem-papel-de-destaque-na-reducao-historica-do.json,.json,5.3,raw
data/raw/CODEFEST/F2_Seguridad_Entorno_Espacial/INPE/noticias/INPE_2026-05-22-inpe-participa-de-acoes-de-conscientizacao-e-prevencao-de-incendios-em-pir.json,.json,7.1,raw
data/raw/CODEFEST/F2_Seguridad_Entorno_Espacial/INPE/noticias/INPE_2026-06-15-webinario-apresenta-impactos-das-ondas-de-calor-na-saude-dos-brasileiros.json,.json,2.0,raw
data/raw/CODEFEST/F2_Seguridad_Entorno_Espacial/INPE/noticias/INPE_2026-03-26-brasil-registra-aumento-de-raios-em-todo-o-territorio-nacional.json,.json,12.2,raw
data/raw/CODEFEST/F2_Seguridad_Entorno_Espacial/INPE/noticias/INPE_2026-06-23-terraclass-divulga-dados-atualizados-sobre-cobertura-e-uso-da-terra-no-bio.json,.json,15.1,raw
data/raw/CODEFEST/F2_Seguridad_Entorno_Espacial/INPE/noticias/INPE_2026-07-01-coeam-celebra-16-anos-de-atuacao-do-inpe-na-amazonia.json,.json,5.6,raw
data/raw/CODEFEST/F2_Seguridad_Entorno_Espacial/INPE/noticias/INPE_2026-04-27-inpe-participa-de-reuniao-da-comissao-mista-brasil-alemanha-em-berlim-e-re.json,.json,8.8,raw
data/raw/CODEFEST/F2_Seguridad_Entorno_Espacial/INPE/noticias/INPE_2026-05-14-inpe-promove-2o-workshop-do-liarea.json,.json,4.4,raw
data/raw/CODEFEST/F2_Seguridad_Entorno_Espacial/INPE/noticias/INPE_2026-07-10-dados-do-deter-referentes-a-junho-de-2026-estao-disponiveis-na-plataforma.json,.json,5.9,raw
data/raw/CODEFEST/F2_Seguridad_Entorno_Espacial/INPE/noticias/INPE_2026-06-30-estudante-do-programa-educacao-do-inpe-conquista-premio-destaque-na-inicia.json,.json,5.6,raw
data/raw/CODEFEST/F2_Seguridad_Entorno_Espacial/INPE/noticias/INPE_2026-06-03-inpe-promove-edicao-especial-do-big-techtalks-em-celebracao-ao-love-data-d.json,.json,3.9,raw
data/raw/CODEFEST/F2_Seguridad_Entorno_Espacial/INPE/noticias/INPE_2026-06-29-pesquisadores-do-inpe-participam-de-workshop-sobre-astronomia-com-pequenos.json,.json,6.6,raw
data/raw/CODEFEST/F2_Seguridad_Entorno_Espacial/INPE/noticias/INPE_2026-06-20-programa-queimadas-do-inpe-contribui-para-plano-estadual-de-enfrentamento.json,.json,5.9,raw
data/raw/CODEFEST/F2_Seguridad_Entorno_Espacial/INPE/noticias/INPE_2026-05-28-inpe-recebe-delegacoes-chinesas-para-discutir-o-desenvolvimento-do-satelit.json,.json,10.0,raw
data/raw/CODEFEST/F2_Seguridad_Entorno_Espacial/INPE/noticias/INPE_2026-05-29-inpe-e-cresda-avancam-na-cooperacao-tecnica-para-a-missao-cbers-06.json,.json,9.9,raw
data/raw/CODEFEST/F2_Seguridad_Entorno_Espacial/INPE/noticias/INPE_2026-05-15-o-que-precisamos-saber-sobre-o-el-nino-e-seus-impactos-para-o-brasil.json,.json,17.0,raw
data/raw/CODEFEST/F2_Seguridad_Entorno_Espacial/INPE/noticias/INPE_2026-06-30-painel-el-nino-2026-2027-divulga-primeiro-boletim-mensal-sobre-o-monitoram.json,.json,7.4,raw
data/raw/CODEFEST/F2_Seguridad_Entorno_Espacial/INPE/noticias/INPE_2026-04-16-inpe-e-centro-tecnologico-da-marinha-do-rio-de-janeiro-formalizam-parceria.json,.json,4.2,raw
data/raw/CODEFEST/F2_Seguridad_Entorno_Espacial/INPE/noticias/INPE_2026-05-27-mcti-apresenta-plataforma-sobre-risco-climatico-coordenada-pelo-inpe-para.json,.json,11.2,raw
data/raw/CODEFEST/F2_Seguridad_Entorno_Espacial/INPE/noticias/INPE_2026-06-01-inpe-participa-de-eventos-da-otca-sobre-monitoramento-e-gestao-integrada-d.json,.json,7.0,raw
data/raw/CODEFEST/F2_Seguridad_Entorno_Espacial/INPE/noticias/INPE_2023-10-09-inpe-portas-abertas-2023.json,.json,5.3,raw
data/raw/CODEFEST/F2_Seguridad_Entorno_Espacial/INPE/noticias/INPE_2026-05-15-inpe-participa-do-forum-brasileiro-de-ia-e-computacao-de-alto-desempenho.json,.json,4.2,raw
data/raw/CODEFEST/F2_Seguridad_Entorno_Espacial/INPE/noticias/INPE_2026-05-14-atlas-da-mata-atlantica-registra-menor-indice-historico-de-desmatamento-em.json,.json,6.2,raw
data/raw/CODEFEST/F2_Seguridad_Entorno_Espacial/INPE/noticias/INPE_2025-10-10-brasil-e-esa-unem-forcas-em-evento-pioneiro-sobre-a-missao-biomass-na-amaz.json,.json,4.5,raw
data/raw/CODEFEST/F2_Seguridad_Entorno_Espacial/INPE/noticias/INPE_2026-03-26-inpe-e-programa-mudancas-climaticas-fapesp-divulgam-relatorio-do-projeto-v.json,.json,6.4,raw
data/raw/CODEFEST/F2_Seguridad_Entorno_Espacial/INPE/noticias/INPE_2026-04-29-programa-educacao-do-inpe-realiza-iv-encontro-de-jovens-cientistas-em-cach.json,.json,4.9,raw
data/raw/CODEFEST/F2_Seguridad_Entorno_Espacial/INPE/noticias/INPE_2026-05-18-inpe-sedia-encontro-da-sos-mata-atlantica-sobre-governanca-territorial-e-m.json,.json,3.7,raw
data/raw/CODEFEST/F2_Seguridad_Entorno_Espacial/INPE/noticias/INPE_2026-06-08-inpe-publica-relacao-de-projetos-executados-com-fundacoes-de-apoio.json,.json,2.8,raw
data/raw/CODEFEST/F2_Seguridad_Entorno_Espacial/INPE/noticias/INPE_2026-05-04-uma-janela-para-o-universo-cerimonia-de-abertura-da-exposicao-raios-mensag.json,.json,8.5,raw
data/raw/CODEFEST/F2_Seguridad_Entorno_Espacial/INPE/noticias/INPE_2026-05-15-inpe-participara-do-4o-science-and-business-connection.json,.json,5.8,raw
data/raw/CODEFEST/F2_Seguridad_Entorno_Espacial/INPE/noticias/INPE_2026-06-19-nota-de-esclarecimento-projeto-de-expansao-da-infraestrutura-de-rastreio-e.json,.json,12.1,raw
data/raw/CODEFEST/F2_Seguridad_Entorno_Espacial/INPE/noticias/INPE_2026-03-24-inpe-realizara-simposio-internacional-sobre-aprendizado-de-maquina-em-heli.json,.json,5.1,raw
data/raw/CODEFEST/F2_Seguridad_Entorno_Espacial/INPE/noticias/INPE_2025-11-28-inpe-amazonia-tem-papel-fundamental-na-participacao-do-instituto-durante-a.json,.json,9.8,raw
data/raw/CODEFEST/F2_Seguridad_Entorno_Espacial/INPE/noticias/INPE_2026-05-22-pesquisadora-do-inpe-recebe-mencao-honrosa-em-premiacao-internacional-da-a.json,.json,5.4,raw
data/raw/CODEFEST/F2_Seguridad_Entorno_Espacial/SWF_Counterspace/articulos/SWF_2-2-2020-global-counterspace-capabilities-report.json,.json,7.0,raw
data/raw/CODEFEST/F2_Seguridad_Entorno_Espacial/SWF_Counterspace/articulos/SWF_12-2-commercial-and-civil-robotic-rendezvous-and-proximity-operations-fact-sheet.json,.json,9.9,raw
data/raw/CODEFEST/F2_Seguridad_Entorno_Espacial/SWF_Counterspace/articulos/SWF_10-swf-filing-comments-on-starclouds-orbital-data-center-application.json,.json,27.6,raw
data/raw/CODEFEST/F2_Seguridad_Entorno_Espacial/SWF_Counterspace/articulos/SWF_27-le-guide-concis-du-cupeea.json,.json,7.3,raw
data/raw/CODEFEST/F2_Seguridad_Entorno_Espacial/SWF_Counterspace/articulos/SWF_26-2021-global-counterspace-capabilities-report.json,.json,7.4,raw
data/raw/CODEFEST/F2_Seguridad_Entorno_Espacial/SWF_Counterspace/articulos/SWF_5-handbook-for-new-actors-in-space-spanish.json,.json,5.9,raw
data/raw/CODEFEST/F2_Seguridad_Entorno_Espacial/SWF_Counterspace/articulos/SWF_25-2-june-2026-newsletter.json,.json,1.6,raw
data/raw/CODEFEST/F2_Seguridad_Entorno_Espacial/SWF_Counterspace/articulos/SWF_12-2-chinese-reusable-experimental-spacecraft-fact-sheet.json,.json,12.1,raw
data/raw/CODEFEST/F2_Seguridad_Entorno_Espacial/SWF_Counterspace/articulos/SWF_4-16-2026-swf-asat-infographic-2022.json,.json,5.2,raw
data/raw/CODEFEST/F2_Seguridad_Entorno_Espacial/SWF_Counterspace/articulos/SWF_8-2-2026-global-counterspace-capabilities-report.json,.json,19.4,raw
data/raw/CODEFEST/F2_Seguridad_Entorno_Espacial/SWF_Counterspace/articulos/SWF_27-copuos-briefing-book.json,.json,6.8,raw
data/raw/CODEFEST/F2_Seguridad_Entorno_Espacial/SWF_Counterspace/articulos/SWF_6-2-un-group-of-governmental-experts-gge-on-space-tcbms-fact-sheet.json,.json,10.6,raw
data/raw/CODEFEST/F2_Seguridad_Entorno_Espacial/SWF_Counterspace/articulos/SWF_12-2-u-s-co-orbital-anti-satellite-testing-fact-sheet.json,.json,13.0,raw
data/raw/CODEFEST/F2_Seguridad_Entorno_Espacial/SWF_Counterspace/articulos/SWF_13-2-june-2024-newsletter.json,.json,1.4,raw
data/raw/CODEFEST/F2_Seguridad_Entorno_Espacial/SWF_Counterspace/articulos/SWF_1-2023-global-counterspace-capabilities-report.json,.json,7.9,raw
data/raw/CODEFEST/F2_Seguridad_Entorno_Espacial/SWF_Counterspace/articulos/SWF_global-counterspace-capabilities-an-open-source-assessment.json,.json,3.4,raw
data/raw/CODEFEST/F2_Seguridad_Entorno_Espacial/SWF_Counterspace/articulos/SWF_17-2-june-2026-un-copuos-plenary-agenda-item-5-general-exchange-of-views.json,.json,9.6,raw
data/raw/CODEFEST/F2_Seguridad_Entorno_Espacial/SWF_Counterspace/articulos/SWF_6-2-2018-global-counterspace-capabilities-report.json,.json,7.2,raw
data/raw/CODEFEST/F2_Seguridad_Entorno_Espacial/SWF_Counterspace/articulos/SWF_12-2-russian-co-orbital-anti-satellite-testing-fact-sheet.json,.json,11.9,raw
data/raw/CODEFEST/F2_Seguridad_Entorno_Espacial/SWF_Counterspace/articulos/SWF_12-2-u-s-direct-ascent-anti-satellite-testing-fact-sheet.json,.json,12.0,raw
data/raw/CODEFEST/F2_Seguridad_Entorno_Espacial/SWF_Counterspace/articulos/SWF_16-global-counterspace-capabilities-report-insight-counterspace-surge-2026.json,.json,17.0,raw
data/raw/CODEFEST/F2_Seguridad_Entorno_Espacial/SWF_Counterspace/articulos/SWF_17-20-swf-filing-comments-on-blue-origins-orbital-data-center-application.json,.json,29.4,raw
data/raw/CODEFEST/F2_Seguridad_Entorno_Espacial/SWF_Counterspace/articulos/SWF_12-2-chinese-direct-ascent-anti-satellite-testing-fact-sheet.json,.json,11.5,raw
data/raw/CODEFEST/F2_Seguridad_Entorno_Espacial/SWF_Counterspace/articulos/SWF_5-handbook-for-new-actors-in-space.json,.json,10.2,raw
data/raw/CODEFEST/F2_Seguridad_Entorno_Espacial/SWF_Counterspace/articulos/SWF_12-2-portuguese-translation-responsible-investment-in-the-space-sector-a-guide-to-stew.json,.json,13.8,raw
data/raw/CODEFEST/F2_Seguridad_Entorno_Espacial/SWF_Counterspace/articulos/SWF_september-2024-newsletter.json,.json,1.4,raw
data/raw/CODEFEST/F2_Seguridad_Entorno_Espacial/SWF_Counterspace/articulos/SWF_6-20-july-2026-oewg-swf-statement-paros-tcbm.json,.json,14.7,raw
data/raw/CODEFEST/F2_Seguridad_Entorno_Espacial/SWF_Counterspace/articulos/SWF_13-august-2024-newseltter.json,.json,1.4,raw
data/raw/CODEFEST/F2_Seguridad_Entorno_Espacial/SWF_Counterspace/articulos/SWF_16-2-july-2026-newsletter.json,.json,2.3,raw
data/raw/CODEFEST/F2_Seguridad_Entorno_Espacial/SWF_Counterspace/articulos/SWF_12-2-russian-direct-ascent-anti-satellite-testing-fact-sheet.json,.json,11.4,raw
data/raw/CODEFEST/F2_Seguridad_Entorno_Espacial/SWF_Counterspace/articulos/SWF_12-2-indian-direct-ascent-anti-satellite-testing-fact-sheet.json,.json,11.3,raw
data/raw/CODEFEST/F2_Seguridad_Entorno_Espacial/SWF_Counterspace/articulos/SWF_10-2-swf-filing-comments-on-cowboy-spaces-orbital-data-center-application.json,.json,29.7,raw
data/raw/CODEFEST/F2_Seguridad_Entorno_Espacial/SWF_Counterspace/articulos/SWF_29-lunar-space-cooperation-initiatives.json,.json,9.9,raw
data/raw/CODEFEST/F2_Seguridad_Entorno_Espacial/SWF_Counterspace/articulos/SWF_29-2019-global-counterspace-capabilities-report.json,.json,6.9,raw
data/raw/CODEFEST/F2_Seguridad_Entorno_Espacial/SWF_Counterspace/articulos/SWF_12-2-u-s-military-and-intelligence-rendezvous-and-proximity-operations-fact-sheet.json,.json,12.9,raw
data/raw/CODEFEST/F2_Seguridad_Entorno_Espacial/SWF_Counterspace/articulos/SWF_5-handbook-for-new-actors-in-space-chinese.json,.json,3.9,raw
data/raw/CODEFEST/F2_Seguridad_Entorno_Espacial/SWF_Counterspace/articulos/SWF_24-2-statement-to-the-un-secretary-generals-advisory-board-on-disarmament-matters-tran.json,.json,22.3,raw
data/raw/CODEFEST/F2_Seguridad_Entorno_Espacial/SWF_Counterspace/articulos/SWF_12-2-chinese-military-and-intelligence-rendezvous-and-proximity-operations-fact-sheet.json,.json,11.7,raw
data/raw/CODEFEST/F2_Seguridad_Entorno_Espacial/SWF_Counterspace/articulos/SWF_6-2-swf-filing-comments-on-spacexs-orbital-data-center-application.json,.json,30.1,raw
data/raw/CODEFEST/F2_Seguridad_Entorno_Espacial/SWF_Counterspace/articulos/SWF_8-2-2025-global-counterspace-capabilities-report.json,.json,23.9,raw
data/raw/CODEFEST/F2_Seguridad_Entorno_Espacial/SWF_Counterspace/articulos/SWF_12-2-russian-military-and-intelligence-rendezvous-and-proximity-operations-fact-sheet.json,.json,12.8,raw
data/raw/CODEFEST/F2_Seguridad_Entorno_Espacial/SWF_Counterspace/articulos/SWF_1-space-industry-statement-in-support-of-international-commitments-to-not-conduct-asat.json,.json,11.4,raw
data/raw/CODEFEST/F2_Seguridad_Entorno_Espacial/SWF_Counterspace/articulos/SWF_1-2009-iridium-cosmos-collision-fact-sheet.json,.json,11.8,raw
data/raw/CODEFEST/F2_Seguridad_Entorno_Espacial/SWF_Counterspace/articulos/SWF_18-2-the-case-for-space-sustainability-in-2026-insight-june-2026.json,.json,19.8,raw
data/raw/CODEFEST/F2_Seguridad_Entorno_Espacial/SWF_Counterspace/articulos/SWF_17-october-2024-newsletter.json,.json,1.4,raw
data/raw/CODEFEST/F2_Seguridad_Entorno_Espacial/SWF_Counterspace/articulos/SWF_21-20-to-odc-or-not-to-odc-insight-2026.json,.json,31.3,raw
data/raw/CODEFEST/F2_Seguridad_Entorno_Espacial/SWF_Counterspace/articulos/SWF_27-20-verifying-the-prohibition-on-the-placement-of-nuclear-weapons-in-outer-space-ost.json,.json,10.1,raw
data/raw/CODEFEST/F2_Seguridad_Entorno_Espacial/SWF_Counterspace/articulos/SWF_17-handbook-for-new-actors-in-space-french.json,.json,5.3,raw
data/raw/CODEFEST/F2_Seguridad_Entorno_Espacial/SWF_Counterspace/articulos/SWF_16-2-insight-jul2026-copuos-at-a-turning-point-balancing-a-vital-mandate-with-membersh.json,.json,26.5,raw
data/raw/CODEFEST/F2_Seguridad_Entorno_Espacial/SWF_Counterspace/articulos/SWF_12-2-shenlong-orbital-test-vehicle-fact-sheet.json,.json,12.1,raw
data/raw/CODEFEST/F2_Seguridad_Entorno_Espacial/SWF_Counterspace/articulos/SWF_1-2-2022-global-counterspace-capabilities-report.json,.json,7.5,raw
data/raw/CODEFEST/F2_Seguridad_Entorno_Espacial/SWF_Counterspace/articulos/SWF_11-2-july-2024-newsletter.json,.json,1.4,raw
data/raw/CODEFEST/F2_Seguridad_Entorno_Espacial/SWF_Counterspace/articulos/SWF_1-2024-global-counterspace-capabilities-report.json,.json,8.5,raw
data/raw/CODEFEST/F2_Seguridad_Entorno_Espacial/SWF_Counterspace/articulos/SWF_12-2-x-37b-orbital-test-vehicle-fact-sheet.json,.json,12.2,raw
data/raw/CODEFEST/F2_Seguridad_Entorno_Espacial/SWF_Counterspace/articulos/SWF_6-oewg-reducing-space-threats-2023-fact-sheet.json,.json,10.5,raw
data/raw/CODEFEST/F2_Seguridad_Entorno_Espacial/SWF_Counterspace/swf_counterspace_2026/SWF_report-data.csv,.csv,5.5,raw
data/raw/CODEFEST/F2_Seguridad_Entorno_Espacial/SWF_Counterspace/swf_counterspace_2026/SWF_report-data.json,.json,44.6,raw
data/raw/CODEFEST/F2_Seguridad_Entorno_Espacial/SWF_Counterspace/swf_counterspace_2026/SWF_full-text.txt,.txt,12.3,raw
data/raw/CODEFEST/F2_Seguridad_Entorno_Espacial/SWF_Counterspace/swf_counterspace_2026/images/SWF_69d5661917fa2d73b0e69452-cscr-head.jpg,.jpg,40.7,raw
data/raw/CODEFEST/F2_Seguridad_Entorno_Espacial/SWF_Counterspace/swf_counterspace_2026/images/SWF_6a063f3ccaf9f32a290430b9-asat-by-country-2026.jpg,.jpg,39.6,raw
data/raw/CODEFEST/F2_Seguridad_Entorno_Espacial/SWF_Counterspace/swf_counterspace_2026/images/SWF_685948b82c82d26ce150c2a9-kbrett.jpg,.jpg,55.5,raw
data/raw/CODEFEST/F2_Seguridad_Entorno_Espacial/SWF_Counterspace/swf_counterspace_2026/images/SWF_68399cb30e67dd1473cc427a-sts063-712-072medium.jpg,.jpg,48.5,raw
data/raw/CODEFEST/F2_Seguridad_Entorno_Espacial/SWF_Counterspace/swf_counterspace_2026/images/SWF_68239a54783e8c917bedf423-hs-2025-victoriasamson-web.avif,.avif,15.2,raw
data/raw/CODEFEST/F2_Seguridad_Entorno_Espacial/SWF_Counterspace/swf_counterspace_2026/images/SWF_68399caedbb7cbe28229c326-38236.jpg,.jpg,190.8,raw
data/raw/CODEFEST/F2_Seguridad_Entorno_Espacial/SWF_Counterspace/swf_counterspace_2026/images/SWF_68399cb24dc4a66ec0d2c535-s43-83-082orig.jpg,.jpg,145.3,raw
data/raw/CODEFEST/F2_Seguridad_Entorno_Espacial/SWF_Counterspace/swf_counterspace_2026/images/SWF_69caf750b6a0fce65862de8a-stoplight-chart-execsummary-web.jpg,.jpg,343.9,raw
data/raw/CODEFEST/F2_Seguridad_Entorno_Espacial/SWF_Counterspace/swf_counterspace_2026/images/SWF_69cac182eba666b43b38e5dd-table-5-1-web.jpg,.jpg,281.5,raw
data/raw/CODEFEST/F2_Seguridad_Entorno_Espacial/SWF_Counterspace/pdfs/Counterspace_Reports/SWF_gcsr-2026-execsum-por.pdf,.pdf,3084.0,raw
data/raw/CODEFEST/F2_Seguridad_Entorno_Espacial/SWF_Counterspace/pdfs/Counterspace_Reports/SWF_global-counterspace-capabilities-2024.pdf,.pdf,13997.9,raw
data/raw/CODEFEST/F2_Seguridad_Entorno_Espacial/SWF_Counterspace/pdfs/Counterspace_Reports/SWF_2025-executive-summary-arabic.pdf,.pdf,5754.4,raw
data/raw/CODEFEST/F2_Seguridad_Entorno_Espacial/SWF_Counterspace/pdfs/Counterspace_Reports/SWF_2020-full-report-english.pdf,.pdf,12205.1,raw
data/raw/CODEFEST/F2_Seguridad_Entorno_Espacial/SWF_Counterspace/pdfs/Counterspace_Reports/SWF_2025-executive-summary-french.pdf,.pdf,5826.0,raw
data/raw/CODEFEST/F2_Seguridad_Entorno_Espacial/SWF_Counterspace/pdfs/Counterspace_Reports/SWF_2024-executive-summary-chinese.pdf,.pdf,5946.2,raw
data/raw/CODEFEST/F2_Seguridad_Entorno_Espacial/SWF_Counterspace/pdfs/Counterspace_Reports/SWF_2023-executive-summary-english.pdf,.pdf,5772.8,raw
data/raw/CODEFEST/F2_Seguridad_Entorno_Espacial/SWF_Counterspace/pdfs/Counterspace_Reports/SWF_global-counterspace-capabilities-2026-hr.pdf,.pdf,56464.6,raw
data/raw/CODEFEST/F2_Seguridad_Entorno_Espacial/SWF_Counterspace/pdfs/Counterspace_Reports/SWF_69cffa84a1834078d6f9fe5e-2018-global-counterspace-capabilities-an-open-source-assessme.pdf,.pdf,3613.3,raw
data/raw/CODEFEST/F2_Seguridad_Entorno_Espacial/SWF_Counterspace/pdfs/Counterspace_Reports/SWF_global-counterspace-capabilities-2025.pdf,.pdf,15869.9,raw
data/raw/CODEFEST/F2_Seguridad_Entorno_Espacial/SWF_Counterspace/pdfs/Counterspace_Reports/SWF_gcsr-2026-execsum-eng.pdf,.pdf,2940.2,raw
data/raw/CODEFEST/F2_Seguridad_Entorno_Espacial/SWF_Counterspace/pdfs/Counterspace_Reports/SWF_2025-executive-summary-russian.pdf,.pdf,5763.3,raw
data/raw/CODEFEST/F2_Seguridad_Entorno_Espacial/SWF_Counterspace/pdfs/Counterspace_Reports/SWF_69cffd06bb49a754a728c08d-2019-global-counterspace-capabilities-an-open-source-assessme.pdf,.pdf,5435.0,raw
data/raw/CODEFEST/F2_Seguridad_Entorno_Espacial/SWF_Counterspace/pdfs/Counterspace_Reports/SWF_gcsr-2026-execsum-chi.pdf,.pdf,3068.5,raw
data/raw/CODEFEST/F2_Seguridad_Entorno_Espacial/SWF_Counterspace/pdfs/Counterspace_Reports/SWF_690e30052993b5d301a5c1b8-victoria-samson-quad-nations-security-dialogue-sept-28-2025.pdf,.pdf,1634.0,raw
data/raw/CODEFEST/F2_Seguridad_Entorno_Espacial/SWF_Counterspace/pdfs/Counterspace_Reports/SWF_2025-executive-summary-chinese.pdf,.pdf,5751.5,raw
data/raw/CODEFEST/F2_Seguridad_Entorno_Espacial/SWF_Counterspace/pdfs/Counterspace_Reports/SWF_2025-executive-summary-spanish.pdf,.pdf,5767.7,raw
data/raw/CODEFEST/F2_Seguridad_Entorno_Espacial/SWF_Counterspace/pdfs/Counterspace_Reports/SWF_2022-executive-summary-english.pdf,.pdf,708.0,raw
data/raw/CODEFEST/F2_Seguridad_Entorno_Espacial/SWF_Counterspace/pdfs/Counterspace_Reports/SWF_69d000e653a0667bf9cf7a6f-2020-global-counterspace-capabilities-an-open-source-assessme.pdf,.pdf,8612.9,raw
data/raw/CODEFEST/F2_Seguridad_Entorno_Espacial/SWF_Counterspace/pdfs/Counterspace_Reports/SWF_gcsr-2026-execsum-rus.pdf,.pdf,3012.3,raw
data/raw/CODEFEST/F2_Seguridad_Entorno_Espacial/SWF_Counterspace/pdfs/Counterspace_Reports/SWF_global-counterspace-capabilities-2022-rev2.pdf,.pdf,25626.9,raw
data/raw/CODEFEST/F2_Seguridad_Entorno_Espacial/SWF_Counterspace/pdfs/Counterspace_Reports/SWF_2025-es-counterspace-eng.pdf,.pdf,5788.4,raw
data/raw/CODEFEST/F2_Seguridad_Entorno_Espacial/SWF_Counterspace/pdfs/Counterspace_Reports/SWF_69d0054fcf51801d46c919e7-2023-global-counterspace-capabilities-an-open-source-assessme.pdf,.pdf,7717.2,raw
data/raw/CODEFEST/F2_Seguridad_Entorno_Espacial/SWF_Counterspace/pdfs/Counterspace_Reports/SWF_execsum-2026-swf-global-counterspace-capabilities.pdf,.pdf,3193.8,raw
data/raw/CODEFEST/F2_Seguridad_Entorno_Espacial/SWF_Counterspace/pdfs/Counterspace_Reports/SWF_gcsr-2026-execsum-spa.pdf,.pdf,2956.0,raw
data/raw/CODEFEST/F2_Seguridad_Entorno_Espacial/SWF_Counterspace/pdfs/Counterspace_Reports/SWF_69d003188c7e60684d6fab55-2021-global-counterspace-capabilities-an-open-source-assessme.pdf,.pdf,8324.3,raw
data/raw/CODEFEST/F2_Seguridad_Entorno_Espacial/SWF_Counterspace/pdfs/Counterspace_Reports/SWF_gcsr-2026-execsum-fre.pdf,.pdf,2952.4,raw
data/raw/CODEFEST/F2_Seguridad_Entorno_Espacial/SWF_Counterspace/pdfs/Counterspace_Reports/SWF_gcsr-2026-execsum-ara.pdf,.pdf,2944.5,raw
data/raw/CODEFEST/F2_Seguridad_Entorno_Espacial/SWF_Counterspace/pdfs/Otros/SWF_685567ad2a80d36b0b5a15ef-copuos-briefing-book-russian-web.pdf,.pdf,8027.0,raw
data/raw/CODEFEST/F2_Seguridad_Entorno_Espacial/SWF_Counterspace/pdfs/Otros/SWF_copuos-briefing-book-2025-eng-web.pdf,.pdf,4221.3,raw
data/raw/CODEFEST/F2_Seguridad_Entorno_Espacial/SWF_Counterspace/pdfs/Otros/SWF_investimento-respons-vel-no-setor-espacial.pdf,.pdf,5133.7,raw
data/raw/CODEFEST/F2_Seguridad_Entorno_Espacial/SWF_Counterspace/pdfs/Otros/SWF_6a3c34256ebbe7ed488408dd-verifying-the-prohibition-on-the-placement-of-nuclear-weapons.pdf,.pdf,188.1,raw
data/raw/CODEFEST/F2_Seguridad_Entorno_Espacial/SWF_Counterspace/pdfs/Otros/SWF_69d00cb41bf6510b78f7de95-2017-french-handbook-for-new-actors.pdf,.pdf,3149.1,raw
data/raw/CODEFEST/F2_Seguridad_Entorno_Espacial/SWF_Counterspace/pdfs/Otros/SWF_6a0b0818fcda8557e49ffd3f-swf-comments-on-blue-origin-odc-filing.pdf,.pdf,157.5,raw
data/raw/CODEFEST/F2_Seguridad_Entorno_Espacial/SWF_Counterspace/pdfs/Otros/SWF_6a4562a468e2256623dbd210-space-tcbms-statement-to-sg-advisory-bd-on-disarmament-matter.pdf,.pdf,88.6,raw
data/raw/CODEFEST/F2_Seguridad_Entorno_Espacial/SWF_Counterspace/pdfs/Otros/SWF_ilrs-presentation20230529.pdf,.pdf,5251.0,raw
data/raw/CODEFEST/F2_Seguridad_Entorno_Espacial/SWF_Counterspace/pdfs/Otros/SWF_handbook-for-new-space-actors-2025-hr.pdf,.pdf,11067.1,raw
data/raw/CODEFEST/F2_Seguridad_Entorno_Espacial/SWF_Counterspace/pdfs/Otros/SWF_68a360cae303ff0aa031fe2d-handbook-for-new-actors-in-space-chinese-web.pdf,.pdf,4918.3,raw
data/raw/CODEFEST/F2_Seguridad_Entorno_Espacial/SWF_Counterspace/pdfs/Otros/SWF_copuos-briefing-book-2025-fre-web.pdf,.pdf,4668.2,raw
data/raw/CODEFEST/F2_Seguridad_Entorno_Espacial/SWF_Counterspace/pdfs/Otros/SWF_ssc-best-practices-for-space-operations-sustainability-v29.pdf,.pdf,1269.4,raw
data/raw/CODEFEST/F2_Seguridad_Entorno_Espacial/SWF_Counterspace/pdfs/Otros/SWF_statement-copuos-26-item5-plenary.pdf,.pdf,123.5,raw
data/raw/CODEFEST/F2_Seguridad_Entorno_Espacial/SWF_Counterspace/pdfs/Otros/SWF_69efdcb16aab3ec7a9eb444c-swf-comments-on-starcloud-odc-filing.pdf,.pdf,177.6,raw
data/raw/CODEFEST/F2_Seguridad_Entorno_Espacial/SWF_Counterspace/pdfs/Otros/SWF_742991e8c328c631d7315f22a966b3e5d88d5c804b3550cb284a72671ea5bd2a.house-science-committ.pdf,.pdf,273.9,raw
data/raw/CODEFEST/F2_Seguridad_Entorno_Espacial/SWF_Counterspace/pdfs/Otros/SWF_68641e5ca00afad730f46a7e-da-asat-statement-march-2025.pdf,.pdf,811.8,raw
data/raw/CODEFEST/F2_Seguridad_Entorno_Espacial/SWF_Counterspace/pdfs/Otros/SWF_5-unoosa-director-statement-to-69th-copuos.pdf,.pdf,238.2,raw
data/raw/CODEFEST/F2_Seguridad_Entorno_Espacial/SWF_Counterspace/pdfs/Otros/SWF_space-commerce-certification-osc-proposal-march-2026.pdf,.pdf,333.9,raw
data/raw/CODEFEST/F2_Seguridad_Entorno_Espacial/SWF_Counterspace/pdfs/Otros/SWF_publication-final-english-june2021.pdf,.pdf,1004.7,raw
data/raw/CODEFEST/F2_Seguridad_Entorno_Espacial/SWF_Counterspace/pdfs/Otros/SWF_6a5155ae152102225ac99178-swf-comments-on-cowboy-space-odc-filing.pdf,.pdf,183.2,raw
data/raw/CODEFEST/F2_Seguridad_Entorno_Espacial/SWF_Counterspace/pdfs/Otros/SWF_685567ae7ac5278ddcb2dc68-copuos-briefing-book-spanish-web.pdf,.pdf,8397.1,raw
data/raw/CODEFEST/F2_Seguridad_Entorno_Espacial/SWF_Counterspace/pdfs/Otros/SWF_confers-operating-practices.pdf,.pdf,198.2,raw
data/raw/CODEFEST/F2_Seguridad_Entorno_Espacial/SWF_Counterspace/pdfs/Otros/SWF_6a555a295484f70289284315-swf-statement-for-the-3rd-session-of-the-oewg-on-paros-in-all.pdf,.pdf,37.9,raw
data/raw/CODEFEST/F2_Seguridad_Entorno_Espacial/SWF_Counterspace/pdfs/Otros/SWF_69efd9ea36f217e8cdf27506-swf-comments-on-spacex-odc-filing.pdf,.pdf,155.5,raw
data/raw/CODEFEST/F2_Seguridad_Entorno_Espacial/SWF_Counterspace/pdfs/Fact_Sheets/SWF_fact-sheet-2026-x-37b.pdf,.pdf,516.6,raw
data/raw/CODEFEST/F2_Seguridad_Entorno_Espacial/SWF_Counterspace/pdfs/Fact_Sheets/SWF_fact-sheet-2026-chinese-reusable-experimental-spacecraft.pdf,.pdf,357.6,raw
data/raw/CODEFEST/F2_Seguridad_Entorno_Espacial/SWF_Counterspace/pdfs/Fact_Sheets/SWF_fact-sheet-2026-indian-direct-ascent-anti-satellite-testing.pdf,.pdf,1095.8,raw
data/raw/CODEFEST/F2_Seguridad_Entorno_Espacial/SWF_Counterspace/pdfs/Fact_Sheets/SWF_fact-sheet-2026-chinese-military-and-intelligence-rpo.pdf,.pdf,577.7,raw
data/raw/CODEFEST/F2_Seguridad_Entorno_Espacial/SWF_Counterspace/pdfs/Fact_Sheets/SWF_fact-sheet-2026-u.s.-direct-ascent-anti-satellite-testing.pdf,.pdf,400.9,raw
data/raw/CODEFEST/F2_Seguridad_Entorno_Espacial/SWF_Counterspace/pdfs/Fact_Sheets/SWF_fact-sheet-2026-russian-co-orbital-anti-satellite-testing.pdf,.pdf,665.2,raw
data/raw/CODEFEST/F2_Seguridad_Entorno_Espacial/SWF_Counterspace/pdfs/Fact_Sheets/SWF_69d7dea06022e1fa5379dbdc-2025-u.s.-co-orbital-anti-satellite-testing-fact-sheet.pdf,.pdf,690.8,raw
data/raw/CODEFEST/F2_Seguridad_Entorno_Espacial/SWF_Counterspace/pdfs/Fact_Sheets/SWF_fact-sheet-2026-russian-military-and-intelligence-rendezvous-and-proximity-operations.pdf,.pdf,861.2,raw
data/raw/CODEFEST/F2_Seguridad_Entorno_Espacial/SWF_Counterspace/pdfs/Fact_Sheets/SWF_6801551cf9f591e09a953b6d-fs23-12-oewg-on-reducing-space-threats-1023.pdf,.pdf,1346.0,raw
data/raw/CODEFEST/F2_Seguridad_Entorno_Espacial/SWF_Counterspace/pdfs/Fact_Sheets/SWF_fact-sheet-2026-russian-direct-ascent-anti-satellite-testing.pdf,.pdf,873.6,raw
data/raw/CODEFEST/F2_Seguridad_Entorno_Espacial/SWF_Counterspace/pdfs/Fact_Sheets/SWF_69d7dd0c7b9a543b1c15c6ff-2025-commercial-and-civil-robotic-rendezvous-and-proximity-op.pdf,.pdf,896.0,raw
data/raw/CODEFEST/F2_Seguridad_Entorno_Espacial/SWF_Counterspace/pdfs/Fact_Sheets/SWF_fact-sheet-2026-u.s.-military-and-intelligence-rendezvous-and-proximity-operations.pdf,.pdf,500.4,raw
data/raw/CODEFEST/F2_Seguridad_Entorno_Espacial/SWF_Counterspace/pdfs/Fact_Sheets/SWF_fact-sheet-2026-us-co-orbital-anti-satellite-testing-2026.pdf,.pdf,325.8,raw
data/raw/CODEFEST/F2_Seguridad_Entorno_Espacial/SWF_Counterspace/pdfs/Fact_Sheets/SWF_fact-sheet-2026-chinese-direct-ascent-anti-satellite-testing.pdf,.pdf,367.7,raw
data/raw/CODEFEST/F2_Seguridad_Entorno_Espacial/SWF_Counterspace/pdfs/Fact_Sheets/SWF_68015970f3e8d76d3d9fdce3-swf-iridium-cosmos-collision-fact-sheet-updated-2012.pdf,.pdf,782.1,raw
data/raw/CODEFEST/F2_Seguridad_Entorno_Espacial/SWF_Counterspace/pdfs/Fact_Sheets/SWF_6859b22aeecc939d0f4c6f0d-gge-space-tcbms-fact-sheet-april-2014.pdf,.pdf,610.4,raw
data/raw/CODEFEST/F2_Seguridad_Entorno_Espacial/ESA_Space_Debris/articulos/ESA_22-10-2025-sounding-the-alarm-esa-introduces-space-environment-health-index.json,.json,14.5,raw
data/raw/CODEFEST/F2_Seguridad_Entorno_Espacial/ESA_Space_Debris/articulos/ESA_mitigating-space-debris-generation.json,.json,17.0,raw
data/raw/CODEFEST/F2_Seguridad_Entorno_Espacial/ESA_Space_Debris/articulos/ESA_active-debris-removal.json,.json,11.2,raw
data/raw/CODEFEST/F2_Seguridad_Entorno_Espacial/ESA_Space_Debris/articulos/ESA_about-space-debris.json,.json,14.5,raw
data/raw/CODEFEST/F2_Seguridad_Entorno_Espacial/ESA_Space_Debris/articulos/ESA_27-06-2022-the-zero-debris-charter.json,.json,10.3,raw
data/raw/CODEFEST/F2_Seguridad_Entorno_Espacial/ESA_Space_Debris/articulos/ESA_12-08-2025-cream-avoiding-collisions-in-space-through-automation.json,.json,8.5,raw
data/raw/CODEFEST/F2_Seguridad_Entorno_Espacial/ESA_Space_Debris/articulos/ESA_analysis-and-prediction.json,.json,14.2,raw
data/raw/CODEFEST/F2_Seguridad_Entorno_Espacial/ESA_Space_Debris/articulos/ESA_01-04-2025-esa-space-environment-report-2025.json,.json,23.4,raw
data/raw/CODEFEST/F2_Seguridad_Entorno_Espacial/ESA_Space_Debris/articulos/ESA_space-debris-by-the-numbers.json,.json,0.6,raw
data/raw/CODEFEST/F2_Seguridad_Entorno_Espacial/ESA_Space_Debris/articulos/ESA_02-02-2026-moving-satellites-to-meet-a-plane-for-rare-reentry-data.json,.json,14.2,raw
data/raw/CODEFEST/F2_Seguridad_Entorno_Espacial/ESA_Space_Debris/articulos/ESA_27-06-2022-esa-s-zero-debris-approach.json,.json,19.1,raw
data/raw/CODEFEST/F2_Seguridad_Entorno_Espacial/ESA_Space_Debris/articulos/ESA_scanning-and-observing2.json,.json,10.6,raw
data/raw/CODEFEST/F2_Seguridad_Entorno_Espacial/ESA_Space_Debris/articulos/ESA_space-debris-faq-frequently-asked-questions.json,.json,63.8,raw
data/raw/CODEFEST/F2_Seguridad_Entorno_Espacial/ESA_Space_Debris/articulos/ESA_reentry-and-collision-avoidance.json,.json,14.6,raw
data/raw/CODEFEST/F2_Seguridad_Entorno_Espacial/ESA_Space_Debris/articulos/ESA_hypervelocity-impacts-and-protecting-spacecraft.json,.json,9.5,raw
data/raw/CODEFEST/F2_Seguridad_Entorno_Espacial/ESA_Space_Debris/articulos/ESA_21-11-2024-german-laser-ranging-company-receives-esa-innovation-award.json,.json,8.5,raw
data/raw/CODEFEST/F2_Seguridad_Entorno_Espacial/ESA_Space_Debris/pdfs/SDUP_Documents/ESA_essb-st-u-007-issue-1-revision-1-23-october-2025.pdf,.pdf,1296.4,raw
data/raw/CODEFEST/F2_Seguridad_Entorno_Espacial/ESA_Space_Debris/pdfs/SDUP_Documents/ESA_essb-hb-u-003-issue-1-8september2025.pdf,.pdf,1464.5,raw
data/raw/CODEFEST/F2_Seguridad_Entorno_Espacial/ESA_Space_Debris/pdfs/SDUP_Documents/ESA_space-debris-mitigation-compliance-verification-guidelines.pdf,.pdf,3458.6,raw
data/raw/CODEFEST/F2_Seguridad_Entorno_Espacial/ESA_Space_Debris/pdfs/SDUP_Documents/ESA_essb-st-u-004-issue14december2017.pdf,.pdf,514.4,raw
data/raw/CODEFEST/F2_Seguridad_Entorno_Espacial/ESA_Space_Debris/pdfs/SDUP_Documents/ESA_design-for-demise-verification-guidelines-v1.pdf,.pdf,4117.3,raw
data/raw/CODEFEST/F2_Seguridad_Entorno_Espacial/ESA_Space_Debris/pdfs/Articulos/ESA_admin-ipol-2023-1-space-debris-mitigation-policy-final.pdf,.pdf,230.9,raw
data/raw/CODEFEST/F2_Seguridad_Entorno_Espacial/ESA_Space_Debris/pdfs/Articulos/ESA_dghkmz-6542582e18e33.pdf,.pdf,1343.3,raw
data/raw/CODEFEST/F2_Seguridad_Entorno_Espacial/ESA_Space_Debris/pdfs/Articulos/ESA_st-space-49e.pdf,.pdf,715.9,raw
data/raw/CODEFEST/F2_Seguridad_Entorno_Espacial/ESA_Space_Debris/pdfs/Articulos/ESA_space-debris-mitigation-compliance-verification-guidelines.pdf,.pdf,3892.0,raw
data/raw/CODEFEST/F2_Seguridad_Entorno_Espacial/ESA_Space_Debris/pdfs/Articulos/ESA_zero-debris-charter-en.pdf,.pdf,382.6,raw
data/raw/CODEFEST/F2_Seguridad_Entorno_Espacial/ESA_Space_Debris/pdfs/SDO_Publications/ESA_environmental-report-on-space-debris-mitigation-slides.pdf,.pdf,1315.0,raw
data/raw/CODEFEST/F2_Seguridad_Entorno_Espacial/ESA_Space_Debris/pdfs/SDO_Publications/ESA_space-environment-report-i9r0-20250331.pdf,.pdf,7609.0,raw
data/raw/CODEFEST/F2_Seguridad_Entorno_Espacial/ESA_Space_Debris/pdfs/SDO_Publications/ESA_space-environment-report-i7r1-20230912.pdf,.pdf,6643.2,raw
data/raw/CODEFEST/F2_Seguridad_Entorno_Espacial/ESA_Space_Debris/pdfs/SDO_Publications/ESA_space-environment-report-i6r0-20220422.pdf,.pdf,5500.0,raw
data/raw/CODEFEST/F2_Seguridad_Entorno_Espacial/ESA_Space_Debris/pdfs/SDO_Publications/ESA_2022-espi-capacity.pdf,.pdf,2589.9,raw
data/raw/CODEFEST/F2_Seguridad_Entorno_Espacial/ESA_Space_Debris/pdfs/SDO_Publications/ESA_space-environment-report-i1r2-20170427.pdf,.pdf,2356.3,raw
data/raw/CODEFEST/F2_Seguridad_Entorno_Espacial/ESA_Space_Debris/pdfs/SDO_Publications/ESA_space-environment-report-i9r1-20251021.pdf,.pdf,7647.7,raw
data/raw/CODEFEST/F2_Seguridad_Entorno_Espacial/ESA_Space_Debris/pdfs/SDO_Publications/ESA_environmental-report-on-space-debris-mitigation.pdf,.pdf,691.4,raw
data/raw/CODEFEST/F2_Seguridad_Entorno_Espacial/ESA_Space_Debris/pdfs/SDO_Publications/ESA_space-environment-report-i3r0-20190430.pdf,.pdf,2678.2,raw
data/raw/CODEFEST/F2_Seguridad_Entorno_Espacial/ESA_Space_Debris/pdfs/SDO_Publications/ESA_space-environment-report-i4r0-20200911.pdf,.pdf,3455.7,raw
data/raw/CODEFEST/F2_Seguridad_Entorno_Espacial/ESA_Space_Debris/pdfs/SDO_Publications/ESA_space-environment-report-i2r0-20180518.pdf,.pdf,2782.9,raw
data/raw/CODEFEST/F2_Seguridad_Entorno_Espacial/ESA_Space_Debris/pdfs/SDO_Publications/ESA_space-environment-report-i8r0-20240719.pdf,.pdf,6737.5,raw
data/raw/CODEFEST/F2_Seguridad_Entorno_Espacial/ESA_Space_Debris/pdfs/SDO_Publications/ESA_space-environment-report-i10r0-20260501.pdf,.pdf,7738.7,raw
data/raw/CODEFEST/F2_Seguridad_Entorno_Espacial/ESA_Space_Debris/pdfs/SDO_Publications/ESA_space-environment-report-i5r0-20210527.pdf,.pdf,4902.3,raw
data/raw/CODEFEST/F2_Seguridad_Entorno_Espacial/CSIS_Aerospace/articulos/CSIS_2018-10-18-what-can-24-satellites-do-for-u-s-missile-defense.json,.json,2.4,raw
data/raw/CODEFEST/F2_Seguridad_Entorno_Espacial/CSIS_Aerospace/articulos/CSIS_2020-05-15-itar-satellite-regulation.json,.json,328.1,raw
data/raw/CODEFEST/F2_Seguridad_Entorno_Espacial/CSIS_Aerospace/articulos/CSIS_2018-11-27-a-space-force-is-worth-the-price.json,.json,1.8,raw
data/raw/CODEFEST/F2_Seguridad_Entorno_Espacial/CSIS_Aerospace/articulos/CSIS_2024-08-23-from-earth-to-uchu-japanese-translation-e59cb0e79083e3818be38289e5ae87e5ae.json,.json,2.2,raw
data/raw/CODEFEST/F2_Seguridad_Entorno_Espacial/CSIS_Aerospace/articulos/CSIS_2019-04-04-space-threat-assessment-2019.json,.json,101.2,raw
data/raw/CODEFEST/F2_Seguridad_Entorno_Espacial/CSIS_Aerospace/articulos/CSIS_2019-12-19-congress-approved-the-space-force-now-what.json,.json,4.3,raw
data/raw/CODEFEST/F2_Seguridad_Entorno_Espacial/CSIS_Aerospace/articulos/CSIS_2020-05-27-international-perspectives-on-space-weapons.json,.json,4.0,raw
data/raw/CODEFEST/F2_Seguridad_Entorno_Espacial/CSIS_Aerospace/articulos/CSIS_2019-07-30-the-risks-a-war-in-space-poses-for-nuclear-stability-on-earth.json,.json,2.3,raw
data/raw/CODEFEST/F2_Seguridad_Entorno_Espacial/CSIS_Aerospace/articulos/CSIS_2020-09-01-key-governance-issues-in-space.json,.json,14.1,raw
data/raw/CODEFEST/F2_Seguridad_Entorno_Espacial/CSIS_Aerospace/articulos/CSIS_2024-03-12-the-pitfalls-of-labeling-whole-space-missions-as-inherently-governmental.json,.json,15.2,raw
data/raw/CODEFEST/F2_Seguridad_Entorno_Espacial/CSIS_Aerospace/articulos/CSIS_2021-09-16-on-orbit-servicing.json,.json,4.0,raw
data/raw/CODEFEST/F2_Seguridad_Entorno_Espacial/CSIS_Aerospace/articulos/CSIS_2021-11-03-battle-networks-and-the-future-force-part-2.json,.json,5.6,raw
data/raw/CODEFEST/F2_Seguridad_Entorno_Espacial/CSIS_Aerospace/articulos/CSIS_2019-03-13-spaceports-of-the-world.json,.json,2.8,raw
data/raw/CODEFEST/F2_Seguridad_Entorno_Espacial/CSIS_Aerospace/articulos/CSIS_2018-12-03-so-whats-the-big-deal-about-mars-insight.json,.json,2.1,raw
data/raw/CODEFEST/F2_Seguridad_Entorno_Espacial/CSIS_Aerospace/articulos/CSIS_2018-11-19-how-much-will-the-space-force-cost.json,.json,0.9,raw
data/raw/CODEFEST/F2_Seguridad_Entorno_Espacial/CSIS_Aerospace/articulos/CSIS_2019-06-27-space-force-or-space-corps-competing-visions-for-a-new-military-service.json,.json,0.9,raw
data/raw/CODEFEST/F2_Seguridad_Entorno_Espacial/CSIS_Aerospace/articulos/CSIS_2021-02-26-defense-against-the-dark-arts-in-space.json,.json,6.6,raw
data/raw/CODEFEST/F2_Seguridad_Entorno_Espacial/CSIS_Aerospace/articulos/CSIS_2024-07-09-what-can-we-learn-from-ariane-for-future-space-partnerships.json,.json,17.1,raw
data/raw/CODEFEST/F2_Seguridad_Entorno_Espacial/CSIS_Aerospace/articulos/CSIS_2018-10-03-why-we-need-a-space-force.json,.json,27.5,raw
data/raw/CODEFEST/F2_Seguridad_Entorno_Espacial/CSIS_Aerospace/articulos/CSIS_2018-06-22-podcast-trumps-space-force-and-turkeys-elections.json,.json,2.0,raw
data/raw/CODEFEST/F2_Seguridad_Entorno_Espacial/CSIS_Aerospace/articulos/CSIS_2021-12-07-indian-space-policy-for-the-private-sector.json,.json,2.1,raw
data/raw/CODEFEST/F2_Seguridad_Entorno_Espacial/CSIS_Aerospace/articulos/CSIS_2023-02-02-congressional-testimony-launching-into-the-state-of-the-satellite-marketpl.json,.json,6.0,raw
data/raw/CODEFEST/F2_Seguridad_Entorno_Espacial/CSIS_Aerospace/articulos/CSIS_2021-02-10-to-infinity-and-beyond-civil-and-commercial-space-policy-in-the-biden-admi.json,.json,2.8,raw
data/raw/CODEFEST/F2_Seguridad_Entorno_Espacial/CSIS_Aerospace/articulos/CSIS_2025-04-25-space-threat-assessment-2025.json,.json,4.3,raw
data/raw/CODEFEST/F2_Seguridad_Entorno_Espacial/CSIS_Aerospace/articulos/CSIS_2022-06-02-save-the-last-dance-for-the-international-space-station.json,.json,20.3,raw
data/raw/CODEFEST/F2_Seguridad_Entorno_Espacial/CSIS_Aerospace/articulos/CSIS_2018-12-21-bad-idea-conflating-the-space-force-with-nasa.json,.json,3.3,raw
data/raw/CODEFEST/F2_Seguridad_Entorno_Espacial/CSIS_Aerospace/articulos/CSIS_2025-10-06-what-will-international-partnerships-look-like-post-international-space-st.json,.json,1.5,raw
data/raw/CODEFEST/F2_Seguridad_Entorno_Espacial/CSIS_Aerospace/articulos/CSIS_2024-08-19-why-hasnt-starliner-returned.json,.json,21.0,raw
data/raw/CODEFEST/F2_Seguridad_Entorno_Espacial/CSIS_Aerospace/articulos/CSIS_2024-11-08-why-did-south-korea-create-a-new-space-agency.json,.json,2.9,raw
data/raw/CODEFEST/F2_Seguridad_Entorno_Espacial/CSIS_Aerospace/articulos/CSIS_2021-04-01-space-threat-assessment-2021.json,.json,3.5,raw
data/raw/CODEFEST/F2_Seguridad_Entorno_Espacial/CSIS_Aerospace/articulos/CSIS_2022-04-04-space-threat-assessment-2022.json,.json,4.9,raw
data/raw/CODEFEST/F2_Seguridad_Entorno_Espacial/CSIS_Aerospace/articulos/CSIS_2018-09-25-understanding-national-security-space.json,.json,7.9,raw
data/raw/CODEFEST/F2_Seguridad_Entorno_Espacial/CSIS_Aerospace/articulos/CSIS_2020-03-30-report-space-threat-assessment-2020.json,.json,4.1,raw
data/raw/CODEFEST/F2_Seguridad_Entorno_Espacial/CSIS_Aerospace/articulos/CSIS_2022-01-12-the-problem-of-orbital-debris.json,.json,13.7,raw
data/raw/CODEFEST/F2_Seguridad_Entorno_Espacial/CSIS_Aerospace/articulos/CSIS_2024-05-17-pedal-to-the-metal-accelerating-pentagon-integration-of-commercial-space.json,.json,21.5,raw
data/raw/CODEFEST/F2_Seguridad_Entorno_Espacial/CSIS_Aerospace/articulos/CSIS_2023-05-30-does-the-fy24-budget-request-reflect-defense-priorities.json,.json,12.4,raw
data/raw/CODEFEST/F2_Seguridad_Entorno_Espacial/CSIS_Aerospace/articulos/CSIS_2020-03-30-space-threat-assessment-2020.json,.json,586.6,raw
data/raw/CODEFEST/F2_Seguridad_Entorno_Espacial/CSIS_Aerospace/articulos/CSIS_2022-12-22-us-space-force-primer.json,.json,423.1,raw
data/raw/CODEFEST/F2_Seguridad_Entorno_Espacial/CSIS_Aerospace/articulos/CSIS_2020-03-29-a-foreword-to-space-threat-assessment-2020.json,.json,5.9,raw
data/raw/CODEFEST/F2_Seguridad_Entorno_Espacial/CSIS_Aerospace/articulos/CSIS_2022-03-04-battle-networks-and-the-future-force-part-3.json,.json,3.0,raw
data/raw/CODEFEST/F2_Seguridad_Entorno_Espacial/CSIS_Aerospace/articulos/CSIS_2024-05-06-u-s-civil-space-primer.json,.json,3.9,raw
data/raw/CODEFEST/F2_Seguridad_Entorno_Espacial/CSIS_Aerospace/articulos/CSIS_2019-11-18-the-air-force-digital-century-series-beyond-the-buzzwords.json,.json,5.2,raw
data/raw/CODEFEST/F2_Seguridad_Entorno_Espacial/CSIS_Aerospace/articulos/CSIS_2020-10-29-cross-domain-competition-how-organizational-stovepipes-create-risks-for-sh.json,.json,3.6,raw
data/raw/CODEFEST/F2_Seguridad_Entorno_Espacial/CSIS_Aerospace/articulos/CSIS_2019-04-26-video-china-in-space-a-strategic-competition.json,.json,1.2,raw
data/raw/CODEFEST/F2_Seguridad_Entorno_Espacial/CSIS_Aerospace/articulos/CSIS_2018-06-19-how-does-space-policy-directive-3-affect-space-traffic-management.json,.json,14.5,raw
data/raw/CODEFEST/F2_Seguridad_Entorno_Espacial/CSIS_Aerospace/articulos/CSIS_2018-10-17-u-s-missile-defense-and-the-theater-strategic-nexus.json,.json,3.1,raw
data/raw/CODEFEST/F2_Seguridad_Entorno_Espacial/CSIS_Aerospace/articulos/CSIS_2020-09-14-how-does-space-policy-directive-5-change-cybersecurity-principles-for-spac.json,.json,14.2,raw
data/raw/CODEFEST/F2_Seguridad_Entorno_Espacial/CSIS_Aerospace/articulos/CSIS_2024-03-14-the-evolution-of-french-space-security.json,.json,2.6,raw
data/raw/CODEFEST/F2_Seguridad_Entorno_Espacial/CSIS_Aerospace/articulos/CSIS_2018-07-31-beyond-the-glass-ceiling-why-nasa-must-continue-to-launch-a-diverse-astron.json,.json,12.7,raw
data/raw/CODEFEST/F2_Seguridad_Entorno_Espacial/CSIS_Aerospace/articulos/CSIS_2024-01-19-no-place-to-hide-a-look-into-chinas-geosynchronous-surveillance-capabiliti.json,.json,23.4,raw
data/raw/CODEFEST/F2_Seguridad_Entorno_Espacial/CSIS_Aerospace/articulos/CSIS_2020-05-05-what-the-fcc-ligado-approval-means-for-u-s-military-systems.json,.json,17.7,raw
data/raw/CODEFEST/F2_Seguridad_Entorno_Espacial/CSIS_Aerospace/articulos/CSIS_2018-06-01-podcast-a-behind-the-scenes-look-at-space-threats.json,.json,1.9,raw
data/raw/CODEFEST/F2_Seguridad_Entorno_Espacial/CSIS_Aerospace/articulos/CSIS_2021-03-31-counterspace-timeline.json,.json,1.8,raw
data/raw/CODEFEST/F2_Seguridad_Entorno_Espacial/CSIS_Aerospace/articulos/CSIS_2023-08-30-another-leap-forward-indias-historic-moon-landing-and-the-space-competitio.json,.json,18.2,raw
data/raw/CODEFEST/F2_Seguridad_Entorno_Espacial/CSIS_Aerospace/articulos/CSIS_2020-10-26-a-balance-of-instability-effects-of-a-direct-ascent-anti-satellite-weapons.json,.json,5.4,raw
data/raw/CODEFEST/F2_Seguridad_Entorno_Espacial/CSIS_Aerospace/articulos/CSIS_2019-04-04-report-space-threat-assessment-2019.json,.json,4.5,raw
data/raw/CODEFEST/F2_Seguridad_Entorno_Espacial/CSIS_Aerospace/articulos/CSIS_2022-12-14-low-orbit-high-stakes-all-in-on-the-leo-broadband-competition.json,.json,3.3,raw
data/raw/CODEFEST/F2_Seguridad_Entorno_Espacial/CSIS_Aerospace/articulos/CSIS_2018-09-17-the-sixth-service-what-the-reorganization-of-special-operations-forces-can.json,.json,1.5,raw
data/raw/CODEFEST/F2_Seguridad_Entorno_Espacial/CSIS_Aerospace/articulos/CSIS_2025-03-14-bringing-the-private-sector-to-space.json,.json,5.3,raw
data/raw/CODEFEST/F2_Seguridad_Entorno_Espacial/CSIS_Aerospace/articulos/CSIS_2025-03-17-u-s-leadership-in-lunar-spectrum-policy.json,.json,3.9,raw
data/raw/CODEFEST/F2_Seguridad_Entorno_Espacial/CSIS_Aerospace/articulos/CSIS_2019-02-20-how-does-space-policy-directive-4-reorganize-u-s-military-space-operations.json,.json,17.9,raw
data/raw/CODEFEST/F2_Seguridad_Entorno_Espacial/CSIS_Aerospace/articulos/CSIS_july-22-2-space-threat-assessment-2023.json,.json,0.9,raw
data/raw/CODEFEST/F2_Seguridad_Entorno_Espacial/CSIS_Aerospace/articulos/CSIS_2022-03-04-battlenetworks.json,.json,3.9,raw
data/raw/CODEFEST/F2_Seguridad_Entorno_Espacial/CSIS_Aerospace/articulos/CSIS_2024-10-31-space-in-focus.json,.json,4.6,raw
data/raw/CODEFEST/F2_Seguridad_Entorno_Espacial/CSIS_Aerospace/articulos/CSIS_2025-04-10-next-steps-for-the-u-s-japan-space-alliance.json,.json,15.4,raw
data/raw/CODEFEST/F2_Seguridad_Entorno_Espacial/CSIS_Aerospace/articulos/CSIS_2021-09-21-congressional-testimony-nasas-future-in-low-earth-orbit.json,.json,37.0,raw
data/raw/CODEFEST/F2_Seguridad_Entorno_Espacial/CSIS_Aerospace/articulos/CSIS_2024-10-21-salmon-swimming-upstream-charting-a-course-in-cislunar-space.json,.json,2.7,raw
data/raw/CODEFEST/F2_Seguridad_Entorno_Espacial/CSIS_Aerospace/articulos/CSIS_2024-10-01-gold-rush-the-2024-commercial-remote-sensing-global-rankings.json,.json,2.7,raw
data/raw/CODEFEST/F2_Seguridad_Entorno_Espacial/CSIS_Aerospace/articulos/CSIS_2019-04-11-commanding-space-story-behind-the-space-force.json,.json,2.3,raw
data/raw/CODEFEST/F2_Seguridad_Entorno_Espacial/CSIS_Aerospace/articulos/CSIS_2019-08-28-what-does-the-trump-administrations-new-memorandum-mean-for-nuclear-powere.json,.json,21.1,raw
data/raw/CODEFEST/F2_Seguridad_Entorno_Espacial/CSIS_Aerospace/articulos/CSIS_2024-08-23-from-earth-to-uchu-the-evolution-of-japans-space-security-policy-and-a-blu.json,.json,4.2,raw
data/raw/CODEFEST/F2_Seguridad_Entorno_Espacial/CSIS_Aerospace/articulos/CSIS_2025-03-14-missile-technology-control-regime-reform-key-changes-and-next-steps.json,.json,33.3,raw
data/raw/CODEFEST/F2_Seguridad_Entorno_Espacial/CSIS_Aerospace/articulos/CSIS_2024-01-11-mission-authorization-decoding-the-space-policy-dilemma.json,.json,21.6,raw
data/raw/CODEFEST/F2_Seguridad_Entorno_Espacial/CSIS_Aerospace/articulos/CSIS_2019-11-11-how-the-air-force-can-save-30-billion.json,.json,7.3,raw
data/raw/CODEFEST/F2_Seguridad_Entorno_Espacial/CSIS_Aerospace/articulos/CSIS_2021-02-10-the-need-for-innovation-and-continuity-in-national-security-space-during-t.json,.json,2.4,raw
data/raw/CODEFEST/F2_Seguridad_Entorno_Espacial/CSIS_Aerospace/articulos/CSIS_2018-10-03-why-a-space-force-can-wait.json,.json,18.4,raw
data/raw/CODEFEST/F2_Seguridad_Entorno_Espacial/CSIS_Aerospace/articulos/CSIS_2024-07-30-why-did-china-and-russia-stage-a-joint-bomber-exercise-near-alaska.json,.json,26.9,raw
data/raw/CODEFEST/F2_Seguridad_Entorno_Espacial/CSIS_Aerospace/articulos/CSIS_2020-07-13-strategic-interest-in-cislunar-space-and-the-moon.json,.json,2.1,raw
data/raw/CODEFEST/F2_Seguridad_Entorno_Espacial/CSIS_Aerospace/articulos/CSIS_2022-02-02-commercial-space-remote-sensing-and-its-role-in-national-security.json,.json,3.1,raw
data/raw/CODEFEST/F2_Seguridad_Entorno_Espacial/CSIS_Aerospace/articulos/CSIS_2024-06-28-is-there-a-path-to-counter-russias-space-weapons.json,.json,34.2,raw
data/raw/CODEFEST/F2_Seguridad_Entorno_Espacial/CSIS_Aerospace/articulos/CSIS_2025-04-10-the-future-of-military-power-is-space-power.json,.json,27.1,raw
data/raw/CODEFEST/F2_Seguridad_Entorno_Espacial/CSIS_Aerospace/articulos/CSIS_2026-04-20-artemis-rewritten-nasas-new-moon-plan-its-risks-and-whether-the-u-s-can-st.json,.json,3.5,raw
data/raw/CODEFEST/F2_Seguridad_Entorno_Espacial/CSIS_Aerospace/articulos/CSIS_2019-04-25-congressional-testimony-china-in-space.json,.json,67.7,raw
data/raw/CODEFEST/F2_Seguridad_Entorno_Espacial/CSIS_Aerospace/articulos/CSIS_2019-03-01-is-the-white-house-planning-to-hold-the-space-station-hostage.json,.json,20.2,raw
data/raw/CODEFEST/F2_Seguridad_Entorno_Espacial/CSIS_Aerospace/articulos/CSIS_2019-07-23-to-the-moon-in-five-years-understanding-nasas-artemis-program.json,.json,18.8,raw
data/raw/CODEFEST/F2_Seguridad_Entorno_Espacial/CSIS_Aerospace/articulos/CSIS_2025-03-14-why-should-the-united-states-prioritize-mars.json,.json,22.4,raw
data/raw/CODEFEST/F2_Seguridad_Entorno_Espacial/CSIS_Aerospace/articulos/CSIS_2023-01-13-u-s-space-based-nuclear-command-and-control-a-guide.json,.json,2.8,raw
data/raw/CODEFEST/F2_Seguridad_Entorno_Espacial/CSIS_Aerospace/articulos/CSIS_2022-01-11-asat-prisoners-dilemma.json,.json,29.3,raw
data/raw/CODEFEST/F2_Seguridad_Entorno_Espacial/CSIS_Aerospace/articulos/CSIS_2019-04-04-deaf-dumb-blind-and-impotent-in-space.json,.json,6.1,raw
data/raw/CODEFEST/F2_Seguridad_Entorno_Espacial/CSIS_Aerospace/articulos/CSIS_2025-03-05-protecting-the-homeland-the-iron-dome-for-america.json,.json,2.2,raw
data/raw/CODEFEST/F2_Seguridad_Entorno_Espacial/CSIS_Aerospace/articulos/CSIS_2019-10-29-report-the-air-force-of-the-future.json,.json,5.3,raw
data/raw/CODEFEST/F2_Seguridad_Entorno_Espacial/CSIS_Aerospace/articulos/CSIS_2020-10-15-exploring-insights-from-new-space-agencies.json,.json,5.8,raw
data/raw/CODEFEST/F2_Seguridad_Entorno_Espacial/CSIS_Aerospace/articulos/CSIS_2022-07-25-the-private-sectors-assessment-of-u-s-space-policy-and-law.json,.json,230.0,raw
data/raw/CODEFEST/F2_Seguridad_Entorno_Espacial/CSIS_Aerospace/articulos/CSIS_2022-02-15-fly-me-to-the-moon-worldwide-cislunar-and-lunar-missions.json,.json,6.3,raw
data/raw/CODEFEST/F2_Seguridad_Entorno_Espacial/CSIS_Aerospace/articulos/CSIS_2020-06-24-challenges-and-opportunities-of-nigerias-space-policy.json,.json,289.7,raw
data/raw/CODEFEST/F2_Seguridad_Entorno_Espacial/CSIS_Aerospace/articulos/CSIS_2023-04-14-space-threat-assessment-2023.json,.json,6.4,raw
data/raw/CODEFEST/F2_Seguridad_Entorno_Espacial/CSIS_Aerospace/articulos/CSIS_2024-04-17-space-threat-assessment-2024.json,.json,2.3,raw
data/raw/CODEFEST/F2_Seguridad_Entorno_Espacial/CSIS_Aerospace/articulos/CSIS_2021-08-05-battle-networks-and-the-future-force.json,.json,6.0,raw
data/raw/CODEFEST/F2_Seguridad_Entorno_Espacial/CSIS_Aerospace/articulos/CSIS_2021-03-03-rethinking-the-role-of-remotely-crewed-systems-in-the-future-force.json,.json,5.5,raw
data/raw/CODEFEST/F2_Seguridad_Entorno_Espacial/CSIS_Aerospace/articulos/CSIS_2018-07-02-why-a-space-based-missile-interceptor-system-is-not-viable.json,.json,1.3,raw
data/raw/CODEFEST/F2_Seguridad_Entorno_Espacial/CSIS_Aerospace/articulos/CSIS_2024-05-15-2024-priorities-for-the-intelligence-community.json,.json,57.1,raw
data/raw/CODEFEST/F2_Seguridad_Entorno_Espacial/CSIS_Aerospace/articulos/CSIS_2018-08-07-unmanned-aerial-systems-influences-on-conflict-escalation-dynamics.json,.json,265.3,raw
data/raw/CODEFEST/F2_Seguridad_Entorno_Espacial/CSIS_Aerospace/csis_pdfs/CSIS_catalog-2.csv,.csv,1.0,raw
data/raw/CODEFEST/F2_Seguridad_Entorno_Espacial/CSIS_Aerospace/csis_pdfs/CSIS_catalog-2.json,.json,1.5,raw
data/raw/CODEFEST/F2_Seguridad_Entorno_Espacial/CSIS_Aerospace/pdfs_full/.DS_Store,,6.0,raw
data/raw/CODEFEST/F2_Seguridad_Entorno_Espacial/CSIS_Aerospace/pdfs_full/Space_Threat_Assessment/CSIS_harrison-spacethreatassessment2022-web-v3-compressed.pdf,.pdf,7367.1,raw
data/raw/CODEFEST/F2_Seguridad_Entorno_Espacial/CSIS_Aerospace/pdfs_full/Space_Threat_Assessment/CSIS_spacethreatassessment2019-compressed.pdf,.pdf,11666.4,raw
data/raw/CODEFEST/F2_Seguridad_Entorno_Espacial/CSIS_Aerospace/pdfs_full/Space_Threat_Assessment/CSIS_240417-swope-spacethreatassessment-2024.pdf,.pdf,9300.1,raw
data/raw/CODEFEST/F2_Seguridad_Entorno_Espacial/CSIS_Aerospace/pdfs_full/Space_Threat_Assessment/CSIS_230414-bingen-space-assessment.pdf,.pdf,13651.8,raw
data/raw/CODEFEST/F2_Seguridad_Entorno_Espacial/CSIS_Aerospace/pdfs_full/Space_Threat_Assessment/CSIS_harrison-spacethreatassessment20-web-final-min.pdf,.pdf,9578.4,raw
data/raw/CODEFEST/F2_Seguridad_Entorno_Espacial/CSIS_Aerospace/pdfs_full/Space_Threat_Assessment/CSIS_harrison-spacethreatassessment2021.pdf,.pdf,9013.8,raw
data/raw/CODEFEST/F2_Seguridad_Entorno_Espacial/CSIS_Aerospace/pdfs_full/Space_Threat_Assessment/CSIS_250425-swope-space-threat.pdf,.pdf,10851.6,raw
data/raw/CODEFEST/F2_Seguridad_Entorno_Espacial/CSIS_Aerospace/pdfs_full/Space_Threat_Assessment/CSIS_230414-bingen-spacethreatassessment-2023-updated-min.pdf,.pdf,7287.2,raw
data/raw/CODEFEST/F2_Seguridad_Entorno_Espacial/CSIS_Aerospace/pdfs_full/Otros/CSIS_20200714-kaplan-cislunar-final.pdf,.pdf,528.3,raw
data/raw/CODEFEST/F2_Seguridad_Entorno_Espacial/CSIS_Aerospace/pdfs_full/Otros/CSIS_240314-young-french-space.pdf,.pdf,1931.4,raw
data/raw/CODEFEST/F2_Seguridad_Entorno_Espacial/CSIS_Aerospace/pdfs_full/Otros/CSIS_2020-gwu-exploringinsights-final-2nd-edits-101920-compressed.pdf,.pdf,987.9,raw
data/raw/CODEFEST/F2_Seguridad_Entorno_Espacial/CSIS_Aerospace/pdfs_full/Otros/CSIS_191029-harrison-airforceofthefuture-web4.pdf,.pdf,4602.1,raw
data/raw/CODEFEST/F2_Seguridad_Entorno_Espacial/CSIS_Aerospace/pdfs_full/Otros/CSIS_civil-space-primer-mchang-min.pdf,.pdf,1333.4,raw
data/raw/CODEFEST/F2_Seguridad_Entorno_Espacial/CSIS_Aerospace/pdfs_full/Otros/CSIS_harrison-intlperspectivesspaceweapons-compressed.pdf,.pdf,932.3,raw
data/raw/CODEFEST/F2_Seguridad_Entorno_Espacial/CSIS_Aerospace/pdfs_full/Otros/CSIS_2024-24091.pdf,.pdf,432.2,raw
data/raw/CODEFEST/F2_Seguridad_Entorno_Espacial/CSIS_Aerospace/pdfs_full/Otros/CSIS_220202-harrison-commercial-space-compressed.pdf,.pdf,501.2,raw
data/raw/CODEFEST/F2_Seguridad_Entorno_Espacial/CSIS_Aerospace/pdfs_full/Otros/CSIS_240417-swope-space-threat-0.pdf,.pdf,14312.8,raw
data/raw/CODEFEST/F2_Seguridad_Entorno_Espacial/CSIS_Aerospace/pdfs_full/Otros/CSIS_ig-22-007.pdf,.pdf,3728.8,raw
data/raw/CODEFEST/F2_Seguridad_Entorno_Espacial/CSIS_Aerospace/pdfs_full/Otros/CSIS_organizational-management-structure-dod-national-security-space-components.pdf,.pdf,102.4,raw
data/raw/CODEFEST/F2_Seguridad_Entorno_Espacial/CSIS_Aerospace/pdfs_full/Otros/CSIS_210709-weitz-chinese-russian-exercises.pdf,.pdf,143.8,raw
data/raw/CODEFEST/F2_Seguridad_Entorno_Espacial/CSIS_Aerospace/pdfs_full/Otros/CSIS_todd-harrison-testimony-nasas-future-in-low-earth-orbit-9.21.21.pdf,.pdf,146.4,raw
data/raw/CODEFEST/F2_Seguridad_Entorno_Espacial/CSIS_Aerospace/pdfs_full/Otros/CSIS_211103-harrison-battle-networks-part2-compressed.pdf,.pdf,280.8,raw
data/raw/CODEFEST/F2_Seguridad_Entorno_Espacial/CSIS_Aerospace/pdfs_full/Otros/CSIS_rumsfeldcommission.pdf,.pdf,26766.5,raw
data/raw/CODEFEST/F2_Seguridad_Entorno_Espacial/CSIS_Aerospace/pdfs_full/Otros/CSIS_osi-international-open-letter-asats-public.pdf,.pdf,330.6,raw
data/raw/CODEFEST/F2_Seguridad_Entorno_Espacial/CSIS_Aerospace/pdfs_full/Otros/CSIS_181119-harrison-spaceforce-layout-final.pdf,.pdf,2103.2,raw
data/raw/CODEFEST/F2_Seguridad_Entorno_Espacial/CSIS_Aerospace/pdfs_full/Otros/CSIS_032321-harrisonjohnsonyoung-defenseagainstdarkartsinspace-report-update-compressed.pdf,.pdf,17801.1,raw
data/raw/CODEFEST/F2_Seguridad_Entorno_Espacial/CSIS_Aerospace/pdfs_full/Otros/CSIS_678697.pdf,.pdf,1698.6,raw
data/raw/CODEFEST/F2_Seguridad_Entorno_Espacial/CSIS_Aerospace/pdfs_full/Otros/CSIS_how-the-air-force-can-save-30-billion.pdf,.pdf,386.5,raw
data/raw/CODEFEST/F2_Seguridad_Entorno_Espacial/CSIS_Aerospace/pdfs_full/Otros/CSIS_2022-iss-transition-report-final-tagged.pdf,.pdf,6005.4,raw
data/raw/CODEFEST/F2_Seguridad_Entorno_Espacial/CSIS_Aerospace/pdfs_full/Otros/CSIS_regional-perspectives-on-norms-of-behaviour-for-outer-space-activities-en-622.pdf,.pdf,2143.7,raw
data/raw/CODEFEST/F2_Seguridad_Entorno_Espacial/CSIS_Aerospace/pdfs_full/Otros/CSIS_190313-spaceportsoftheworld.pdf,.pdf,22047.4,raw
data/raw/CODEFEST/F2_Seguridad_Entorno_Espacial/CSIS_Aerospace/pdfs_full/Otros/CSIS_dwyer-nuclearnexus-cross-domain-competition1.pdf,.pdf,2489.5,raw
data/raw/CODEFEST/F2_Seguridad_Entorno_Espacial/CSIS_Aerospace/pdfs_full/Otros/CSIS_chance-saltzman-testimony.pdf,.pdf,334.4,raw
data/raw/CODEFEST/F2_Seguridad_Entorno_Espacial/CSIS_Aerospace/pdfs_full/Otros/CSIS_2024-dod-commercial-space-integration-strategy.pdf,.pdf,1702.1,raw
data/raw/CODEFEST/F2_Seguridad_Entorno_Espacial/CSIS_Aerospace/pdfs_full/Otros/CSIS_harrison-endgame-d360.pdf,.pdf,724.6,raw
data/raw/CODEFEST/F2_Seguridad_Entorno_Espacial/CSIS_Aerospace/pdfs_full/Otros/CSIS_220215-johnson-flyme-moon-web.pdf,.pdf,3230.7,raw
data/raw/CODEFEST/F2_Seguridad_Entorno_Espacial/CSIS_Aerospace/pdfs_full/Otros/CSIS_250515-bingen-intelligence-priorities.pdf,.pdf,517.4,raw
data/raw/CODEFEST/F2_Seguridad_Entorno_Espacial/CSIS_Aerospace/pdfs_full/Otros/CSIS_space-force-doctrine-document-1-final-4apr25.pdf,.pdf,1425.3,raw
data/raw/CODEFEST/F2_Seguridad_Entorno_Espacial/CSIS_Aerospace/pdfs_full/Otros/CSIS_nasa-act1958.pdf,.pdf,1043.2,raw
data/raw/CODEFEST/F2_Seguridad_Entorno_Espacial/CSIS_Aerospace/pdfs_full/Otros/CSIS_fy-2019-uscg-congressional-justification.pdf,.pdf,4651.3,raw
data/raw/CODEFEST/F2_Seguridad_Entorno_Espacial/CSIS_Aerospace/pdfs_full/Otros/CSIS_bingen-earth-uchu-japanese-0120025final.pdf,.pdf,2487.0,raw
data/raw/CODEFEST/F2_Seguridad_Entorno_Espacial/CSIS_Aerospace/pdfs_full/Otros/CSIS_pub1798-web.pdf,.pdf,2530.8,raw
data/raw/CODEFEST/F2_Seguridad_Entorno_Espacial/CSIS_Aerospace/pdfs_full/Otros/CSIS_dsb-commercial-space-final-report-forpublicrelease.pdf,.pdf,2156.2,raw
data/raw/CODEFEST/F2_Seguridad_Entorno_Espacial/CSIS_Aerospace/pdfs_full/Otros/CSIS_ig-21-004.pdf,.pdf,2210.8,raw
data/raw/CODEFEST/F2_Seguridad_Entorno_Espacial/CSIS_Aerospace/pdfs_full/Otros/CSIS_2024-architecture-executive-overview.pdf,.pdf,16757.2,raw
data/raw/CODEFEST/F2_Seguridad_Entorno_Espacial/CSIS_Aerospace/pdfs_full/Otros/CSIS_csla-report-4-4-16-final.pdf,.pdf,63.6,raw
data/raw/CODEFEST/F2_Seguridad_Entorno_Espacial/CSIS_Aerospace/pdfs_full/Otros/CSIS_iss-johnson-csis-october-2025.pdf,.pdf,766.6,raw
data/raw/CODEFEST/F2_Seguridad_Entorno_Espacial/CSIS_Aerospace/pdfs_full/Otros/CSIS_91333.pdf,.pdf,126.4,raw
data/raw/CODEFEST/F2_Seguridad_Entorno_Espacial/CSIS_Aerospace/pdfs_full/Otros/CSIS_221214-young-loworbit-highstakes-min.pdf,.pdf,586.1,raw
data/raw/CODEFEST/F2_Seguridad_Entorno_Espacial/CSIS_Aerospace/pdfs_full/Otros/CSIS_ata-2024-unclassified-report.pdf,.pdf,847.8,raw
data/raw/CODEFEST/F2_Seguridad_Entorno_Espacial/CSIS_Aerospace/pdfs_full/Otros/CSIS_bills-115hr2810eh.pdf,.pdf,1806.2,raw
data/raw/CODEFEST/F2_Seguridad_Entorno_Espacial/CSIS_Aerospace/pdfs_full/Otros/CSIS_20210914-duke-osam.pdf,.pdf,434.5,raw
data/raw/CODEFEST/F2_Seguridad_Entorno_Espacial/CSIS_Aerospace/pdfs_full/Otros/CSIS_20230202-testimony-to-house-e-c-comms-and-tech-subcomm-csis-bingen.pdf,.pdf,590.0,raw
data/raw/CODEFEST/F2_Seguridad_Entorno_Espacial/CSIS_Aerospace/pdfs_full/Otros/CSIS_0103space.pdf,.pdf,220.8,raw
data/raw/CODEFEST/F2_Seguridad_Entorno_Espacial/CSIS_Aerospace/pdfs_full/Otros/CSIS_dolman.pdf,.pdf,64.5,raw
data/raw/CODEFEST/F2_Seguridad_Entorno_Espacial/CSIS_Aerospace/pdfs_full/Otros/CSIS_ussf-commercial-space-strategy.pdf,.pdf,1225.8,raw
data/raw/CODEFEST/F2_Seguridad_Entorno_Espacial/CSIS_Aerospace/pdfs_full/Otros/CSIS_05172018-babin-opening-leo.pdf,.pdf,227.2,raw
data/raw/CODEFEST/F2_Seguridad_Entorno_Espacial/CSIS_Aerospace/pdfs_full/Otros/CSIS_chandra-artemis-rewritten.pdf,.pdf,413.7,raw
data/raw/CODEFEST/F2_Seguridad_Entorno_Espacial/CSIS_Aerospace/pdfs_full/Otros/CSIS_another-leap-forward-indias-historic-moon-landing-and-the-space-competition-unde.pdf,.pdf,250.8,raw
data/raw/CODEFEST/F2_Seguridad_Entorno_Espacial/CSIS_Aerospace/pdfs_full/Otros/CSIS_190425-harrison-chinaspace.pdf,.pdf,832.0,raw
data/raw/CODEFEST/F2_Seguridad_Entorno_Espacial/CSIS_Aerospace/pdfs_full/Otros/CSIS_240823-bingen-earth-uchu-min.pdf,.pdf,1274.4,raw
data/raw/CODEFEST/F2_Seguridad_Entorno_Espacial/CSIS_Aerospace/pdfs_full/Otros/CSIS_nsc-25-scientific-or-technological-experiements-with-possible-large-scale-adverse-env.pdf,.pdf,111.4,raw
data/raw/CODEFEST/F2_Seguridad_Entorno_Espacial/CSIS_Aerospace/pdfs_full/Otros/CSIS_2kaitlyn-a-balance-of-instability.pdf,.pdf,3702.9,raw
data/raw/CODEFEST/F2_Seguridad_Entorno_Espacial/CSIS_Aerospace/pdfs_full/Otros/CSIS_fy19-green-book.pdf,.pdf,8052.8,raw
data/raw/CODEFEST/F2_Seguridad_Entorno_Espacial/CSIS_Aerospace/pdfs_full/Otros/CSIS_a76-incl-tech-correction.pdf,.pdf,519.0,raw
data/raw/CODEFEST/F2_Seguridad_Entorno_Espacial/CSIS_Aerospace/pdfs_full/Otros/CSIS_sp1235v2web.pdf,.pdf,5097.9,raw
data/raw/CODEFEST/F2_Seguridad_Entorno_Espacial/CSIS_Aerospace/pdfs_full/Otros/CSIS_ndaa-space-force.2.pdf,.pdf,217.2,raw
data/raw/CODEFEST/F2_Seguridad_Entorno_Espacial/CSIS_Aerospace/pdfs_full/Otros/CSIS_fy2019-presidents-budget-nasa.pdf,.pdf,13734.5,raw
data/raw/CODEFEST/F2_Seguridad_Entorno_Espacial/CSIS_Aerospace/pdfs_full/Otros/CSIS_asat-test-ban-min.pdf,.pdf,118.1,raw
data/raw/CODEFEST/F2_Seguridad_Entorno_Espacial/CSIS_Aerospace/pdfs_full/Otros/CSIS_241021-swope-swimmimg-upstream-0-compressed.pdf,.pdf,8300.9,raw
data/raw/CODEFEST/F2_Seguridad_Entorno_Espacial/CSIS_Aerospace/pdfs_full/Otros/CSIS_debris-in-brief-factsheet.pdf,.pdf,123.0,raw
data/raw/CODEFEST/F2_Seguridad_Entorno_Espacial/CSIS_Aerospace/pdfs_full/Otros/CSIS_181018-roberts-24satellitesmissiledefense.pdf,.pdf,1053.4,raw
data/raw/CODEFEST/F2_Seguridad_Entorno_Espacial/CSIS_Aerospace/pdfs_full/Otros/CSIS_675694.pdf,.pdf,779.3,raw
data/raw/CODEFEST/F2_Seguridad_Entorno_Espacial/CSIS_Aerospace/pdfs_full/Otros/CSIS_fy17-ndaa-1616-omb-report.pdf,.pdf,1450.7,raw
data/raw/CODEFEST/F2_Seguridad_Entorno_Espacial/CSIS_Aerospace/pdfs_full/Otros/CSIS_3.5.25-irondome-1.pdf,.pdf,231.0,raw
data/raw/CODEFEST/F2_Seguridad_Entorno_Espacial/CSIS_Aerospace/pdfs_full/Otros/CSIS_iac-16b121x33088.brief.pdf,.pdf,34.9,raw
data/raw/CODEFEST/F2_Seguridad_Entorno_Espacial/CSIS_Aerospace/pdfs_full/Otros/CSIS_lunar-spectrum-policy-1.pdf,.pdf,649.2,raw
data/raw/CODEFEST/F2_Seguridad_Entorno_Espacial/CSIS_Aerospace/pdfs_full/Otros/CSIS_plaw-116publ92.pdf,.pdf,2956.6,raw
data/raw/CODEFEST/F2_Seguridad_Entorno_Espacial/CSIS_Aerospace/pdfs_full/Otros/CSIS_cheng-uscc-testimony-final.pdf,.pdf,556.2,raw
data/raw/CODEFEST/F2_Seguridad_Entorno_Espacial/CSIS_Aerospace/pdfs_full/Otros/CSIS_2022-national-defense-strategy-npr-mdr.pdf,.pdf,8234.0,raw
data/raw/CODEFEST/F2_Seguridad_Entorno_Espacial/CSIS_Aerospace/pdfs_full/Otros/CSIS_c8ea8c3bc071c03e5e83203b4060f784.mr.-william-gerstenmaier-testimony.pdf,.pdf,252.6,raw
data/raw/CODEFEST/F2_Seguridad_Entorno_Espacial/CSIS_Aerospace/pdfs_full/Otros/CSIS_starliner-notebook.pdf,.pdf,5726.7,raw
data/raw/CODEFEST/F2_Seguridad_Entorno_Espacial/CSIS_Aerospace/pdfs_full/Otros/CSIS_johnson-endgame-d360.pdf,.pdf,701.8,raw
data/raw/CODEFEST/F2_Seguridad_Entorno_Espacial/CSIS_Aerospace/pdfs_full/Otros/CSIS_memorandum-on-space-policy-directive-5cybersecurity-principles-for-space-systems-the.pdf,.pdf,126.1,raw
data/raw/CODEFEST/F2_Seguridad_Entorno_Espacial/CSIS_Aerospace/pdfs_full/Otros/CSIS_181017-usmissiledefense.pdf,.pdf,69.4,raw
data/raw/CODEFEST/F2_Seguridad_Entorno_Espacial/CSIS_Aerospace/pdfs_full/Otros/CSIS_kevin-wolf-testimony.pdf,.pdf,422.6,raw
data/raw/CODEFEST/F2_Seguridad_Entorno_Espacial/CSIS_Aerospace/pdfs_full/Otros/CSIS_191107-dwyer-beyondthebuzzwords-final.pdf,.pdf,942.4,raw
data/raw/CODEFEST/F2_Seguridad_Entorno_Espacial/CSIS_Aerospace/pdfs_full/Otros/CSIS_25-mccabe.pdf,.pdf,207.3,raw
data/raw/CODEFEST/F2_Seguridad_Entorno_Espacial/CSIS_Aerospace/pdfs_full/Otros/CSIS_210303-harrison-crewed-systems.pdf,.pdf,1053.7,raw
data/raw/CODEFEST/F2_Seguridad_Entorno_Espacial/CSIS_Aerospace/pdfs_full/Otros/CSIS_210805-harrison-battlenetworks-partone.pdf,.pdf,526.5,raw
data/raw/CODEFEST/F2_Seguridad_Entorno_Espacial/CSIS_Aerospace/pdfs_full/Otros/CSIS_240503-stewart-nuclear-option.pdf,.pdf,197.2,raw
data/raw/CODEFEST/F2_Seguridad_Entorno_Espacial/CSIS_Aerospace/pdfs_full/Otros/CSIS_battle-networks-3-compressed.pdf,.pdf,11105.0,raw
data/raw/CODEFEST/F2_Seguridad_Entorno_Espacial/CSIS_Aerospace/pdfs_full/Otros/CSIS_bradley-kasa-final.pdf,.pdf,406.1,raw
data/raw/CODEFEST/F2_Seguridad_Entorno_Espacial/CSIS_Aerospace/pdfs_full/Otros/CSIS_spaceforceprimer-dec22.pdf,.pdf,544.0,raw
data/raw/CODEFEST/F2_Seguridad_Entorno_Espacial/CSIS_Aerospace/pdfs_full/Otros/CSIS_plaw-105publ270.pdf,.pdf,209.8,raw
data/raw/CODEFEST/F2_Seguridad_Entorno_Espacial/CSIS_Aerospace/pdfs_full/Otros/CSIS_johnson-governanceinspace-web-final-1.pdf,.pdf,2061.9,raw
data/raw/CODEFEST/F2_Seguridad_Entorno_Espacial/CSIS_Aerospace/pdfs_full/Otros/CSIS_agoessler-the-private-sectors-assessment-of-u.s.-space-policy-and-law.pdf,.pdf,322.5,raw
data/raw/CODEFEST/F2_Seguridad_Entorno_Espacial/CSIS_Aerospace/pdfs_full/Otros/CSIS_iss-transition-report-180330.pdf,.pdf,1252.5,raw
data/raw/CODEFEST/F2_Seguridad_Entorno_Espacial/CSIS_Aerospace/pdfs_full/Otros/CSIS_wilson-wood-southkorea-20230802.pdf,.pdf,1014.7,raw
data/raw/CODEFEST/F2_Seguridad_Entorno_Espacial/CSIS_Aerospace/pdfs_full/Otros/CSIS_2022-02-04-china-russia-joint-statement-international-relations-entering-a-new-era.pdf,.pdf,193.5,raw
data/raw/CODEFEST/F2_Seguridad_Entorno_Espacial/CSIS_Aerospace/pdfs_full/Otros/CSIS_nationalspaceexplorationcampaign.pdf,.pdf,1390.5,raw
data/raw/CODEFEST/F2_Seguridad_Entorno_Espacial/CSIS_Aerospace/pdfs_full/Otros/CSIS_fy2024-budget-request-overview-book.pdf,.pdf,10273.7,raw
data/raw/CODEFEST/F2_Seguridad_Entorno_Espacial/CSIS_Aerospace/pdfs_full/Otros/CSIS_241001-bingen-gold-rush-min.pdf,.pdf,1499.7,raw
data/raw/CODEFEST/F2_Seguridad_Entorno_Espacial/CSIS_Aerospace/pdfs_full/Otros/CSIS_190626-johnson-spaceforcelegislation-layout-v1.pdf,.pdf,1516.8,raw
data/raw/CODEFEST/F2_Seguridad_Entorno_Espacial/CSIS_Aerospace/pdfs_full/Otros/CSIS_20160005961.pdf,.pdf,460.6,raw
data/raw/CODEFEST/F2_Seguridad_Entorno_Espacial/CSIS_Aerospace/pdfs_full/Otros/CSIS_white-paper22-u.s.-leadership-and-commercial-space-rf-sensing-export-controls-a-press.pdf,.pdf,277.7,raw
data/raw/CODEFEST/F2_Seguridad_Entorno_Espacial/CSIS_Aerospace/pdfs_full/Otros/CSIS_spfi13-604.pdf,.pdf,250.5,raw
data/raw/CODEFEST/F2_Seguridad_Entorno_Espacial/CSIS_Aerospace/pdfs_full/Otros/CSIS_mars-sample-return-independent-review-board-report.pdf,.pdf,9102.5,raw
data/raw/CODEFEST/F2_Seguridad_Entorno_Espacial/CSIS_Aerospace/pdfs_full/Otros/CSIS_allardcommission.pdf,.pdf,374.2,raw
data/raw/CODEFEST/F2_Seguridad_Entorno_Espacial/CSIS_Aerospace/pdfs_full/Otros/CSIS_130223-mv-spacenuclearanalysis.pdf,.pdf,426.5,raw
data/raw/CODEFEST/F2_Seguridad_Entorno_Espacial/UNOOSA/pdfs/2025/UNOOSA_st-space-61rev03s.pdf,.pdf,1279.0,raw
data/raw/CODEFEST/F2_Seguridad_Entorno_Espacial/UNOOSA/pdfs/2025/UNOOSA_st-space-61rev03a.pdf,.pdf,1449.9,raw
data/raw/CODEFEST/F2_Seguridad_Entorno_Espacial/UNOOSA/pdfs/2025/UNOOSA_st-space-61rev03f.pdf,.pdf,1156.1,raw
data/raw/CODEFEST/F2_Seguridad_Entorno_Espacial/UNOOSA/pdfs/2025/UNOOSA_st-space-095e.pdf,.pdf,28426.7,raw
data/raw/CODEFEST/F2_Seguridad_Entorno_Espacial/UNOOSA/pdfs/2025/UNOOSA_st-space-089e.pdf,.pdf,27679.7,raw
data/raw/CODEFEST/F2_Seguridad_Entorno_Espacial/UNOOSA/pdfs/2025/UNOOSA_st-space-61rev03r.pdf,.pdf,2920.1,raw
data/raw/CODEFEST/F2_Seguridad_Entorno_Espacial/UNOOSA/pdfs/2025/UNOOSA_st-space-096e.pdf,.pdf,3602.9,raw
data/raw/CODEFEST/F2_Seguridad_Entorno_Espacial/UNOOSA/pdfs/2025/UNOOSA_st-space-61rev03c.pdf,.pdf,1221.2,raw
data/raw/CODEFEST/F2_Seguridad_Entorno_Espacial/UNOOSA/pdfs/2025/UNOOSA_ensuring-responsible-ai-in-space-and-earth-observation.pdf,.pdf,2742.8,raw
data/raw/CODEFEST/F2_Seguridad_Entorno_Espacial/UNOOSA/pdfs/2025/UNOOSA_st-space-61rev03e.pdf,.pdf,1128.6,raw
data/raw/CODEFEST/F2_Seguridad_Entorno_Espacial/UNOOSA/pdfs/Otros/UNOOSA_performance-standards-guidelines-v2.0-final.pdf,.pdf,2823.6,raw
data/raw/CODEFEST/F2_Seguridad_Entorno_Espacial/UNOOSA/pdfs/2022/UNOOSA_annual-report-2022.pdf,.pdf,8190.4,raw
data/raw/CODEFEST/F2_Seguridad_Entorno_Espacial/UNOOSA/pdfs/2026/UNOOSA_safeguarding-space-issues-note-final.pdf,.pdf,2319.6,raw
data/raw/CODEFEST/F2_Seguridad_Entorno_Espacial/UNOOSA/pdfs/2026/UNOOSA_icg-working-groups-recommendations-2026-03-27.pdf,.pdf,2432.2,raw
data/raw/CODEFEST/F2_Seguridad_Entorno_Espacial/UNOOSA/pdfs/2026/UNOOSA_extracts-from-the-icg-reports-edited-13-04-2026.pdf,.pdf,1457.9,raw
data/raw/CODEFEST/F2_Seguridad_Entorno_Espacial/UNOOSA/pdfs/2021/UNOOSA_annual-report-2021.pdf,.pdf,15674.1,raw
data/raw/CODEFEST/F2_Seguridad_Entorno_Espacial/UNOOSA/pdfs/2021/UNOOSA_st-space-75rev01e.pdf,.pdf,15105.4,raw
data/raw/CODEFEST/F2_Seguridad_Entorno_Espacial/UNOOSA/pdfs/2023/UNOOSA_st-space-091e.pdf,.pdf,1517.6,raw
data/raw/CODEFEST/F2_Seguridad_Entorno_Espacial/UNOOSA/pdfs/2023/UNOOSA_st-space-085e.pdf,.pdf,10485.4,raw
data/raw/CODEFEST/F2_Seguridad_Entorno_Espacial/UNOOSA/pdfs/2023/UNOOSA_st-space-084e.pdf,.pdf,9251.7,raw
data/raw/CODEFEST/F2_Seguridad_Entorno_Espacial/UNOOSA/pdfs/2023/UNOOSA_st-space-073e.pdf,.pdf,6755.6,raw
data/raw/CODEFEST/F2_Seguridad_Entorno_Espacial/UNOOSA/pdfs/2023/UNOOSA_annual-report-2023.pdf,.pdf,20732.9,raw
data/raw/CODEFEST/F2_Seguridad_Entorno_Espacial/UNOOSA/pdfs/2024/UNOOSA_st-space-088r.pdf,.pdf,783.8,raw
data/raw/CODEFEST/F2_Seguridad_Entorno_Espacial/UNOOSA/pdfs/2024/UNOOSA_st-space-092e.pdf,.pdf,6498.5,raw
data/raw/CODEFEST/F2_Seguridad_Entorno_Espacial/UNOOSA/pdfs/2024/UNOOSA_st-space-088s.pdf,.pdf,1318.7,raw
data/raw/CODEFEST/F2_Seguridad_Entorno_Espacial/UNOOSA/pdfs/2024/UNOOSA_st-space-088a.pdf,.pdf,1289.9,raw
data/raw/CODEFEST/F2_Seguridad_Entorno_Espacial/UNOOSA/pdfs/2024/UNOOSA_st-space-088f.pdf,.pdf,1354.9,raw
data/raw/CODEFEST/F2_Seguridad_Entorno_Espacial/UNOOSA/pdfs/2024/UNOOSA_annual-report-2024.pdf,.pdf,20304.5,raw
data/raw/CODEFEST/F2_Seguridad_Entorno_Espacial/UNOOSA/pdfs/2024/UNOOSA_st-space-088e.pdf,.pdf,1862.9,raw
data/raw/CODEFEST/F2_Seguridad_Entorno_Espacial/UNOOSA/pdfs/2024/UNOOSA_st-space-092f.pdf,.pdf,6479.2,raw
data/raw/CODEFEST/F2_Seguridad_Entorno_Espacial/UNOOSA/pdfs/2024/UNOOSA_st-space-088c.pdf,.pdf,1581.4,raw
data/raw/CODEFEST/F1_IA_y_Capacidades_Estrategicas/Atlantic_Council/.DS_Store,,6.0,raw
data/raw/CODEFEST/F1_IA_y_Capacidades_Estrategicas/AI_Index_Stanford/.DS_Store,,6.0,raw
data/raw/CODEFEST/F1_IA_y_Capacidades_Estrategicas/Defensa21_LatAm/defensa21_data/DEFENSA21_catalog-2.json,.json,0.7,raw
data/raw/CODEFEST/F1_IA_y_Capacidades_Estrategicas/Defensa21_LatAm/defensa21_data/DEFENSA21_articulos-2.json,.json,0.0,raw
data/raw/CODEFEST/F1_IA_y_Capacidades_Estrategicas/DAIO/daio_pdfs/DAIO_catalog-2.csv,.csv,12.7,raw
data/raw/CODEFEST/F1_IA_y_Capacidades_Estrategicas/DAIO/daio_pdfs/DAIO_catalog-2.json,.json,20.7,raw
data/raw/CODEFEST/F1_IA_y_Capacidades_Estrategicas/DAIO/daio_pdfs/pdfs/DAIO_study2203-2.pdf,.pdf,1447.3,raw
data/raw/CODEFEST/F1_IA_y_Capacidades_Estrategicas/DAIO/daio_pdfs/pdfs/DAIO_study2316-cautious-data-driven-evolution-sami-jaervinen.pdf,.pdf,1059.7,raw
data/raw/CODEFEST/F1_IA_y_Capacidades_Estrategicas/DAIO/daio_pdfs/pdfs/DAIO_study2202-2.pdf,.pdf,1352.2,raw
data/raw/CODEFEST/F1_IA_y_Capacidades_Estrategicas/DAIO/daio_pdfs/pdfs/DAIO_study2317-a-winding-road-before-scaling-up-kevin-martin-lucie-liversain.pdf,.pdf,1742.4,raw
data/raw/CODEFEST/F1_IA_y_Capacidades_Estrategicas/DAIO/daio_pdfs/pdfs/DAIO_study2527-thinking-before-sinking-borchert-brandlhuber-dzaack.pdf,.pdf,1428.2,raw
data/raw/CODEFEST/F1_IA_y_Capacidades_Estrategicas/DAIO/daio_pdfs/pdfs/DAIO_study2423-overcoming-the-long-shadow-of-the-past-motohiro-tsuchiya.pdf,.pdf,1016.4,raw
data/raw/CODEFEST/F1_IA_y_Capacidades_Estrategicas/DAIO/daio_pdfs/pdfs/DAIO_study2426-his-hands-cant-hit-what-his-eyes-cant-see-borchert-brandlhuber.pdf,.pdf,2252.0,raw
data/raw/CODEFEST/F1_IA_y_Capacidades_Estrategicas/DAIO/daio_pdfs/pdfs/DAIO_study2530-bonds-that-separate-heiko-borchert.pdf,.pdf,1757.3,raw
data/raw/CODEFEST/F1_IA_y_Capacidades_Estrategicas/DAIO/daio_pdfs/pdfs/DAIO_study2308-2.pdf,.pdf,1318.4,raw
data/raw/CODEFEST/F1_IA_y_Capacidades_Estrategicas/DAIO/daio_pdfs/pdfs/DAIO_study2633-controlled-adaptation-and-integration-daniel-fiott.pdf,.pdf,1436.0,raw
data/raw/CODEFEST/F1_IA_y_Capacidades_Estrategicas/DAIO/daio_pdfs/pdfs/DAIO_study2319-harnessing-the-potential-karampekios-sakalis-oikonomou.pdf,.pdf,1024.0,raw
data/raw/CODEFEST/F1_IA_y_Capacidades_Estrategicas/DAIO/daio_pdfs/pdfs/DAIO_study2421-will-the-one-ring-hold-youngwook-park.pdf,.pdf,953.1,raw
data/raw/CODEFEST/F1_IA_y_Capacidades_Estrategicas/DAIO/daio_pdfs/pdfs/DAIO_beware-the-hype.pdf,.pdf,1661.7,raw
data/raw/CODEFEST/F1_IA_y_Capacidades_Estrategicas/DAIO/daio_pdfs/pdfs/DAIO_study2424-intelligent-national-defense-amid-strategic-ambiguity-kitsch-liao.pdf,.pdf,1146.6,raw
data/raw/CODEFEST/F1_IA_y_Capacidades_Estrategicas/DAIO/daio_pdfs/pdfs/DAIO_study2318-servers-before-tanks-andreas-graae.pdf,.pdf,1952.5,raw
data/raw/CODEFEST/F1_IA_y_Capacidades_Estrategicas/DAIO/daio_pdfs/pdfs/DAIO_study2315-embracing-the-organized-mess-dolinko-antebi.pdf,.pdf,963.9,raw
data/raw/CODEFEST/F1_IA_y_Capacidades_Estrategicas/DAIO/daio_pdfs/pdfs/DAIO_study2529-guarding-the-alliances-eastern-frontiers-lipka-wernik-dziegiel.pdf,.pdf,1667.0,raw
data/raw/CODEFEST/F1_IA_y_Capacidades_Estrategicas/DAIO/daio_pdfs/pdfs/DAIO_study2309-2.pdf,.pdf,1467.8,raw
data/raw/CODEFEST/F1_IA_y_Capacidades_Estrategicas/DAIO/daio_pdfs/pdfs/DAIO_study2206-2.pdf,.pdf,1353.8,raw
data/raw/CODEFEST/F1_IA_y_Capacidades_Estrategicas/DAIO/daio_pdfs/pdfs/DAIO_study2422-survival-of-the-smartest-vitaliy-goncharuk.pdf,.pdf,956.1,raw
data/raw/CODEFEST/F1_IA_y_Capacidades_Estrategicas/DAIO/daio_pdfs/pdfs/DAIO_study2205-2.pdf,.pdf,1335.6,raw
data/raw/CODEFEST/F1_IA_y_Capacidades_Estrategicas/DAIO/daio_pdfs/pdfs/DAIO_study2634-fragmented-efforts-joao-paulo-moralez-santiago-rivas.pdf,.pdf,1398.8,raw
data/raw/CODEFEST/F1_IA_y_Capacidades_Estrategicas/DAIO/daio_pdfs/pdfs/DAIO_study2314-a-fertile-soil-for-ai-alastair-finlan.pdf,.pdf,973.8,raw
data/raw/CODEFEST/F1_IA_y_Capacidades_Estrategicas/DAIO/daio_pdfs/pdfs/DAIO_study2528-an-underdeveloped-strategic-necessity-umaima-ali.pdf,.pdf,1438.5,raw
data/raw/CODEFEST/F1_IA_y_Capacidades_Estrategicas/DAIO/daio_pdfs/pdfs/DAIO_study2313-overtaking-on-the-curve-john-lee.pdf,.pdf,1079.6,raw
data/raw/CODEFEST/F1_IA_y_Capacidades_Estrategicas/DAIO/daio_pdfs/pdfs/DAIO_study2310-2.pdf,.pdf,1376.2,raw
data/raw/CODEFEST/F1_IA_y_Capacidades_Estrategicas/DAIO/daio_pdfs/pdfs/DAIO_study2632-from-laggard-to-potential-regional-innovator-raluca-csernatoni.pdf,.pdf,1450.2,raw
data/raw/CODEFEST/F1_IA_y_Capacidades_Estrategicas/DAIO/daio_pdfs/pdfs/DAIO_study2425-heavy-thunder-no-rain-mahmoud-javadi.pdf,.pdf,1990.5,raw
data/raw/CODEFEST/F1_IA_y_Capacidades_Estrategicas/DAIO/daio_pdfs/pdfs/DAIO_study2204-2.pdf,.pdf,1326.0,raw
data/raw/CODEFEST/F1_IA_y_Capacidades_Estrategicas/DAIO/daio_pdfs/pdfs/DAIO_study2307-2.pdf,.pdf,998.8,raw
data/raw/CODEFEST/F1_IA_y_Capacidades_Estrategicas/DAIO/daio_pdfs/pdfs/DAIO_study2531-a-careful-walk-on-thin-ice-emanuel-ario-bimo-bagus-jatmiko.pdf,.pdf,1548.1,raw
data/raw/CODEFEST/F1_IA_y_Capacidades_Estrategicas/DAIO/daio_pdfs/pdfs/DAIO_study2312-master-and-servant-borchert-schuetz-verbovszky.pdf,.pdf,1456.6,raw
data/raw/CODEFEST/F1_IA_y_Capacidades_Estrategicas/DAIO/daio_pdfs/pdfs/DAIO_study2311-2.pdf,.pdf,1407.0,raw
data/raw/CODEFEST/F1_IA_y_Capacidades_Estrategicas/AI_Index_Stanford/pdfs/AIINDEX_ai-index-report-2017.pdf,.pdf,5683.9,raw
data/raw/CODEFEST/F1_IA_y_Capacidades_Estrategicas/AI_Index_Stanford/pdfs/AIINDEX_ai-index-report-2019.pdf,.pdf,15356.7,raw
data/raw/CODEFEST/F1_IA_y_Capacidades_Estrategicas/AI_Index_Stanford/pdfs/AIINDEX_ai-index-report-2025.pdf,.pdf,29555.3,raw
data/raw/CODEFEST/F1_IA_y_Capacidades_Estrategicas/AI_Index_Stanford/pdfs/AIINDEX_ai-index-report-2022.pdf,.pdf,22477.2,raw
data/raw/CODEFEST/F1_IA_y_Capacidades_Estrategicas/AI_Index_Stanford/pdfs/AIINDEX_ai-index-report-2023.pdf,.pdf,13252.3,raw
data/raw/CODEFEST/F1_IA_y_Capacidades_Estrategicas/AI_Index_Stanford/pdfs/AIINDEX_ai-index-report-2024.pdf,.pdf,23601.0,raw
data/raw/CODEFEST/F1_IA_y_Capacidades_Estrategicas/AI_Index_Stanford/pdfs/AIINDEX_ai-index-report-2018.pdf,.pdf,3374.1,raw
data/raw/CODEFEST/F1_IA_y_Capacidades_Estrategicas/AI_Index_Stanford/pdfs/AIINDEX_ai-index-report-2021.pdf,.pdf,13902.8,raw
data/raw/CODEFEST/F1_IA_y_Capacidades_Estrategicas/AI_Index_Stanford/pdfs/AIINDEX_ai-index-report-2026.pdf,.pdf,36997.6,raw
data/raw/CODEFEST/F1_IA_y_Capacidades_Estrategicas/AI_Index_Stanford/recursos/Annual_Reports/pdfs/AIINDEX_hai-annual-report-2021-2022.pdf,.pdf,3575.9,raw
data/raw/CODEFEST/F1_IA_y_Capacidades_Estrategicas/AI_Index_Stanford/recursos/Annual_Reports/pdfs/AIINDEX_hai-annual-report-2020-2021.pdf,.pdf,3835.0,raw
data/raw/CODEFEST/F1_IA_y_Capacidades_Estrategicas/AI_Index_Stanford/recursos/Annual_Reports/pdfs/AIINDEX_hai-annual-report-2022-2023.pdf,.pdf,3823.7,raw
data/raw/CODEFEST/F1_IA_y_Capacidades_Estrategicas/AI_Index_Stanford/recursos/Annual_Reports/pdfs/AIINDEX_hai-annual-report-2024-2025.pdf,.pdf,23916.2,raw
data/raw/CODEFEST/F1_IA_y_Capacidades_Estrategicas/AI_Index_Stanford/recursos/Annual_Reports/pdfs/AIINDEX_hai-annual-report-2023-2024.pdf,.pdf,17808.8,raw
data/raw/CODEFEST/F1_IA_y_Capacidades_Estrategicas/AI_Index_Stanford/recursos/Industry_Innovation/pdfs/AIINDEX_hai-founding-member-program-2025.pdf,.pdf,577.0,raw
data/raw/CODEFEST/F1_IA_y_Capacidades_Estrategicas/AI_Index_Stanford/recursos/Generative_AI/pdfs/AIINDEX_generative-ai-perspectives-from-stanford-hai.pdf,.pdf,280.2,raw
data/raw/CODEFEST/F1_IA_y_Capacidades_Estrategicas/AI_Index_Stanford/recursos/International_Affairs/pdfs/AIINDEX_policy-brief-chinas-diverse-open-weight-ai-ecosystem.pdf,.pdf,485.3,raw
data/raw/CODEFEST/F1_IA_y_Capacidades_Estrategicas/AI_Index_Stanford/recursos/Environment_Energy/pdfs/AIINDEX_industry-brief-sustainability-ai.pdf,.pdf,14708.2,raw
data/raw/CODEFEST/F1_IA_y_Capacidades_Estrategicas/AI_Index_Stanford/recursos/Research_Development/datasets/AIINDEX_pubmed-nlp-timeline-csv.csv,.csv,0.4,raw
data/raw/CODEFEST/F1_IA_y_Capacidades_Estrategicas/AI_Index_Stanford/recursos/Research_Development/datasets/AIINDEX_pubmed-computer-vision-csv.csv,.csv,3560.4,raw
data/raw/CODEFEST/F1_IA_y_Capacidades_Estrategicas/AI_Index_Stanford/recursos/Research_Development/datasets/AIINDEX_mag-conferences-list-xlsx.xlsx,.xlsx,16.7,raw
data/raw/CODEFEST/F1_IA_y_Capacidades_Estrategicas/AI_Index_Stanford/recursos/Research_Development/datasets/AIINDEX_pubmed-artificial-intelligence-csv.csv,.csv,34095.7,raw
data/raw/CODEFEST/F1_IA_y_Capacidades_Estrategicas/AI_Index_Stanford/recursos/Research_Development/datasets/AIINDEX_pubmed-nlp-csv.csv,.csv,2153.1,raw
data/raw/CODEFEST/F1_IA_y_Capacidades_Estrategicas/AI_Index_Stanford/recursos/Research_Development/datasets/AIINDEX_pubmed-cv-timeline-csv.csv,.csv,0.5,raw
data/raw/CODEFEST/F1_IA_y_Capacidades_Estrategicas/AI_Index_Stanford/recursos/Research_Development/datasets/AIINDEX_pubmed-robotics-csv.csv,.csv,19333.2,raw
data/raw/CODEFEST/F1_IA_y_Capacidades_Estrategicas/AI_Index_Stanford/recursos/Research_Development/datasets/AIINDEX_pubmed-robotics-timeline-csv.csv,.csv,0.6,raw
data/raw/CODEFEST/F1_IA_y_Capacidades_Estrategicas/AI_Index_Stanford/recursos/Research_Development/datasets/AIINDEX_pubmed-machine-learning-csv.csv,.csv,15138.8,raw
data/raw/CODEFEST/F1_IA_y_Capacidades_Estrategicas/AI_Index_Stanford/recursos/Research_Development/datasets/AIINDEX_mag-publications-fields-xlsx.xlsx,.xlsx,13.0,raw
data/raw/CODEFEST/F1_IA_y_Capacidades_Estrategicas/AI_Index_Stanford/recursos/Research_Development/datasets/AIINDEX_pubmed-ml-timeline-csv.csv,.csv,0.5,raw
data/raw/CODEFEST/F1_IA_y_Capacidades_Estrategicas/AI_Index_Stanford/recursos/Research_Development/datasets/AIINDEX_pubmed-ai-timeline-csv.csv,.csv,0.6,raw
data/raw/CODEFEST/F1_IA_y_Capacidades_Estrategicas/AI_Index_Stanford/recursos/Research_Development/datasets/AIINDEX_mag-author-lifecycle-xlsx.xlsx,.xlsx,12.9,raw
data/raw/CODEFEST/F1_IA_y_Capacidades_Estrategicas/AI_Index_Stanford/recursos/Policy_Governance/pdfs/AIINDEX_policy-brief-adverse-event-reporting-for-ai.pdf,.pdf,300.3,raw
data/raw/CODEFEST/F1_IA_y_Capacidades_Estrategicas/AI_Index_Stanford/recursos/Policy_Governance/pdfs/AIINDEX_stanford-hai-rfi-submission.pdf,.pdf,400.7,raw
data/raw/CODEFEST/F1_IA_y_Capacidades_Estrategicas/AI_Index_Stanford/recursos/Policy_Governance/pdfs/AIINDEX_policy-brief-labeling-ai-generated-content.pdf,.pdf,188.1,raw
data/raw/CODEFEST/F1_IA_y_Capacidades_Estrategicas/AI_Index_Stanford/recursos/Policy_Governance/pdfs/AIINDEX_policy-brief-ai-generated-propaganda.pdf,.pdf,221.9,raw
data/raw/CODEFEST/F1_IA_y_Capacidades_Estrategicas/AI_Index_Stanford/recursos/Policy_Governance/pdfs/AIINDEX_congressional-boot-camp-on-ai-booklet.pdf,.pdf,6613.9,raw
data/raw/CODEFEST/F1_IA_y_Capacidades_Estrategicas/AI_Index_Stanford/recursos/Policy_Governance/pdfs/AIINDEX_policy-brief-simulating-human-behavior-with-ai-agents.pdf,.pdf,285.2,raw
data/raw/CODEFEST/F1_IA_y_Capacidades_Estrategicas/AI_Index_Stanford/recursos/Policy_Governance/pdfs/AIINDEX_policy-brief-what-makes-a-good-ai-benchmark.pdf,.pdf,244.1,raw
data/raw/CODEFEST/F1_IA_y_Capacidades_Estrategicas/AI_Index_Stanford/recursos/Policy_Governance/pdfs/AIINDEX_policy-brief-safeguarding-third-party-ai-research.pdf,.pdf,312.4,raw
data/raw/CODEFEST/F1_IA_y_Capacidades_Estrategicas/AI_Index_Stanford/recursos/Education_Skills/pdfs/AIINDEX_industry-brief-education-ai.pdf,.pdf,11197.4,raw
data/raw/CODEFEST/F1_IA_y_Capacidades_Estrategicas/AI_Index_Stanford/recursos/Ethics_Equity/pdfs/AIINDEX_policy-brief-algorithmic-fairness-in-clinical-risk-prediction.pdf,.pdf,217.7,raw
data/raw/CODEFEST/F1_IA_y_Capacidades_Estrategicas/AI_Index_Stanford/recursos/Ethics_Equity/pdfs/AIINDEX_policy-brief-ai-ethics.pdf,.pdf,240.0,raw
data/raw/CODEFEST/F1_IA_y_Capacidades_Estrategicas/AI_Index_Stanford/recursos/AI_Index_Report/pdfs/AIINDEX_ai-index-2024-ch1-research-development.pdf,.pdf,3039.9,raw
data/raw/CODEFEST/F1_IA_y_Capacidades_Estrategicas/AI_Index_Stanford/recursos/AI_Index_Report/pdfs/AIINDEX_ai-index-2025-chinese-version.pdf,.pdf,12753.5,raw
data/raw/CODEFEST/F1_IA_y_Capacidades_Estrategicas/AI_Index_Stanford/recursos/AI_Index_Report/pdfs/AIINDEX_ai-index-2024-ch6-education.pdf,.pdf,2173.8,raw
data/raw/CODEFEST/F1_IA_y_Capacidades_Estrategicas/AI_Index_Stanford/recursos/AI_Index_Report/pdfs/AIINDEX_ai-index-2025-ch1-research-development.pdf,.pdf,2802.7,raw
data/raw/CODEFEST/F1_IA_y_Capacidades_Estrategicas/AI_Index_Stanford/recursos/AI_Index_Report/pdfs/AIINDEX_ai-index-2024-ch2-technical-performance.pdf,.pdf,15092.2,raw
data/raw/CODEFEST/F1_IA_y_Capacidades_Estrategicas/AI_Index_Stanford/recursos/AI_Index_Report/pdfs/AIINDEX_ai-index-2025-ch6-education.pdf,.pdf,5393.1,raw
data/raw/CODEFEST/F1_IA_y_Capacidades_Estrategicas/AI_Index_Stanford/recursos/AI_Index_Report/pdfs/AIINDEX_ai-index-2025-ch2-technical-performance.pdf,.pdf,5276.4,raw
data/raw/CODEFEST/F1_IA_y_Capacidades_Estrategicas/AI_Index_Stanford/recursos/AI_Index_Report/pdfs/AIINDEX_ai-index-2024-ch3-responsible-ai.pdf,.pdf,8837.4,raw
data/raw/CODEFEST/F1_IA_y_Capacidades_Estrategicas/AI_Index_Stanford/recursos/AI_Index_Report/pdfs/AIINDEX_ai-index-2025-ch7-policy-governance.pdf,.pdf,2560.2,raw
data/raw/CODEFEST/F1_IA_y_Capacidades_Estrategicas/AI_Index_Stanford/recursos/AI_Index_Report/pdfs/AIINDEX_ai-index-2025-ch3-responsible-ai.pdf,.pdf,9475.3,raw
data/raw/CODEFEST/F1_IA_y_Capacidades_Estrategicas/AI_Index_Stanford/recursos/AI_Index_Report/pdfs/AIINDEX_ai-index-2025-ch5-science.pdf,.pdf,5203.9,raw
data/raw/CODEFEST/F1_IA_y_Capacidades_Estrategicas/AI_Index_Stanford/recursos/AI_Index_Report/pdfs/AIINDEX_ai-index-2024-ch5-science-medicine.pdf,.pdf,4515.0,raw
data/raw/CODEFEST/F1_IA_y_Capacidades_Estrategicas/AI_Index_Stanford/recursos/AI_Index_Report/pdfs/AIINDEX_ai-index-2025-ch4-economy.pdf,.pdf,5179.5,raw
data/raw/CODEFEST/F1_IA_y_Capacidades_Estrategicas/AI_Index_Stanford/recursos/AI_Index_Report/pdfs/AIINDEX_ai-index-2024-ch4-economy.pdf,.pdf,4068.2,raw
data/raw/CODEFEST/F1_IA_y_Capacidades_Estrategicas/AI_Index_Stanford/recursos/Healthcare_Medicine/datasets/AIINDEX_clinicaltrials-robotics-csv.csv,.csv,1396.5,raw
data/raw/CODEFEST/F1_IA_y_Capacidades_Estrategicas/AI_Index_Stanford/recursos/Healthcare_Medicine/datasets/AIINDEX_clinicaltrials-nlp-csv.csv,.csv,24.0,raw
data/raw/CODEFEST/F1_IA_y_Capacidades_Estrategicas/AI_Index_Stanford/recursos/Healthcare_Medicine/datasets/AIINDEX_lit-covid-ai-covid-literature-xlsx.xlsx,.xlsx,511.1,raw
data/raw/CODEFEST/F1_IA_y_Capacidades_Estrategicas/AI_Index_Stanford/recursos/Healthcare_Medicine/datasets/AIINDEX_clinicaltrials-machine-learning-csv.csv,.csv,351.8,raw
data/raw/CODEFEST/F1_IA_y_Capacidades_Estrategicas/AI_Index_Stanford/recursos/Healthcare_Medicine/datasets/AIINDEX_lit-covid-ai-covid-literature-csv.csv,.csv,1974.4,raw
data/raw/CODEFEST/F1_IA_y_Capacidades_Estrategicas/AI_Index_Stanford/recursos/Healthcare_Medicine/datasets/AIINDEX_clinicaltrials-computer-science-csv.csv,.csv,931.5,raw
data/raw/CODEFEST/F1_IA_y_Capacidades_Estrategicas/AI_Index_Stanford/recursos/Healthcare_Medicine/datasets/AIINDEX_clinicaltrials-computer-vision-csv.csv,.csv,585.0,raw
data/raw/CODEFEST/F1_IA_y_Capacidades_Estrategicas/AI_Index_Stanford/recursos/Healthcare_Medicine/datasets/AIINDEX_clinicaltrials-artificial-intelligence-csv.csv,.csv,321.8,raw
data/raw/CODEFEST/F1_IA_y_Capacidades_Estrategicas/AI_Index_Stanford/recursos/Healthcare_Medicine/pdfs/AIINDEX_industry-brief-healthcare-ai.pdf,.pdf,838.1,raw
data/raw/CODEFEST/F1_IA_y_Capacidades_Estrategicas/ILIA_Latam/pdfs/ILIA_2023/ILIA_2023.pdf,.pdf,27589.1,raw
data/raw/CODEFEST/F1_IA_y_Capacidades_Estrategicas/ILIA_Latam/pdfs/ILIA_2023/ILIA_esp-compressed.pdf,.pdf,27713.5,raw
data/raw/CODEFEST/F1_IA_y_Capacidades_Estrategicas/ILIA_Latam/pdfs/ILIA_2024/ILIA_2024.pdf,.pdf,8758.8,raw
data/raw/CODEFEST/F1_IA_y_Capacidades_Estrategicas/ILIA_Latam/pdfs/ILIA_2024/ILIA_2024-020125-compressed.pdf,.pdf,5381.9,raw
data/raw/CODEFEST/F1_IA_y_Capacidades_Estrategicas/ILIA_Latam/pdfs/ILIA_2025/ILIA_2025.-fichas-de-pais-y-aspectos-metodologicos.pdf,.pdf,6653.8,raw
data/raw/CODEFEST/F1_IA_y_Capacidades_Estrategicas/ILIA_Latam/pdfs/ILIA_2025/ILIA_docuemnto-ilia-web.pdf,.pdf,7883.4,raw
data/raw/CODEFEST/F1_IA_y_Capacidades_Estrategicas/ILIA_Latam/pdfs/ILIA_2025/ILIA_2025.-key-findings-applied-artificial-intelligence-and-human-talent-compressed.pdf,.pdf,9228.5,raw
data/raw/CODEFEST/F1_IA_y_Capacidades_Estrategicas/ILIA_Latam/pdfs/ILIA_2025/ILIA_documento-ilia-2025.pdf,.pdf,6685.6,raw
data/raw/CODEFEST/F1_IA_y_Capacidades_Estrategicas/ILIA_Latam/pdfs/ILIA_2025/ILIA_2025.-hallazgos-principales-ia-aplicada-y-talento-humano-compressed.pdf,.pdf,10096.9,raw
data/raw/CODEFEST/F1_IA_y_Capacidades_Estrategicas/ILIA_Latam/pdfs/ILIA_2025/ILIA_2025-executive-summary.pdf,.pdf,2642.4,raw
data/raw/CODEFEST/F1_IA_y_Capacidades_Estrategicas/CENIA/paginas/CENIA_research-lines.json,.json,1.5,raw
data/raw/CODEFEST/F1_IA_y_Capacidades_Estrategicas/CENIA/paginas/CENIA_dates.json,.json,1.5,raw
data/raw/CODEFEST/F1_IA_y_Capacidades_Estrategicas/CENIA/paginas/CENIA_lineas-de-investigacion.json,.json,1.7,raw
data/raw/CODEFEST/F1_IA_y_Capacidades_Estrategicas/CENIA/paginas/CENIA_transparencia.json,.json,8.6,raw
data/raw/CODEFEST/F1_IA_y_Capacidades_Estrategicas/CENIA/paginas/CENIA_transferencia.json,.json,21.5,raw
data/raw/CODEFEST/F1_IA_y_Capacidades_Estrategicas/CENIA/paginas/CENIA_ia-digital-flow-entel.json,.json,3.4,raw
data/raw/CODEFEST/F1_IA_y_Capacidades_Estrategicas/CENIA/paginas/CENIA_cenia.json,.json,5.0,raw
data/raw/CODEFEST/F1_IA_y_Capacidades_Estrategicas/CENIA/paginas/CENIA_capacitacion-cuprum.json,.json,4.0,raw
data/raw/CODEFEST/F1_IA_y_Capacidades_Estrategicas/CENIA/paginas/CENIA_investigacion.json,.json,44.2,raw
data/raw/CODEFEST/F1_IA_y_Capacidades_Estrategicas/CENIA/paginas/CENIA_diplomado-ia.json,.json,2.9,raw
data/raw/CODEFEST/F1_IA_y_Capacidades_Estrategicas/CENIA/paginas/CENIA_fechas.json,.json,1.7,raw
data/raw/CODEFEST/F1_IA_y_Capacidades_Estrategicas/CENIA/paginas/CENIA_operaciones.json,.json,12.5,raw
data/raw/CODEFEST/F1_IA_y_Capacidades_Estrategicas/CENIA/paginas/CENIA_capacitacion-y-formacion.json,.json,15.5,raw
data/raw/CODEFEST/F1_IA_y_Capacidades_Estrategicas/CENIA/paginas/CENIA_gerencia.json,.json,5.5,raw
data/raw/CODEFEST/F1_IA_y_Capacidades_Estrategicas/CENIA/paginas/CENIA_research.json,.json,40.7,raw
data/raw/CODEFEST/F1_IA_y_Capacidades_Estrategicas/CENIA/pdfs/CENIA_dpj-500674644740-325343.pdf,.pdf,38.3,raw
data/raw/CODEFEST/F1_IA_y_Capacidades_Estrategicas/CENIA/pdfs/CENIA_memoria-anual-cenia-2023.pdf,.pdf,3506.9,raw
data/raw/CODEFEST/F1_IA_y_Capacidades_Estrategicas/CENIA/pdfs/CENIA_estados-resultados-cenia-historico-1-1.pdf,.pdf,173.9,raw
data/raw/CODEFEST/F1_IA_y_Capacidades_Estrategicas/CENIA/pdfs/CENIA_convenio-eqy250001-cenia-eqy250001-30264-compressed.pdf,.pdf,402.5,raw
data/raw/CODEFEST/F1_IA_y_Capacidades_Estrategicas/CENIA/pdfs/CENIA_resumen-anid.pdf,.pdf,163.2,raw
data/raw/CODEFEST/F1_IA_y_Capacidades_Estrategicas/CENIA/pdfs/CENIA_memoria-anual-2024.pdf,.pdf,2575.4,raw
data/raw/CODEFEST/F1_IA_y_Capacidades_Estrategicas/CENIA/pdfs/CENIA_memoria-cenia-2022.pdf,.pdf,1209.4,raw
data/raw/CODEFEST/F1_IA_y_Capacidades_Estrategicas/CENIA/pdfs/CENIA_balance-2022-firmado-1.pdf,.pdf,288.3,raw
data/raw/CODEFEST/F1_IA_y_Capacidades_Estrategicas/CENIA/pdfs/CENIA_balance-2024-cenia-firmado.pdf,.pdf,62.3,raw
data/raw/CODEFEST/F1_IA_y_Capacidades_Estrategicas/CENIA/pdfs/CENIA_balance-cenia-2023-firmado-1.pdf,.pdf,83.5,raw
data/raw/CODEFEST/F1_IA_y_Capacidades_Estrategicas/CENIA/pdfs/CENIA_paper-112.pdf,.pdf,965.8,raw
data/raw/CODEFEST/F1_IA_y_Capacidades_Estrategicas/CENIA/pdfs/CENIA_resolucion-de-subsidio-innova-exenta-electronica-24cvi-26468.pdf,.pdf,240.9,raw
data/raw/CODEFEST/F1_IA_y_Capacidades_Estrategicas/RutaN_GEIAL/rutan_pdfs/RUTAN_catalog-2.csv,.csv,0.7,raw
data/raw/CODEFEST/F1_IA_y_Capacidades_Estrategicas/RutaN_GEIAL/rutan_pdfs/RUTAN_catalog-2.json,.json,0.9,raw
data/raw/CODEFEST/F1_IA_y_Capacidades_Estrategicas/RutaN_GEIAL/pdfs/Observatorio/RUTAN_socializacion-geial-medellin.pdf,.pdf,981.9,raw
data/raw/CODEFEST/F1_IA_y_Capacidades_Estrategicas/RutaN_GEIAL/pdfs/Observatorio/RUTAN_s2200488-es.pdf,.pdf,4979.3,raw
data/raw/CODEFEST/F1_IA_y_Capacidades_Estrategicas/RutaN_GEIAL/pdfs/Observatorio/RUTAN_informe-geial-latam.pdf,.pdf,8132.2,raw
data/raw/CODEFEST/F1_IA_y_Capacidades_Estrategicas/RutaN_GEIAL/pdfs/Observatorio/RUTAN_informe-geial-medellin.pdf,.pdf,6508.5,raw
data/raw/CODEFEST/F1_IA_y_Capacidades_Estrategicas/RutaN_GEIAL/pdfs/Observatorio/RUTAN_resultados-encuesta-innovacion.pdf,.pdf,1857.3,raw
data/raw/CODEFEST/F1_IA_y_Capacidades_Estrategicas/CSET_Georgetown/pdfs/Data_Brief/CSET_center-for-security-and-emerging-technology.pdf,.pdf,1016.1,raw
data/raw/CODEFEST/F1_IA_y_Capacidades_Estrategicas/CSET_Georgetown/pdfs/Data_Snapshot/CSET_center-for-security-and-emerging-technology-3.pdf,.pdf,884.4,raw
data/raw/CODEFEST/F1_IA_y_Capacidades_Estrategicas/CSET_Georgetown/pdfs/Data_Snapshot/CSET_center-for-security-and-emerging-technology-4.pdf,.pdf,2950.0,raw
data/raw/CODEFEST/F1_IA_y_Capacidades_Estrategicas/CSET_Georgetown/pdfs/Data_Snapshot/CSET_center-for-security-and-emerging-technology.pdf,.pdf,216.2,raw
data/raw/CODEFEST/F1_IA_y_Capacidades_Estrategicas/CSET_Georgetown/pdfs/Data_Snapshot/CSET_center-for-security-and-emerging-technology-5.pdf,.pdf,794.9,raw
data/raw/CODEFEST/F1_IA_y_Capacidades_Estrategicas/CSET_Georgetown/pdfs/Data_Snapshot/CSET_center-for-security-and-emerging-technology-2.pdf,.pdf,491.1,raw
data/raw/CODEFEST/F1_IA_y_Capacidades_Estrategicas/CSET_Georgetown/pdfs/Translation/CSET_center-for-security-and-emerging-technology-21.pdf,.pdf,2006.7,raw
data/raw/CODEFEST/F1_IA_y_Capacidades_Estrategicas/CSET_Georgetown/pdfs/Translation/CSET_center-for-security-and-emerging-technology-26.pdf,.pdf,291.1,raw
data/raw/CODEFEST/F1_IA_y_Capacidades_Estrategicas/CSET_Georgetown/pdfs/Translation/CSET_center-for-security-and-emerging-technology-28.pdf,.pdf,723.5,raw
data/raw/CODEFEST/F1_IA_y_Capacidades_Estrategicas/CSET_Georgetown/pdfs/Translation/CSET_center-for-security-and-emerging-technology-13.pdf,.pdf,615.5,raw
data/raw/CODEFEST/F1_IA_y_Capacidades_Estrategicas/CSET_Georgetown/pdfs/Translation/CSET_center-for-security-and-emerging-technology-14.pdf,.pdf,308.2,raw
data/raw/CODEFEST/F1_IA_y_Capacidades_Estrategicas/CSET_Georgetown/pdfs/Translation/CSET_center-for-security-and-emerging-technology.pdf,.pdf,269.3,raw
data/raw/CODEFEST/F1_IA_y_Capacidades_Estrategicas/CSET_Georgetown/pdfs/Translation/CSET_center-for-security-and-emerging-technology-6.pdf,.pdf,367.6,raw
data/raw/CODEFEST/F1_IA_y_Capacidades_Estrategicas/CSET_Georgetown/pdfs/Translation/CSET_center-for-security-and-emerging-technology-8.pdf,.pdf,277.3,raw
data/raw/CODEFEST/F1_IA_y_Capacidades_Estrategicas/CSET_Georgetown/pdfs/Translation/CSET_center-for-security-and-emerging-technology-42.pdf,.pdf,263.7,raw
data/raw/CODEFEST/F1_IA_y_Capacidades_Estrategicas/CSET_Georgetown/pdfs/Translation/CSET_center-for-security-and-emerging-technology-45.pdf,.pdf,286.1,raw
data/raw/CODEFEST/F1_IA_y_Capacidades_Estrategicas/CSET_Georgetown/pdfs/Translation/CSET_center-for-security-and-emerging-technology-39.pdf,.pdf,184.2,raw
data/raw/CODEFEST/F1_IA_y_Capacidades_Estrategicas/CSET_Georgetown/pdfs/Translation/CSET_center-for-security-and-emerging-technology-37.pdf,.pdf,275.8,raw
data/raw/CODEFEST/F1_IA_y_Capacidades_Estrategicas/CSET_Georgetown/pdfs/Translation/CSET_center-for-security-and-emerging-technology-30.pdf,.pdf,240.2,raw
data/raw/CODEFEST/F1_IA_y_Capacidades_Estrategicas/CSET_Georgetown/pdfs/Translation/CSET_center-for-security-and-emerging-technology-15.pdf,.pdf,184.1,raw
data/raw/CODEFEST/F1_IA_y_Capacidades_Estrategicas/CSET_Georgetown/pdfs/Translation/CSET_center-for-security-and-emerging-technology-12.pdf,.pdf,544.0,raw
data/raw/CODEFEST/F1_IA_y_Capacidades_Estrategicas/CSET_Georgetown/pdfs/Translation/CSET_center-for-security-and-emerging-technology-29.pdf,.pdf,342.7,raw
data/raw/CODEFEST/F1_IA_y_Capacidades_Estrategicas/CSET_Georgetown/pdfs/Translation/CSET_center-for-security-and-emerging-technology-27.pdf,.pdf,173.7,raw
data/raw/CODEFEST/F1_IA_y_Capacidades_Estrategicas/CSET_Georgetown/pdfs/Translation/CSET_center-for-security-and-emerging-technology-20.pdf,.pdf,6073.1,raw
data/raw/CODEFEST/F1_IA_y_Capacidades_Estrategicas/CSET_Georgetown/pdfs/Translation/CSET_center-for-security-and-emerging-technology-31.pdf,.pdf,228.6,raw
data/raw/CODEFEST/F1_IA_y_Capacidades_Estrategicas/CSET_Georgetown/pdfs/Translation/CSET_center-for-security-and-emerging-technology-36.pdf,.pdf,465.0,raw
data/raw/CODEFEST/F1_IA_y_Capacidades_Estrategicas/CSET_Georgetown/pdfs/Translation/CSET_center-for-security-and-emerging-technology-44.pdf,.pdf,241.3,raw
data/raw/CODEFEST/F1_IA_y_Capacidades_Estrategicas/CSET_Georgetown/pdfs/Translation/CSET_center-for-security-and-emerging-technology-38.pdf,.pdf,437.0,raw
data/raw/CODEFEST/F1_IA_y_Capacidades_Estrategicas/CSET_Georgetown/pdfs/Translation/CSET_center-for-security-and-emerging-technology-43.pdf,.pdf,216.5,raw
data/raw/CODEFEST/F1_IA_y_Capacidades_Estrategicas/CSET_Georgetown/pdfs/Translation/CSET_center-for-security-and-emerging-technology-9.pdf,.pdf,262.2,raw
data/raw/CODEFEST/F1_IA_y_Capacidades_Estrategicas/CSET_Georgetown/pdfs/Translation/CSET_center-for-security-and-emerging-technology-7.pdf,.pdf,242.1,raw
data/raw/CODEFEST/F1_IA_y_Capacidades_Estrategicas/CSET_Georgetown/pdfs/Translation/CSET_center-for-security-and-emerging-technology-35.pdf,.pdf,455.0,raw
data/raw/CODEFEST/F1_IA_y_Capacidades_Estrategicas/CSET_Georgetown/pdfs/Translation/CSET_center-for-security-and-emerging-technology-32.pdf,.pdf,622.3,raw
data/raw/CODEFEST/F1_IA_y_Capacidades_Estrategicas/CSET_Georgetown/pdfs/Translation/CSET_center-for-security-and-emerging-technology-40.pdf,.pdf,925.2,raw
data/raw/CODEFEST/F1_IA_y_Capacidades_Estrategicas/CSET_Georgetown/pdfs/Translation/CSET_center-for-security-and-emerging-technology-3.pdf,.pdf,276.3,raw
data/raw/CODEFEST/F1_IA_y_Capacidades_Estrategicas/CSET_Georgetown/pdfs/Translation/CSET_center-for-security-and-emerging-technology-4.pdf,.pdf,396.2,raw
data/raw/CODEFEST/F1_IA_y_Capacidades_Estrategicas/CSET_Georgetown/pdfs/Translation/CSET_center-for-security-and-emerging-technology-11.pdf,.pdf,272.1,raw
data/raw/CODEFEST/F1_IA_y_Capacidades_Estrategicas/CSET_Georgetown/pdfs/Translation/CSET_center-for-security-and-emerging-technology-16.pdf,.pdf,390.0,raw
data/raw/CODEFEST/F1_IA_y_Capacidades_Estrategicas/CSET_Georgetown/pdfs/Translation/CSET_center-for-security-and-emerging-technology-18.pdf,.pdf,412.6,raw
data/raw/CODEFEST/F1_IA_y_Capacidades_Estrategicas/CSET_Georgetown/pdfs/Translation/CSET_center-for-security-and-emerging-technology-23.pdf,.pdf,4849.8,raw
data/raw/CODEFEST/F1_IA_y_Capacidades_Estrategicas/CSET_Georgetown/pdfs/Translation/CSET_center-for-security-and-emerging-technology-24.pdf,.pdf,372.4,raw
data/raw/CODEFEST/F1_IA_y_Capacidades_Estrategicas/CSET_Georgetown/pdfs/Translation/CSET_center-for-security-and-emerging-technology-5.pdf,.pdf,281.3,raw
data/raw/CODEFEST/F1_IA_y_Capacidades_Estrategicas/CSET_Georgetown/pdfs/Translation/CSET_center-for-security-and-emerging-technology-2.pdf,.pdf,289.5,raw
data/raw/CODEFEST/F1_IA_y_Capacidades_Estrategicas/CSET_Georgetown/pdfs/Translation/CSET_center-for-security-and-emerging-technology-46.pdf,.pdf,308.3,raw
data/raw/CODEFEST/F1_IA_y_Capacidades_Estrategicas/CSET_Georgetown/pdfs/Translation/CSET_center-for-security-and-emerging-technology-41.pdf,.pdf,318.5,raw
data/raw/CODEFEST/F1_IA_y_Capacidades_Estrategicas/CSET_Georgetown/pdfs/Translation/CSET_center-for-security-and-emerging-technology-33.pdf,.pdf,438.9,raw
data/raw/CODEFEST/F1_IA_y_Capacidades_Estrategicas/CSET_Georgetown/pdfs/Translation/CSET_center-for-security-and-emerging-technology-34.pdf,.pdf,299.5,raw
data/raw/CODEFEST/F1_IA_y_Capacidades_Estrategicas/CSET_Georgetown/pdfs/Translation/CSET_center-for-security-and-emerging-technology-25.pdf,.pdf,217.9,raw
data/raw/CODEFEST/F1_IA_y_Capacidades_Estrategicas/CSET_Georgetown/pdfs/Translation/CSET_center-for-security-and-emerging-technology-22.pdf,.pdf,509.4,raw
data/raw/CODEFEST/F1_IA_y_Capacidades_Estrategicas/CSET_Georgetown/pdfs/Translation/CSET_center-for-security-and-emerging-technology-19.pdf,.pdf,319.9,raw
data/raw/CODEFEST/F1_IA_y_Capacidades_Estrategicas/CSET_Georgetown/pdfs/Translation/CSET_center-for-security-and-emerging-technology-17.pdf,.pdf,273.7,raw
data/raw/CODEFEST/F1_IA_y_Capacidades_Estrategicas/CSET_Georgetown/pdfs/Translation/CSET_center-for-security-and-emerging-technology-10.pdf,.pdf,388.2,raw
data/raw/CODEFEST/F1_IA_y_Capacidades_Estrategicas/CSET_Georgetown/pdfs/Annual_Report/CSET_center-for-security-and-emerging-technology.pdf,.pdf,31930.8,raw
data/raw/CODEFEST/F1_IA_y_Capacidades_Estrategicas/CSET_Georgetown/pdfs/Annual_Report/CSET_center-for-security-and-emerging-technology-2.pdf,.pdf,14050.2,raw
data/raw/CODEFEST/F1_IA_y_Capacidades_Estrategicas/CSET_Georgetown/pdfs/Annual_Report/CSET_center-for-security-and-emerging-technology-4.pdf,.pdf,220.8,raw
data/raw/CODEFEST/F1_IA_y_Capacidades_Estrategicas/CSET_Georgetown/pdfs/Annual_Report/CSET_center-for-security-and-emerging-technology-3.pdf,.pdf,12946.1,raw
data/raw/CODEFEST/F1_IA_y_Capacidades_Estrategicas/CSET_Georgetown/pdfs/Reports/CSET_center-for-security-and-emerging-technology-47.pdf,.pdf,1479.5,raw
data/raw/CODEFEST/F1_IA_y_Capacidades_Estrategicas/CSET_Georgetown/pdfs/Reports/CSET_center-for-security-and-emerging-technology-8.pdf,.pdf,152.0,raw
data/raw/CODEFEST/F1_IA_y_Capacidades_Estrategicas/CSET_Georgetown/pdfs/Reports/CSET_center-for-security-and-emerging-technology-40.pdf,.pdf,3350.2,raw
data/raw/CODEFEST/F1_IA_y_Capacidades_Estrategicas/CSET_Georgetown/pdfs/Reports/CSET_center-for-security-and-emerging-technology-32.pdf,.pdf,180.9,raw
data/raw/CODEFEST/F1_IA_y_Capacidades_Estrategicas/CSET_Georgetown/pdfs/Reports/CSET_center-for-security-and-emerging-technology-35.pdf,.pdf,312.8,raw
data/raw/CODEFEST/F1_IA_y_Capacidades_Estrategicas/CSET_Georgetown/pdfs/Reports/CSET_center-for-security-and-emerging-technology-49.pdf,.pdf,840.0,raw
data/raw/CODEFEST/F1_IA_y_Capacidades_Estrategicas/CSET_Georgetown/pdfs/Reports/CSET_center-for-security-and-emerging-technology-6.pdf,.pdf,148.4,raw
data/raw/CODEFEST/F1_IA_y_Capacidades_Estrategicas/CSET_Georgetown/pdfs/Reports/CSET_center-for-security-and-emerging-technology-24.pdf,.pdf,2728.0,raw
data/raw/CODEFEST/F1_IA_y_Capacidades_Estrategicas/CSET_Georgetown/pdfs/Reports/CSET_center-for-security-and-emerging-technology-58.pdf,.pdf,1129.8,raw
data/raw/CODEFEST/F1_IA_y_Capacidades_Estrategicas/CSET_Georgetown/pdfs/Reports/CSET_center-for-security-and-emerging-technology-23.pdf,.pdf,136.1,raw
data/raw/CODEFEST/F1_IA_y_Capacidades_Estrategicas/CSET_Georgetown/pdfs/Reports/CSET_center-for-security-and-emerging-technology-51.pdf,.pdf,1159.0,raw
data/raw/CODEFEST/F1_IA_y_Capacidades_Estrategicas/CSET_Georgetown/pdfs/Reports/CSET_center-for-security-and-emerging-technology-56.pdf,.pdf,518.1,raw
data/raw/CODEFEST/F1_IA_y_Capacidades_Estrategicas/CSET_Georgetown/pdfs/Reports/CSET_center-for-security-and-emerging-technology-18.pdf,.pdf,2401.9,raw
data/raw/CODEFEST/F1_IA_y_Capacidades_Estrategicas/CSET_Georgetown/pdfs/Reports/CSET_center-for-security-and-emerging-technology-16.pdf,.pdf,125.5,raw
data/raw/CODEFEST/F1_IA_y_Capacidades_Estrategicas/CSET_Georgetown/pdfs/Reports/CSET_center-for-security-and-emerging-technology-11.pdf,.pdf,2477.4,raw
data/raw/CODEFEST/F1_IA_y_Capacidades_Estrategicas/CSET_Georgetown/pdfs/Reports/CSET_center-for-security-and-emerging-technology-34.pdf,.pdf,611.0,raw
data/raw/CODEFEST/F1_IA_y_Capacidades_Estrategicas/CSET_Georgetown/pdfs/Reports/CSET_center-for-security-and-emerging-technology-48.pdf,.pdf,125.1,raw
data/raw/CODEFEST/F1_IA_y_Capacidades_Estrategicas/CSET_Georgetown/pdfs/Reports/CSET_center-for-security-and-emerging-technology-7.pdf,.pdf,1001.4,raw
data/raw/CODEFEST/F1_IA_y_Capacidades_Estrategicas/CSET_Georgetown/pdfs/Reports/CSET_center-for-security-and-emerging-technology-33.pdf,.pdf,2590.0,raw
data/raw/CODEFEST/F1_IA_y_Capacidades_Estrategicas/CSET_Georgetown/pdfs/Reports/CSET_center-for-security-and-emerging-technology-41.pdf,.pdf,147.7,raw
data/raw/CODEFEST/F1_IA_y_Capacidades_Estrategicas/CSET_Georgetown/pdfs/Reports/CSET_center-for-security-and-emerging-technology-46.pdf,.pdf,129.9,raw
data/raw/CODEFEST/F1_IA_y_Capacidades_Estrategicas/CSET_Georgetown/pdfs/Reports/CSET_center-for-security-and-emerging-technology-9.pdf,.pdf,2884.0,raw
data/raw/CODEFEST/F1_IA_y_Capacidades_Estrategicas/CSET_Georgetown/pdfs/Reports/CSET_center-for-security-and-emerging-technology-10.pdf,.pdf,1563.0,raw
data/raw/CODEFEST/F1_IA_y_Capacidades_Estrategicas/CSET_Georgetown/pdfs/Reports/CSET_center-for-security-and-emerging-technology-17.pdf,.pdf,3273.4,raw
data/raw/CODEFEST/F1_IA_y_Capacidades_Estrategicas/CSET_Georgetown/pdfs/Reports/CSET_center-for-security-and-emerging-technology-19.pdf,.pdf,2998.7,raw
data/raw/CODEFEST/F1_IA_y_Capacidades_Estrategicas/CSET_Georgetown/pdfs/Reports/CSET_center-for-security-and-emerging-technology-57.pdf,.pdf,8206.7,raw
data/raw/CODEFEST/F1_IA_y_Capacidades_Estrategicas/CSET_Georgetown/pdfs/Reports/CSET_center-for-security-and-emerging-technology-50.pdf,.pdf,676.7,raw
data/raw/CODEFEST/F1_IA_y_Capacidades_Estrategicas/CSET_Georgetown/pdfs/Reports/CSET_center-for-security-and-emerging-technology-22.pdf,.pdf,3604.4,raw
data/raw/CODEFEST/F1_IA_y_Capacidades_Estrategicas/CSET_Georgetown/pdfs/Reports/CSET_center-for-security-and-emerging-technology-25.pdf,.pdf,108.7,raw
data/raw/CODEFEST/F1_IA_y_Capacidades_Estrategicas/CSET_Georgetown/pdfs/Reports/CSET_center-for-security-and-emerging-technology-59.pdf,.pdf,1144.9,raw
data/raw/CODEFEST/F1_IA_y_Capacidades_Estrategicas/CSET_Georgetown/pdfs/Reports/CSET_center-for-security-and-emerging-technology.pdf,.pdf,2520.5,raw
data/raw/CODEFEST/F1_IA_y_Capacidades_Estrategicas/CSET_Georgetown/pdfs/Reports/CSET_center-for-security-and-emerging-technology-14.pdf,.pdf,2284.1,raw
data/raw/CODEFEST/F1_IA_y_Capacidades_Estrategicas/CSET_Georgetown/pdfs/Reports/CSET_center-for-security-and-emerging-technology-13.pdf,.pdf,339.3,raw
data/raw/CODEFEST/F1_IA_y_Capacidades_Estrategicas/CSET_Georgetown/pdfs/Reports/CSET_center-for-security-and-emerging-technology-61.pdf,.pdf,1034.1,raw
data/raw/CODEFEST/F1_IA_y_Capacidades_Estrategicas/CSET_Georgetown/pdfs/Reports/CSET_center-for-security-and-emerging-technology-53.pdf,.pdf,1852.6,raw
data/raw/CODEFEST/F1_IA_y_Capacidades_Estrategicas/CSET_Georgetown/pdfs/Reports/CSET_center-for-security-and-emerging-technology-28.pdf,.pdf,909.4,raw
data/raw/CODEFEST/F1_IA_y_Capacidades_Estrategicas/CSET_Georgetown/pdfs/Reports/CSET_center-for-security-and-emerging-technology-54.pdf,.pdf,107.4,raw
data/raw/CODEFEST/F1_IA_y_Capacidades_Estrategicas/CSET_Georgetown/pdfs/Reports/CSET_center-for-security-and-emerging-technology-26.pdf,.pdf,685.0,raw
data/raw/CODEFEST/F1_IA_y_Capacidades_Estrategicas/CSET_Georgetown/pdfs/Reports/CSET_center-for-security-and-emerging-technology-21.pdf,.pdf,135.1,raw
data/raw/CODEFEST/F1_IA_y_Capacidades_Estrategicas/CSET_Georgetown/pdfs/Reports/CSET_center-for-security-and-emerging-technology-3.pdf,.pdf,1175.7,raw
data/raw/CODEFEST/F1_IA_y_Capacidades_Estrategicas/CSET_Georgetown/pdfs/Reports/CSET_center-for-security-and-emerging-technology-30.pdf,.pdf,174.4,raw
data/raw/CODEFEST/F1_IA_y_Capacidades_Estrategicas/CSET_Georgetown/pdfs/Reports/CSET_center-for-security-and-emerging-technology-37.pdf,.pdf,123.8,raw
data/raw/CODEFEST/F1_IA_y_Capacidades_Estrategicas/CSET_Georgetown/pdfs/Reports/CSET_center-for-security-and-emerging-technology-4.pdf,.pdf,100026.6,raw
data/raw/CODEFEST/F1_IA_y_Capacidades_Estrategicas/CSET_Georgetown/pdfs/Reports/CSET_center-for-security-and-emerging-technology-39.pdf,.pdf,124.2,raw
data/raw/CODEFEST/F1_IA_y_Capacidades_Estrategicas/CSET_Georgetown/pdfs/Reports/CSET_center-for-security-and-emerging-technology-45.pdf,.pdf,1434.1,raw
data/raw/CODEFEST/F1_IA_y_Capacidades_Estrategicas/CSET_Georgetown/pdfs/Reports/CSET_center-for-security-and-emerging-technology-42.pdf,.pdf,955.8,raw
data/raw/CODEFEST/F1_IA_y_Capacidades_Estrategicas/CSET_Georgetown/pdfs/Reports/CSET_center-for-security-and-emerging-technology-20.pdf,.pdf,15239.3,raw
data/raw/CODEFEST/F1_IA_y_Capacidades_Estrategicas/CSET_Georgetown/pdfs/Reports/CSET_center-for-security-and-emerging-technology-27.pdf,.pdf,2684.0,raw
data/raw/CODEFEST/F1_IA_y_Capacidades_Estrategicas/CSET_Georgetown/pdfs/Reports/CSET_center-for-security-and-emerging-technology-29.pdf,.pdf,2377.7,raw
data/raw/CODEFEST/F1_IA_y_Capacidades_Estrategicas/CSET_Georgetown/pdfs/Reports/CSET_center-for-security-and-emerging-technology-55.pdf,.pdf,1018.2,raw
data/raw/CODEFEST/F1_IA_y_Capacidades_Estrategicas/CSET_Georgetown/pdfs/Reports/CSET_center-for-security-and-emerging-technology-52.pdf,.pdf,151.4,raw
data/raw/CODEFEST/F1_IA_y_Capacidades_Estrategicas/CSET_Georgetown/pdfs/Reports/CSET_center-for-security-and-emerging-technology-60.pdf,.pdf,1119.5,raw
data/raw/CODEFEST/F1_IA_y_Capacidades_Estrategicas/CSET_Georgetown/pdfs/Reports/CSET_center-for-security-and-emerging-technology-12.pdf,.pdf,2634.5,raw
data/raw/CODEFEST/F1_IA_y_Capacidades_Estrategicas/CSET_Georgetown/pdfs/Reports/CSET_center-for-security-and-emerging-technology-15.pdf,.pdf,2986.6,raw
data/raw/CODEFEST/F1_IA_y_Capacidades_Estrategicas/CSET_Georgetown/pdfs/Reports/CSET_center-for-security-and-emerging-technology-43.pdf,.pdf,954.0,raw
data/raw/CODEFEST/F1_IA_y_Capacidades_Estrategicas/CSET_Georgetown/pdfs/Reports/CSET_center-for-security-and-emerging-technology-38.pdf,.pdf,1997.9,raw
data/raw/CODEFEST/F1_IA_y_Capacidades_Estrategicas/CSET_Georgetown/pdfs/Reports/CSET_center-for-security-and-emerging-technology-44.pdf,.pdf,3615.4,raw
data/raw/CODEFEST/F1_IA_y_Capacidades_Estrategicas/CSET_Georgetown/pdfs/Reports/CSET_center-for-security-and-emerging-technology-36.pdf,.pdf,2401.3,raw
data/raw/CODEFEST/F1_IA_y_Capacidades_Estrategicas/CSET_Georgetown/pdfs/Reports/CSET_center-for-security-and-emerging-technology-5.pdf,.pdf,2837.6,raw
data/raw/CODEFEST/F1_IA_y_Capacidades_Estrategicas/CSET_Georgetown/pdfs/Reports/CSET_center-for-security-and-emerging-technology-2.pdf,.pdf,369.2,raw
data/raw/CODEFEST/F1_IA_y_Capacidades_Estrategicas/CSET_Georgetown/pdfs/Reports/CSET_center-for-security-and-emerging-technology-31.pdf,.pdf,2233.9,raw
data/raw/CODEFEST/F1_IA_y_Capacidades_Estrategicas/CSET_Georgetown/pdfs/Formal_Response/CSET_center-for-security-and-emerging-technology-5.pdf,.pdf,757.1,raw
data/raw/CODEFEST/F1_IA_y_Capacidades_Estrategicas/CSET_Georgetown/pdfs/Formal_Response/CSET_center-for-security-and-emerging-technology-2.pdf,.pdf,2620.7,raw
data/raw/CODEFEST/F1_IA_y_Capacidades_Estrategicas/CSET_Georgetown/pdfs/Formal_Response/CSET_center-for-security-and-emerging-technology.pdf,.pdf,315.7,raw
data/raw/CODEFEST/F1_IA_y_Capacidades_Estrategicas/CSET_Georgetown/pdfs/Formal_Response/CSET_center-for-security-and-emerging-technology-3.pdf,.pdf,4646.3,raw
data/raw/CODEFEST/F1_IA_y_Capacidades_Estrategicas/CSET_Georgetown/pdfs/Formal_Response/CSET_center-for-security-and-emerging-technology-4.pdf,.pdf,3836.1,raw
data/raw/CODEFEST/F1_IA_y_Capacidades_Estrategicas/CSET_Georgetown/pdfs/Formal_Response/CSET_center-for-security-and-emerging-technology-6.pdf,.pdf,629.8,raw
data/raw/CODEFEST/F1_IA_y_Capacidades_Estrategicas/CSET_Georgetown/pdfs/Testimony/CSET_center-for-security-and-emerging-technology-2.pdf,.pdf,430.9,raw
data/raw/CODEFEST/F1_IA_y_Capacidades_Estrategicas/CSET_Georgetown/pdfs/Testimony/CSET_center-for-security-and-emerging-technology-4.pdf,.pdf,164.9,raw
data/raw/CODEFEST/F1_IA_y_Capacidades_Estrategicas/CSET_Georgetown/pdfs/Testimony/CSET_center-for-security-and-emerging-technology-3.pdf,.pdf,118.1,raw
data/raw/CODEFEST/F1_IA_y_Capacidades_Estrategicas/CSET_Georgetown/pdfs/Testimony/CSET_center-for-security-and-emerging-technology.pdf,.pdf,184.4,raw
data/raw/CODEFEST/F1_IA_y_Capacidades_Estrategicas/Atlantic_Council/GeoTech_Cues/page_05/ATLCOUNCIL_07-the-case-for-a-financial-digital-asset-framework-for-cryptocurrencies.json,.json,28.7,raw
data/raw/CODEFEST/F1_IA_y_Capacidades_Estrategicas/Atlantic_Council/GeoTech_Cues/page_05/ATLCOUNCIL_01-counting-the-costs-of-technonationalism-and-the-balkanization-of-cyberspace.json,.json,21.9,raw
data/raw/CODEFEST/F1_IA_y_Capacidades_Estrategicas/Atlantic_Council/GeoTech_Cues/page_05/ATLCOUNCIL_02-how-public-trust-survives-in-the-era-of-automation.json,.json,16.7,raw
data/raw/CODEFEST/F1_IA_y_Capacidades_Estrategicas/Atlantic_Council/GeoTech_Cues/page_05/ATLCOUNCIL_09-event-the-future-of-data-and-ai-in-space-2.json,.json,7.2,raw
data/raw/CODEFEST/F1_IA_y_Capacidades_Estrategicas/Atlantic_Council/GeoTech_Cues/page_05/ATLCOUNCIL_06-reimagining-a-just-society-pt-5-is-this-working-as-intended-global-trends-am.json,.json,32.5,raw
data/raw/CODEFEST/F1_IA_y_Capacidades_Estrategicas/Atlantic_Council/GeoTech_Cues/page_05/ATLCOUNCIL_03-building-smarter-military-bases-for-climate-resilient-communities.json,.json,36.8,raw
data/raw/CODEFEST/F1_IA_y_Capacidades_Estrategicas/Atlantic_Council/GeoTech_Cues/page_05/ATLCOUNCIL_05-getting-ahead-of-the-next-catalyst-a-new-paradigm-for-cybersecurity-in-the-s.json,.json,38.2,raw
data/raw/CODEFEST/F1_IA_y_Capacidades_Estrategicas/Atlantic_Council/GeoTech_Cues/page_05/ATLCOUNCIL_08-telework-and-worker-well-being.json,.json,40.5,raw
data/raw/CODEFEST/F1_IA_y_Capacidades_Estrategicas/Atlantic_Council/GeoTech_Cues/page_05/ATLCOUNCIL_04-reimagining-a-just-society-pt-6-our-planetary-condominium.json,.json,45.5,raw
data/raw/CODEFEST/F1_IA_y_Capacidades_Estrategicas/Atlantic_Council/GeoTech_Cues/page_16/ATLCOUNCIL_05-making-sense-of-sensemaking-what-it-is-and-what-it-means-for-pandemic-resear.json,.json,43.5,raw
data/raw/CODEFEST/F1_IA_y_Capacidades_Estrategicas/Atlantic_Council/GeoTech_Cues/page_16/ATLCOUNCIL_08-event-recap-a-fireside-chat.json,.json,7.0,raw
data/raw/CODEFEST/F1_IA_y_Capacidades_Estrategicas/Atlantic_Council/GeoTech_Cues/page_16/ATLCOUNCIL_07-why-a-well-intended-digital-platform-agency-may-not-fit-our-global-networked.json,.json,25.4,raw
data/raw/CODEFEST/F1_IA_y_Capacidades_Estrategicas/Atlantic_Council/GeoTech_Cues/page_16/ATLCOUNCIL_01-open-societies-must-create-a-grand-strategy.json,.json,88.0,raw
data/raw/CODEFEST/F1_IA_y_Capacidades_Estrategicas/Atlantic_Council/GeoTech_Cues/page_16/ATLCOUNCIL_03-event-recap-western-society-i.json,.json,7.8,raw
data/raw/CODEFEST/F1_IA_y_Capacidades_Estrategicas/Atlantic_Council/GeoTech_Cues/page_16/ATLCOUNCIL_04-goodtechchoices-address-racism-tech-and-data.json,.json,49.8,raw
data/raw/CODEFEST/F1_IA_y_Capacidades_Estrategicas/Atlantic_Council/GeoTech_Cues/page_16/ATLCOUNCIL_06-how-to-pilot-data-trusts-for-good.json,.json,19.8,raw
data/raw/CODEFEST/F1_IA_y_Capacidades_Estrategicas/Atlantic_Council/GeoTech_Cues/page_16/ATLCOUNCIL_02-why-data-governance-matters.json,.json,99.6,raw
data/raw/CODEFEST/F1_IA_y_Capacidades_Estrategicas/Atlantic_Council/GeoTech_Cues/page_16/ATLCOUNCIL_09-event-recap-data-salon-episode-3.json,.json,8.4,raw
data/raw/CODEFEST/F1_IA_y_Capacidades_Estrategicas/Atlantic_Council/GeoTech_Cues/page_11/ATLCOUNCIL_01-indias-quest-for-digital-sovereignty.json,.json,13.1,raw
data/raw/CODEFEST/F1_IA_y_Capacidades_Estrategicas/Atlantic_Council/GeoTech_Cues/page_11/ATLCOUNCIL_05-a-multilateral-resurgence.json,.json,10.4,raw
data/raw/CODEFEST/F1_IA_y_Capacidades_Estrategicas/Atlantic_Council/GeoTech_Cues/page_11/ATLCOUNCIL_08-chinas-ambiguity.json,.json,13.8,raw
data/raw/CODEFEST/F1_IA_y_Capacidades_Estrategicas/Atlantic_Council/GeoTech_Cues/page_11/ATLCOUNCIL_02-worries-about-ai-externalities.json,.json,13.7,raw
data/raw/CODEFEST/F1_IA_y_Capacidades_Estrategicas/Atlantic_Council/GeoTech_Cues/page_11/ATLCOUNCIL_06-third-parties-dont-want-to-choose-sides.json,.json,15.6,raw
data/raw/CODEFEST/F1_IA_y_Capacidades_Estrategicas/Atlantic_Council/GeoTech_Cues/page_11/ATLCOUNCIL_09-smart-partnerships-for-global-challenges.json,.json,17.3,raw
data/raw/CODEFEST/F1_IA_y_Capacidades_Estrategicas/Atlantic_Council/GeoTech_Cues/page_11/ATLCOUNCIL_04-a-bipolar-world.json,.json,9.7,raw
data/raw/CODEFEST/F1_IA_y_Capacidades_Estrategicas/Atlantic_Council/GeoTech_Cues/page_11/ATLCOUNCIL_07-europes-hurdles.json,.json,13.5,raw
data/raw/CODEFEST/F1_IA_y_Capacidades_Estrategicas/Atlantic_Council/GeoTech_Cues/page_11/ATLCOUNCIL_03-technology-for-good.json,.json,12.6,raw
data/raw/CODEFEST/F1_IA_y_Capacidades_Estrategicas/Atlantic_Council/GeoTech_Cues/page_11/ATLCOUNCIL_10-event-recap-tech-and-data-recommendations-2.json,.json,7.6,raw
data/raw/CODEFEST/F1_IA_y_Capacidades_Estrategicas/Atlantic_Council/GeoTech_Cues/page_02/ATLCOUNCIL_09-the-sustainability-questions-policymakers-should-be-asking-about-ai.json,.json,42.3,raw
data/raw/CODEFEST/F1_IA_y_Capacidades_Estrategicas/Atlantic_Council/GeoTech_Cues/page_02/ATLCOUNCIL_06-aging-populations-are-being-ignored-in-global-tech-agreements-that-comes-at.json,.json,24.4,raw
data/raw/CODEFEST/F1_IA_y_Capacidades_Estrategicas/Atlantic_Council/GeoTech_Cues/page_02/ATLCOUNCIL_03-deepseek-shows-the-us-and-eu-the-costs-of-failing-to-govern-ai.json,.json,30.5,raw
data/raw/CODEFEST/F1_IA_y_Capacidades_Estrategicas/Atlantic_Council/GeoTech_Cues/page_02/ATLCOUNCIL_05-did-deepseek-just-trigger-a-paradigm-shift.json,.json,15.0,raw
data/raw/CODEFEST/F1_IA_y_Capacidades_Estrategicas/Atlantic_Council/GeoTech_Cues/page_02/ATLCOUNCIL_04-trumps-sectoral-trade-pivot-what-it-will-take-to-succeed.json,.json,24.9,raw
data/raw/CODEFEST/F1_IA_y_Capacidades_Estrategicas/Atlantic_Council/GeoTech_Cues/page_02/ATLCOUNCIL_01-g7-leaders-have-the-opportunity-to-strengthen-digital-resilience-heres-how-t.json,.json,20.6,raw
data/raw/CODEFEST/F1_IA_y_Capacidades_Estrategicas/Atlantic_Council/GeoTech_Cues/page_02/ATLCOUNCIL_07-a-policymakers-guide-to-ensuring-that-ai-powered-health-tech-operates-ethica.json,.json,22.0,raw
data/raw/CODEFEST/F1_IA_y_Capacidades_Estrategicas/Atlantic_Council/GeoTech_Cues/page_02/ATLCOUNCIL_08-the-sovereignty-trap.json,.json,38.1,raw
data/raw/CODEFEST/F1_IA_y_Capacidades_Estrategicas/Atlantic_Council/GeoTech_Cues/page_02/ATLCOUNCIL_02-to-build-tomorrows-power-grid-the-united-states-should-look-to-geothermal-en.json,.json,23.0,raw
data/raw/CODEFEST/F1_IA_y_Capacidades_Estrategicas/Atlantic_Council/GeoTech_Cues/page_08/ATLCOUNCIL_01-event-how-we-can-achieve-both-healthy-communities-and-economic-renewal.json,.json,8.5,raw
data/raw/CODEFEST/F1_IA_y_Capacidades_Estrategicas/Atlantic_Council/GeoTech_Cues/page_08/ATLCOUNCIL_05-event-recap-digital-idendity.json,.json,8.3,raw
data/raw/CODEFEST/F1_IA_y_Capacidades_Estrategicas/Atlantic_Council/GeoTech_Cues/page_08/ATLCOUNCIL_04-event-recap-agriculture-technology.json,.json,7.0,raw
data/raw/CODEFEST/F1_IA_y_Capacidades_Estrategicas/Atlantic_Council/GeoTech_Cues/page_08/ATLCOUNCIL_08-reimagining-a-just-society-pt-4-new-maps.json,.json,43.2,raw
data/raw/CODEFEST/F1_IA_y_Capacidades_Estrategicas/Atlantic_Council/GeoTech_Cues/page_08/ATLCOUNCIL_02-event-recap-countering-bot-swarms-part-2.json,.json,8.0,raw
data/raw/CODEFEST/F1_IA_y_Capacidades_Estrategicas/Atlantic_Council/GeoTech_Cues/page_08/ATLCOUNCIL_07-middle-skill-jobs-as-a-strategic-imperative.json,.json,37.3,raw
data/raw/CODEFEST/F1_IA_y_Capacidades_Estrategicas/Atlantic_Council/GeoTech_Cues/page_08/ATLCOUNCIL_09-ventilator-to-africa-project.json,.json,11.2,raw
data/raw/CODEFEST/F1_IA_y_Capacidades_Estrategicas/Atlantic_Council/GeoTech_Cues/page_08/ATLCOUNCIL_03-event-recap-countering-bot-swarms.json,.json,9.9,raw
data/raw/CODEFEST/F1_IA_y_Capacidades_Estrategicas/Atlantic_Council/GeoTech_Cues/page_08/ATLCOUNCIL_06-event-recap-indigenous-data-sovereignty.json,.json,6.9,raw
data/raw/CODEFEST/F1_IA_y_Capacidades_Estrategicas/Atlantic_Council/GeoTech_Cues/page_06/ATLCOUNCIL_05-event-recap-eo-14028.json,.json,7.7,raw
data/raw/CODEFEST/F1_IA_y_Capacidades_Estrategicas/Atlantic_Council/GeoTech_Cues/page_06/ATLCOUNCIL_07-eu-us-tech-cooperation.json,.json,46.9,raw
data/raw/CODEFEST/F1_IA_y_Capacidades_Estrategicas/Atlantic_Council/GeoTech_Cues/page_06/ATLCOUNCIL_06-event-recap-reimagining-education.json,.json,6.9,raw
data/raw/CODEFEST/F1_IA_y_Capacidades_Estrategicas/Atlantic_Council/GeoTech_Cues/page_06/ATLCOUNCIL_08-president-bidens-first-foreign-affairs-meetings-overseas.json,.json,25.1,raw
data/raw/CODEFEST/F1_IA_y_Capacidades_Estrategicas/Atlantic_Council/GeoTech_Cues/page_06/ATLCOUNCIL_01-event-technology-and-pandemics-challenges-and-opportunities.json,.json,6.0,raw
data/raw/CODEFEST/F1_IA_y_Capacidades_Estrategicas/Atlantic_Council/GeoTech_Cues/page_06/ATLCOUNCIL_03-event-data-trusts-and-the-global-covid-19-response.json,.json,6.8,raw
data/raw/CODEFEST/F1_IA_y_Capacidades_Estrategicas/Atlantic_Council/GeoTech_Cues/page_06/ATLCOUNCIL_04-how-to-secure-smart-cities-through-decentralized-digital-identities.json,.json,14.3,raw
data/raw/CODEFEST/F1_IA_y_Capacidades_Estrategicas/Atlantic_Council/GeoTech_Cues/page_06/ATLCOUNCIL_02-event-technologies-for-rebuilding-after-covid-19.json,.json,6.2,raw
data/raw/CODEFEST/F1_IA_y_Capacidades_Estrategicas/Atlantic_Council/GeoTech_Cues/page_15/ATLCOUNCIL_01-event-climate-tech-and-security.json,.json,7.2,raw
data/raw/CODEFEST/F1_IA_y_Capacidades_Estrategicas/Atlantic_Council/GeoTech_Cues/page_15/ATLCOUNCIL_02-the-tipping-point-climate-crises-and-zoonotic-disease.json,.json,19.9,raw
data/raw/CODEFEST/F1_IA_y_Capacidades_Estrategicas/Atlantic_Council/GeoTech_Cues/page_15/ATLCOUNCIL_03-event-recap-space-the-next-frontier-for-innovation-and-more.json,.json,20.9,raw
data/raw/CODEFEST/F1_IA_y_Capacidades_Estrategicas/Atlantic_Council/GeoTech_Cues/page_15/ATLCOUNCIL_04-event-recap-accelerating-covid-19-tests-treatments-and-vaccine-distribution.json,.json,7.0,raw
data/raw/CODEFEST/F1_IA_y_Capacidades_Estrategicas/Atlantic_Council/GeoTech_Cues/page_15/ATLCOUNCIL_08-event-recap-data-salon-episode-4.json,.json,7.3,raw
data/raw/CODEFEST/F1_IA_y_Capacidades_Estrategicas/Atlantic_Council/GeoTech_Cues/page_15/ATLCOUNCIL_06-transfer-of-eu-user-data-to-the-united-states-halted.json,.json,23.8,raw
data/raw/CODEFEST/F1_IA_y_Capacidades_Estrategicas/Atlantic_Council/GeoTech_Cues/page_15/ATLCOUNCIL_05-event-recap-space-economics.json,.json,7.2,raw
data/raw/CODEFEST/F1_IA_y_Capacidades_Estrategicas/Atlantic_Council/GeoTech_Cues/page_15/ATLCOUNCIL_09-event-recap-western-society-ii.json,.json,10.4,raw
data/raw/CODEFEST/F1_IA_y_Capacidades_Estrategicas/Atlantic_Council/GeoTech_Cues/page_15/ATLCOUNCIL_07-event-recap-global-supply-chains-disrupted.json,.json,8.4,raw
data/raw/CODEFEST/F1_IA_y_Capacidades_Estrategicas/Atlantic_Council/GeoTech_Cues/page_12/ATLCOUNCIL_02-vaccine-hesitancy-part-2.json,.json,27.8,raw
data/raw/CODEFEST/F1_IA_y_Capacidades_Estrategicas/Atlantic_Council/GeoTech_Cues/page_12/ATLCOUNCIL_01-event-recap-digital-content-safety.json,.json,21.2,raw
data/raw/CODEFEST/F1_IA_y_Capacidades_Estrategicas/Atlantic_Council/GeoTech_Cues/page_12/ATLCOUNCIL_09-event-recap-technology-policy-and-leadership-in-2021.json,.json,7.9,raw
data/raw/CODEFEST/F1_IA_y_Capacidades_Estrategicas/Atlantic_Council/GeoTech_Cues/page_12/ATLCOUNCIL_10-vaccine-hesitancy-part-1.json,.json,26.7,raw
data/raw/CODEFEST/F1_IA_y_Capacidades_Estrategicas/Atlantic_Council/GeoTech_Cues/page_12/ATLCOUNCIL_03-imagining-our-food-system-in-the-decades-to-come.json,.json,21.6,raw
data/raw/CODEFEST/F1_IA_y_Capacidades_Estrategicas/Atlantic_Council/GeoTech_Cues/page_12/ATLCOUNCIL_07-the-west-china-and-ai-surveillance.json,.json,76.9,raw
data/raw/CODEFEST/F1_IA_y_Capacidades_Estrategicas/Atlantic_Council/GeoTech_Cues/page_12/ATLCOUNCIL_08-property-rights-data-and-prosperity-in-africa.json,.json,22.7,raw
data/raw/CODEFEST/F1_IA_y_Capacidades_Estrategicas/Atlantic_Council/GeoTech_Cues/page_12/ATLCOUNCIL_04-the-end-of-an-era.json,.json,23.2,raw
data/raw/CODEFEST/F1_IA_y_Capacidades_Estrategicas/Atlantic_Council/GeoTech_Cues/page_12/ATLCOUNCIL_05-pretrial-risk-assessment-tools-must-be-directed-toward-an-abolitionist-visio.json,.json,55.4,raw
data/raw/CODEFEST/F1_IA_y_Capacidades_Estrategicas/Atlantic_Council/GeoTech_Cues/page_12/ATLCOUNCIL_06-silicon-valleys-role-in-foreign-policy.json,.json,33.6,raw
data/raw/CODEFEST/F1_IA_y_Capacidades_Estrategicas/Atlantic_Council/GeoTech_Cues/page_18/ATLCOUNCIL_06-central-bank-digital-currency-can-contribute-to-financial-inclusion-but-cann.json,.json,60.9,raw
data/raw/CODEFEST/F1_IA_y_Capacidades_Estrategicas/Atlantic_Council/GeoTech_Cues/page_18/ATLCOUNCIL_08-supply-chains-and-the-effects-of-covid-19-geopolitics-and-technological-inno.json,.json,21.7,raw
data/raw/CODEFEST/F1_IA_y_Capacidades_Estrategicas/Atlantic_Council/GeoTech_Cues/page_18/ATLCOUNCIL_04-event-recap-data-salon-episode-2.json,.json,16.2,raw
data/raw/CODEFEST/F1_IA_y_Capacidades_Estrategicas/Atlantic_Council/GeoTech_Cues/page_18/ATLCOUNCIL_05-event-recap-new-approaches-to-trust-in-manufacturing.json,.json,20.1,raw
data/raw/CODEFEST/F1_IA_y_Capacidades_Estrategicas/Atlantic_Council/GeoTech_Cues/page_18/ATLCOUNCIL_01-event-recap-actionable-steps-in-turbulent-times.json,.json,16.2,raw
data/raw/CODEFEST/F1_IA_y_Capacidades_Estrategicas/Atlantic_Council/GeoTech_Cues/page_18/ATLCOUNCIL_02-research-and-development-still-key-to-competitiveness-but-for-whom.json,.json,26.7,raw
data/raw/CODEFEST/F1_IA_y_Capacidades_Estrategicas/Atlantic_Council/GeoTech_Cues/page_18/ATLCOUNCIL_03-we-can-increase-public-participation-in-data-and-avoid-surveillance-states-h.json,.json,13.2,raw
data/raw/CODEFEST/F1_IA_y_Capacidades_Estrategicas/Atlantic_Council/GeoTech_Cues/page_18/ATLCOUNCIL_07-shared-humanity-amid-times-of-turbulence.json,.json,18.1,raw
data/raw/CODEFEST/F1_IA_y_Capacidades_Estrategicas/Atlantic_Council/GeoTech_Cues/page_20/ATLCOUNCIL_05-major-takeaways-on-strategic-standards-now-so-people-can-return-to-work-soon.json,.json,15.5,raw
data/raw/CODEFEST/F1_IA_y_Capacidades_Estrategicas/Atlantic_Council/GeoTech_Cues/page_20/ATLCOUNCIL_08-event-recap-why-data-trusts-could-help-us-better-respond-and-rebuild-from-co.json,.json,5.9,raw
data/raw/CODEFEST/F1_IA_y_Capacidades_Estrategicas/Atlantic_Council/GeoTech_Cues/page_20/ATLCOUNCIL_06-covid-19-might-accelerate-or-change-previous-ai-adoption-strategies.json,.json,21.8,raw
data/raw/CODEFEST/F1_IA_y_Capacidades_Estrategicas/Atlantic_Council/GeoTech_Cues/page_20/ATLCOUNCIL_02-design-choices-of-central-bank-digital-currencies-will-transform-digital-pay.json,.json,86.1,raw
data/raw/CODEFEST/F1_IA_y_Capacidades_Estrategicas/Atlantic_Council/GeoTech_Cues/page_20/ATLCOUNCIL_04-video-recap-strategic-standards-now-so-people-can-return-to-work-soon.json,.json,6.7,raw
data/raw/CODEFEST/F1_IA_y_Capacidades_Estrategicas/Atlantic_Council/GeoTech_Cues/page_20/ATLCOUNCIL_07-can-tech-companies-embody-global-values-and-ride-to-the-rescue.json,.json,15.4,raw
data/raw/CODEFEST/F1_IA_y_Capacidades_Estrategicas/Atlantic_Council/GeoTech_Cues/page_20/ATLCOUNCIL_01-covid-19-technological-innovation-and-the-future-of-societies.json,.json,19.0,raw
data/raw/CODEFEST/F1_IA_y_Capacidades_Estrategicas/Atlantic_Council/GeoTech_Cues/page_20/ATLCOUNCIL_03-mitigating-the-impacts-of-global-food-crises-associated-with-covid-19.json,.json,45.3,raw
data/raw/CODEFEST/F1_IA_y_Capacidades_Estrategicas/Atlantic_Council/GeoTech_Cues/page_01/ATLCOUNCIL_06-how-indias-ai-talent-playbook-can-provide-a-blueprint-for-aspiring-ai-powers.json,.json,18.7,raw
data/raw/CODEFEST/F1_IA_y_Capacidades_Estrategicas/Atlantic_Council/GeoTech_Cues/page_01/ATLCOUNCIL_09-how-the-chip-security-act-could-usher-in-an-era-of-trusted-trade-with-us-par.json,.json,26.3,raw
data/raw/CODEFEST/F1_IA_y_Capacidades_Estrategicas/Atlantic_Council/GeoTech_Cues/page_01/ATLCOUNCIL_07-for-aging-populations-to-benefit-from-advances-in-healthcare-technology-coun.json,.json,23.0,raw
data/raw/CODEFEST/F1_IA_y_Capacidades_Estrategicas/Atlantic_Council/GeoTech_Cues/page_01/ATLCOUNCIL_04-the-road-to-the-ai-impact-summit-how-to-build-ai-infrastructure-from-the-gro.json,.json,24.0,raw
data/raw/CODEFEST/F1_IA_y_Capacidades_Estrategicas/Atlantic_Council/GeoTech_Cues/page_01/ATLCOUNCIL_02-to-realize-returns-on-their-ai-investments-corporations-must-consider-their.json,.json,15.1,raw
data/raw/CODEFEST/F1_IA_y_Capacidades_Estrategicas/Atlantic_Council/GeoTech_Cues/page_01/ATLCOUNCIL_08-global-perspectives-on-ai-and-digital-trust-ahead-of-the-swiss-e-id-referend.json,.json,18.8,raw
data/raw/CODEFEST/F1_IA_y_Capacidades_Estrategicas/Atlantic_Council/GeoTech_Cues/page_01/ATLCOUNCIL_05-the-ai-impact-summit-must-focus-on-pathways-not-pilots-to-scale-up-ai-adopti.json,.json,20.8,raw
data/raw/CODEFEST/F1_IA_y_Capacidades_Estrategicas/Atlantic_Council/GeoTech_Cues/page_01/ATLCOUNCIL_10-navigating-the-new-reality-of-international-ai-policy.json,.json,27.8,raw
data/raw/CODEFEST/F1_IA_y_Capacidades_Estrategicas/Atlantic_Council/GeoTech_Cues/page_01/ATLCOUNCIL_01-europe-must-address-the-digital-sovereignty-triad.json,.json,23.5,raw
data/raw/CODEFEST/F1_IA_y_Capacidades_Estrategicas/Atlantic_Council/GeoTech_Cues/page_01/ATLCOUNCIL_03-to-compete-with-china-in-space-the-us-must-form-more-equitable-commercial-pa.json,.json,33.3,raw
data/raw/CODEFEST/F1_IA_y_Capacidades_Estrategicas/Atlantic_Council/GeoTech_Cues/page_09/ATLCOUNCIL_01-event-recap-coordinating-data-privacy-public-interest.json,.json,7.5,raw
data/raw/CODEFEST/F1_IA_y_Capacidades_Estrategicas/Atlantic_Council/GeoTech_Cues/page_09/ATLCOUNCIL_05-event-recap-women-in-tech.json,.json,8.8,raw
data/raw/CODEFEST/F1_IA_y_Capacidades_Estrategicas/Atlantic_Council/GeoTech_Cues/page_09/ATLCOUNCIL_04-event-recap-artificial-intelligence-2045.json,.json,6.2,raw
data/raw/CODEFEST/F1_IA_y_Capacidades_Estrategicas/Atlantic_Council/GeoTech_Cues/page_09/ATLCOUNCIL_06-synthetic-data-privacy-trust.json,.json,9.2,raw
data/raw/CODEFEST/F1_IA_y_Capacidades_Estrategicas/Atlantic_Council/GeoTech_Cues/page_09/ATLCOUNCIL_02-event-recap-coordinating-data-privacy.json,.json,7.8,raw
data/raw/CODEFEST/F1_IA_y_Capacidades_Estrategicas/Atlantic_Council/GeoTech_Cues/page_09/ATLCOUNCIL_08-event-recap-data-informed-nutrition-policy-and-initiatives.json,.json,7.5,raw
data/raw/CODEFEST/F1_IA_y_Capacidades_Estrategicas/Atlantic_Council/GeoTech_Cues/page_09/ATLCOUNCIL_09-celebrating-public-service.json,.json,13.0,raw
data/raw/CODEFEST/F1_IA_y_Capacidades_Estrategicas/Atlantic_Council/GeoTech_Cues/page_09/ATLCOUNCIL_07-information-warfare-military-civil-deception-today-2030.json,.json,21.5,raw
data/raw/CODEFEST/F1_IA_y_Capacidades_Estrategicas/Atlantic_Council/GeoTech_Cues/page_09/ATLCOUNCIL_03-event-recap-geotech-decade-ahead.json,.json,8.2,raw
data/raw/CODEFEST/F1_IA_y_Capacidades_Estrategicas/Atlantic_Council/GeoTech_Cues/page_03/ATLCOUNCIL_04-digital-discrimination-addressing-ageism-in-design-and-use-of-new-and-emergi.json,.json,25.3,raw
data/raw/CODEFEST/F1_IA_y_Capacidades_Estrategicas/Atlantic_Council/GeoTech_Cues/page_03/ATLCOUNCIL_05-mobilizing-public-science-priorities-through-the-american-commercial-space-i.json,.json,21.3,raw
data/raw/CODEFEST/F1_IA_y_Capacidades_Estrategicas/Atlantic_Council/GeoTech_Cues/page_03/ATLCOUNCIL_03-ai-governance-on-a-global-stage-key-themes-from-the-biggest-week-in-ai-polic.json,.json,31.4,raw
data/raw/CODEFEST/F1_IA_y_Capacidades_Estrategicas/Atlantic_Council/GeoTech_Cues/page_03/ATLCOUNCIL_06-data-strategies-for-an-ai-powered-government.json,.json,33.2,raw
data/raw/CODEFEST/F1_IA_y_Capacidades_Estrategicas/Atlantic_Council/GeoTech_Cues/page_03/ATLCOUNCIL_09-why-us-technology-multinationals-are-looking-to-africa-for-ai-and-other-emer.json,.json,22.6,raw
data/raw/CODEFEST/F1_IA_y_Capacidades_Estrategicas/Atlantic_Council/GeoTech_Cues/page_03/ATLCOUNCIL_02-eu-ai-act-sets-the-stage-for-global-ai-governance-implications-for-us-compan.json,.json,20.8,raw
data/raw/CODEFEST/F1_IA_y_Capacidades_Estrategicas/Atlantic_Council/GeoTech_Cues/page_03/ATLCOUNCIL_01-one-hundred-years-of-energy-transitions.json,.json,23.2,raw
data/raw/CODEFEST/F1_IA_y_Capacidades_Estrategicas/Atlantic_Council/GeoTech_Cues/page_03/ATLCOUNCIL_10-ai-generates-new-policy-risk.json,.json,20.7,raw
data/raw/CODEFEST/F1_IA_y_Capacidades_Estrategicas/Atlantic_Council/GeoTech_Cues/page_03/ATLCOUNCIL_08-the-regulators-are-coming-for-your-ai.json,.json,17.8,raw
data/raw/CODEFEST/F1_IA_y_Capacidades_Estrategicas/Atlantic_Council/GeoTech_Cues/page_03/ATLCOUNCIL_07-consensus-standards-and-measurement-methods-will-be-critical-to-mitigating-c.json,.json,17.7,raw
data/raw/CODEFEST/F1_IA_y_Capacidades_Estrategicas/Atlantic_Council/GeoTech_Cues/page_10/ATLCOUNCIL_01-event-recap-geopolitics-of-emerging-tech-pandemic.json,.json,8.0,raw
data/raw/CODEFEST/F1_IA_y_Capacidades_Estrategicas/Atlantic_Council/GeoTech_Cues/page_10/ATLCOUNCIL_03-event-recap-tech-enabled-dis-and-misinformation.json,.json,11.9,raw
data/raw/CODEFEST/F1_IA_y_Capacidades_Estrategicas/Atlantic_Council/GeoTech_Cues/page_10/ATLCOUNCIL_06-event-recap-improvements-to-public-services.json,.json,11.2,raw
data/raw/CODEFEST/F1_IA_y_Capacidades_Estrategicas/Atlantic_Council/GeoTech_Cues/page_10/ATLCOUNCIL_08-cooperation-in-a-bipolar-world.json,.json,14.7,raw
data/raw/CODEFEST/F1_IA_y_Capacidades_Estrategicas/Atlantic_Council/GeoTech_Cues/page_10/ATLCOUNCIL_09-an-unequal-world.json,.json,11.7,raw
data/raw/CODEFEST/F1_IA_y_Capacidades_Estrategicas/Atlantic_Council/GeoTech_Cues/page_10/ATLCOUNCIL_05-reimagining-a-just-society-pt-3-a-coming-shift-in-perspective.json,.json,24.4,raw
data/raw/CODEFEST/F1_IA_y_Capacidades_Estrategicas/Atlantic_Council/GeoTech_Cues/page_10/ATLCOUNCIL_02-event-recap-data-salon-episode-6-digital-identity.json,.json,13.1,raw
data/raw/CODEFEST/F1_IA_y_Capacidades_Estrategicas/Atlantic_Council/GeoTech_Cues/page_10/ATLCOUNCIL_07-event-recap-the-global-quest-for-digital-sovereignty-report-launch.json,.json,10.3,raw
data/raw/CODEFEST/F1_IA_y_Capacidades_Estrategicas/Atlantic_Council/GeoTech_Cues/page_10/ATLCOUNCIL_04-event-recap-immune-system-for-the-planet.json,.json,9.4,raw
data/raw/CODEFEST/F1_IA_y_Capacidades_Estrategicas/Atlantic_Council/GeoTech_Cues/page_22/ATLCOUNCIL_01-pandemic-survival-strategies-a-leadership-guide-for-organizations-wanting-to.json,.json,22.3,raw
data/raw/CODEFEST/F1_IA_y_Capacidades_Estrategicas/Atlantic_Council/GeoTech_Cues/page_17/ATLCOUNCIL_03-event-recap-future-of-trust-and-sensemaking.json,.json,8.8,raw
data/raw/CODEFEST/F1_IA_y_Capacidades_Estrategicas/Atlantic_Council/GeoTech_Cues/page_17/ATLCOUNCIL_09-event-recap-making-space-available-for-everyone.json,.json,12.5,raw
data/raw/CODEFEST/F1_IA_y_Capacidades_Estrategicas/Atlantic_Council/GeoTech_Cues/page_17/ATLCOUNCIL_06-meet-a-fellow-nikhil-raghuveera.json,.json,8.0,raw
data/raw/CODEFEST/F1_IA_y_Capacidades_Estrategicas/Atlantic_Council/GeoTech_Cues/page_17/ATLCOUNCIL_05-event-recap-identifying-and-fixing-disruptions-to-the-global-food-system.json,.json,12.8,raw
data/raw/CODEFEST/F1_IA_y_Capacidades_Estrategicas/Atlantic_Council/GeoTech_Cues/page_17/ATLCOUNCIL_07-welcoming-our-geotech-fellows.json,.json,14.3,raw
data/raw/CODEFEST/F1_IA_y_Capacidades_Estrategicas/Atlantic_Council/GeoTech_Cues/page_17/ATLCOUNCIL_04-goodtechchoices-address-unjust-uses-of-data.json,.json,53.7,raw
data/raw/CODEFEST/F1_IA_y_Capacidades_Estrategicas/Atlantic_Council/GeoTech_Cues/page_17/ATLCOUNCIL_01-living-within-the-truth-in-the-age-of-coronavirus-americas-security-on-the-l.json,.json,34.0,raw
data/raw/CODEFEST/F1_IA_y_Capacidades_Estrategicas/Atlantic_Council/GeoTech_Cues/page_17/ATLCOUNCIL_08-event-recap-online-and-in-digital-transactions.json,.json,8.7,raw
data/raw/CODEFEST/F1_IA_y_Capacidades_Estrategicas/Atlantic_Council/GeoTech_Cues/page_17/ATLCOUNCIL_02-the-geopolitics-of-russias-vaccine-claim.json,.json,20.6,raw
data/raw/CODEFEST/F1_IA_y_Capacidades_Estrategicas/Atlantic_Council/GeoTech_Cues/page_04/ATLCOUNCIL_06-cybersecurity-in-service-delivery.json,.json,34.6,raw
data/raw/CODEFEST/F1_IA_y_Capacidades_Estrategicas/Atlantic_Council/GeoTech_Cues/page_04/ATLCOUNCIL_09-europe-in-a-bipolar-tech-world.json,.json,23.4,raw
data/raw/CODEFEST/F1_IA_y_Capacidades_Estrategicas/Atlantic_Council/GeoTech_Cues/page_04/ATLCOUNCIL_04-at-the-nexus-of-technology-and-security-biometrics-at-the-border.json,.json,27.8,raw
data/raw/CODEFEST/F1_IA_y_Capacidades_Estrategicas/Atlantic_Council/GeoTech_Cues/page_04/ATLCOUNCIL_02-health-challenges-are-intimately-linked-to-climate-change-how-will-we-prepar.json,.json,26.3,raw
data/raw/CODEFEST/F1_IA_y_Capacidades_Estrategicas/Atlantic_Council/GeoTech_Cues/page_04/ATLCOUNCIL_08-postpandemic-letdown-and-western-disarray.json,.json,24.5,raw
data/raw/CODEFEST/F1_IA_y_Capacidades_Estrategicas/Atlantic_Council/GeoTech_Cues/page_04/ATLCOUNCIL_01-beyond-chips-prioritizing-standardization-is-critical-for-u-s-competitivenes.json,.json,15.6,raw
data/raw/CODEFEST/F1_IA_y_Capacidades_Estrategicas/Atlantic_Council/GeoTech_Cues/page_04/ATLCOUNCIL_05-the-ecosystemization-of-russias-big-tech.json,.json,20.1,raw
data/raw/CODEFEST/F1_IA_y_Capacidades_Estrategicas/Atlantic_Council/GeoTech_Cues/page_04/ATLCOUNCIL_03-the-next-phase-of-us-china-economic-and-tech-decoupling.json,.json,9.5,raw
data/raw/CODEFEST/F1_IA_y_Capacidades_Estrategicas/Atlantic_Council/GeoTech_Cues/page_04/ATLCOUNCIL_07-the-next-step-in-community-centric-service-delivery.json,.json,20.5,raw
data/raw/CODEFEST/F1_IA_y_Capacidades_Estrategicas/Atlantic_Council/GeoTech_Cues/page_19/ATLCOUNCIL_02-going-deeper-central-bank-digital-currencies-and-how-best-to-design-them-to.json,.json,12.7,raw
data/raw/CODEFEST/F1_IA_y_Capacidades_Estrategicas/Atlantic_Council/GeoTech_Cues/page_19/ATLCOUNCIL_07-we-can-get-through-this-covid-19-pandemic-together-here-is-how.json,.json,16.0,raw
data/raw/CODEFEST/F1_IA_y_Capacidades_Estrategicas/Atlantic_Council/GeoTech_Cues/page_19/ATLCOUNCIL_05-we-can-strengthen-the-global-food-system-here-is-how.json,.json,11.4,raw
data/raw/CODEFEST/F1_IA_y_Capacidades_Estrategicas/Atlantic_Council/GeoTech_Cues/page_19/ATLCOUNCIL_09-major-takeaways-on-how-we-can-achieve-both-healthy-communities-and-economic.json,.json,8.5,raw
data/raw/CODEFEST/F1_IA_y_Capacidades_Estrategicas/Atlantic_Council/GeoTech_Cues/page_19/ATLCOUNCIL_08-public-service-remains-the-essential-undertaking-that-brings-communities-tog.json,.json,14.3,raw
data/raw/CODEFEST/F1_IA_y_Capacidades_Estrategicas/Atlantic_Council/GeoTech_Cues/page_19/ATLCOUNCIL_03-going-deeper-mobilizing-industry-to-encourage-multi-sector-solutions-to-glob.json,.json,7.8,raw
data/raw/CODEFEST/F1_IA_y_Capacidades_Estrategicas/Atlantic_Council/GeoTech_Cues/page_19/ATLCOUNCIL_01-event-recap-data-salon-episode-1.json,.json,19.9,raw
data/raw/CODEFEST/F1_IA_y_Capacidades_Estrategicas/Atlantic_Council/GeoTech_Cues/page_19/ATLCOUNCIL_10-video-recap-future-of-data-and-ai-in-space.json,.json,6.4,raw
data/raw/CODEFEST/F1_IA_y_Capacidades_Estrategicas/Atlantic_Council/GeoTech_Cues/page_19/ATLCOUNCIL_04-we-can-more-rapidly-respond-to-pandemics-here-is-how.json,.json,14.6,raw
data/raw/CODEFEST/F1_IA_y_Capacidades_Estrategicas/Atlantic_Council/GeoTech_Cues/page_19/ATLCOUNCIL_06-societal-and-geopolitical-changes-in-a-post-covid-19-world.json,.json,20.2,raw
data/raw/CODEFEST/F1_IA_y_Capacidades_Estrategicas/Atlantic_Council/GeoTech_Cues/page_13/ATLCOUNCIL_05-event-recap-food-system-sustainability-in-2021-and-beyond.json,.json,7.1,raw
data/raw/CODEFEST/F1_IA_y_Capacidades_Estrategicas/Atlantic_Council/GeoTech_Cues/page_13/ATLCOUNCIL_03-reimagining-a-just-society-is-a-different-world-possible.json,.json,24.5,raw
data/raw/CODEFEST/F1_IA_y_Capacidades_Estrategicas/Atlantic_Council/GeoTech_Cues/page_13/ATLCOUNCIL_01-event-recap-space-salon-innovative-solutions-to-real-world-problems.json,.json,8.1,raw
data/raw/CODEFEST/F1_IA_y_Capacidades_Estrategicas/Atlantic_Council/GeoTech_Cues/page_13/ATLCOUNCIL_07-jeff-rowe-interview.json,.json,6.8,raw
data/raw/CODEFEST/F1_IA_y_Capacidades_Estrategicas/Atlantic_Council/GeoTech_Cues/page_13/ATLCOUNCIL_08-event-recap-software-supply-chain.json,.json,6.2,raw
data/raw/CODEFEST/F1_IA_y_Capacidades_Estrategicas/Atlantic_Council/GeoTech_Cues/page_13/ATLCOUNCIL_04-recap-at-the-crossroads-of-emerging-technologies-and-security.json,.json,8.4,raw
data/raw/CODEFEST/F1_IA_y_Capacidades_Estrategicas/Atlantic_Council/GeoTech_Cues/page_13/ATLCOUNCIL_06-geotech-vlog-co-commissioners-speak-on-their-outlook-for-the-future.json,.json,7.8,raw
data/raw/CODEFEST/F1_IA_y_Capacidades_Estrategicas/Atlantic_Council/GeoTech_Cues/page_13/ATLCOUNCIL_02-event-recap-practical-steps-towards-data-for-good.json,.json,6.9,raw
data/raw/CODEFEST/F1_IA_y_Capacidades_Estrategicas/Atlantic_Council/GeoTech_Cues/page_21/ATLCOUNCIL_01-covid-19s-potential-impact-on-global-technology-and-data-innovation.json,.json,15.8,raw
data/raw/CODEFEST/F1_IA_y_Capacidades_Estrategicas/Atlantic_Council/GeoTech_Cues/page_21/ATLCOUNCIL_04-we-can-build-an-immune-system-for-the-planet.json,.json,19.9,raw
data/raw/CODEFEST/F1_IA_y_Capacidades_Estrategicas/Atlantic_Council/GeoTech_Cues/page_21/ATLCOUNCIL_02-5gs-geopolitics-solvable-by-improving-routing-protocols-vs-modern-threats.json,.json,28.9,raw
data/raw/CODEFEST/F1_IA_y_Capacidades_Estrategicas/Atlantic_Council/GeoTech_Cues/page_21/ATLCOUNCIL_05-global-food-security-during-covid-19.json,.json,27.5,raw
data/raw/CODEFEST/F1_IA_y_Capacidades_Estrategicas/Atlantic_Council/GeoTech_Cues/page_21/ATLCOUNCIL_03-pandemic-may-replace-the-nation-state-but-with-what.json,.json,31.7,raw
data/raw/CODEFEST/F1_IA_y_Capacidades_Estrategicas/Atlantic_Council/GeoTech_Cues/page_14/ATLCOUNCIL_01-event-recap-data-security-and-the-global-food-system.json,.json,6.9,raw
data/raw/CODEFEST/F1_IA_y_Capacidades_Estrategicas/Atlantic_Council/GeoTech_Cues/page_14/ATLCOUNCIL_04-event-recap-data-tech-and-geopolitics-in-2021-beyond.json,.json,10.3,raw
data/raw/CODEFEST/F1_IA_y_Capacidades_Estrategicas/Atlantic_Council/GeoTech_Cues/page_14/ATLCOUNCIL_07-event-recap-entrepreneurs-and-accelerating-startup-ecosystems.json,.json,7.7,raw
data/raw/CODEFEST/F1_IA_y_Capacidades_Estrategicas/Atlantic_Council/GeoTech_Cues/page_14/ATLCOUNCIL_03-silicon-valleys-role-in-foreign-policy-and-what-others-can-learn-from-it.json,.json,30.5,raw
data/raw/CODEFEST/F1_IA_y_Capacidades_Estrategicas/Atlantic_Council/GeoTech_Cues/page_14/ATLCOUNCIL_02-event-recap-global-impacts-of-democratized-tech.json,.json,7.6,raw
data/raw/CODEFEST/F1_IA_y_Capacidades_Estrategicas/Atlantic_Council/GeoTech_Cues/page_14/ATLCOUNCIL_06-event-recap-data-salon-ep-5.json,.json,9.5,raw
data/raw/CODEFEST/F1_IA_y_Capacidades_Estrategicas/Atlantic_Council/GeoTech_Cues/page_14/ATLCOUNCIL_05-how-data-trusts-can-accelerate-innovation.json,.json,25.7,raw
data/raw/CODEFEST/F1_IA_y_Capacidades_Estrategicas/Atlantic_Council/GeoTech_Cues/page_07/ATLCOUNCIL_10-event-recap-data-human-rights-speech-and-privacy.json,.json,8.5,raw
data/raw/CODEFEST/F1_IA_y_Capacidades_Estrategicas/Atlantic_Council/GeoTech_Cues/page_07/ATLCOUNCIL_02-event-recap-assured-trust-in-medicine.json,.json,9.3,raw
data/raw/CODEFEST/F1_IA_y_Capacidades_Estrategicas/Atlantic_Council/GeoTech_Cues/page_07/ATLCOUNCIL_05-scotch-a-framework-for-rapidly-assessing-influence-operations.json,.json,35.4,raw
data/raw/CODEFEST/F1_IA_y_Capacidades_Estrategicas/Atlantic_Council/GeoTech_Cues/page_07/ATLCOUNCIL_09-how-to-modernize-the-global-food-system-for-an-economy-of-trust.json,.json,14.3,raw
data/raw/CODEFEST/F1_IA_y_Capacidades_Estrategicas/Atlantic_Council/GeoTech_Cues/page_07/ATLCOUNCIL_06-games-with-serious-impacts-the-next-generation.json,.json,61.9,raw
data/raw/CODEFEST/F1_IA_y_Capacidades_Estrategicas/Atlantic_Council/GeoTech_Cues/page_07/ATLCOUNCIL_01-event-recap-autonomous-systems-employing-ai.json,.json,9.1,raw
data/raw/CODEFEST/F1_IA_y_Capacidades_Estrategicas/Atlantic_Council/GeoTech_Cues/page_07/ATLCOUNCIL_07-games-with-serious-consequences-extremist-movements-and-kayfabe-2.json,.json,36.9,raw
data/raw/CODEFEST/F1_IA_y_Capacidades_Estrategicas/Atlantic_Council/GeoTech_Cues/page_07/ATLCOUNCIL_03-event-recap-commission-report-launch-part-ii.json,.json,13.2,raw
data/raw/CODEFEST/F1_IA_y_Capacidades_Estrategicas/Atlantic_Council/GeoTech_Cues/page_07/ATLCOUNCIL_08-event-recap-computing-to-win-the-ai-compute-divide.json,.json,7.7,raw
data/raw/CODEFEST/F1_IA_y_Capacidades_Estrategicas/Atlantic_Council/GeoTech_Cues/page_07/ATLCOUNCIL_04-event-recap-commission-report-launch-part-i.json,.json,11.2,raw
data/raw/CODEFEST/F3_Dinamicas_Territoriales/CEOBS/ceobs_full_registro.json,.json,6.3,raw
data/raw/CODEFEST/F3_Dinamicas_Territoriales/CEOBS/ceobs_full_catalogo.json,.json,6.4,raw
data/raw/CODEFEST/F3_Dinamicas_Territoriales/Amazon_Underworld/AMAZONUW_amazonunderworld-data.csv,.csv,486.5,raw
data/raw/CODEFEST/F3_Dinamicas_Territoriales/Amazon_Underworld/AMAZONUW_tiles-index.json,.json,123.8,raw
data/raw/CODEFEST/F3_Dinamicas_Territoriales/MAPP_OEA/mapp_registro.json,.json,8.1,raw
data/raw/CODEFEST/F3_Dinamicas_Territoriales/MAPP_OEA/mapp_catalogo.json,.json,9.2,raw
data/raw/CODEFEST/F3_Dinamicas_Territoriales/CEEEP/ceeep_catalogo.json,.json,27.0,raw
data/raw/CODEFEST/F3_Dinamicas_Territoriales/CEEEP/ceeep_registro.json,.json,15.5,raw
data/raw/CODEFEST/F3_Dinamicas_Territoriales/SIPRI/sipri_full_registro.json,.json,25.6,raw
data/raw/CODEFEST/F3_Dinamicas_Territoriales/SIPRI/sipri_full_catalogo.json,.json,23.6,raw
data/raw/CODEFEST/F3_Dinamicas_Territoriales/RESDAL/resdal_registro.json,.json,9.3,raw
data/raw/CODEFEST/F3_Dinamicas_Territoriales/RESDAL/resdal_catalogo.json,.json,10.0,raw
data/raw/CODEFEST/F3_Dinamicas_Territoriales/Alertas_Tempranas/.DS_Store,,6.0,raw
data/raw/CODEFEST/F3_Dinamicas_Territoriales/Alertas_Tempranas/pdfs/.DS_Store,,6.0,raw
data/raw/CODEFEST/F3_Dinamicas_Territoriales/Alertas_Tempranas/alertas/ALERTAS_013-20-91664.json,.json,1.5,raw
data/raw/CODEFEST/F3_Dinamicas_Territoriales/Alertas_Tempranas/alertas/ALERTAS_014-23-91870.json,.json,1.6,raw
data/raw/CODEFEST/F3_Dinamicas_Territoriales/Alertas_Tempranas/alertas/ALERTAS_005-20-91661.json,.json,1.9,raw
data/raw/CODEFEST/F3_Dinamicas_Territoriales/Alertas_Tempranas/alertas/ALERTAS_003-25-91928.json,.json,1.5,raw
data/raw/CODEFEST/F3_Dinamicas_Territoriales/Alertas_Tempranas/alertas/ALERTAS_035-18-91740.json,.json,1.4,raw
data/raw/CODEFEST/F3_Dinamicas_Territoriales/Alertas_Tempranas/alertas/ALERTAS_023-20-91736.json,.json,1.7,raw
data/raw/CODEFEST/F3_Dinamicas_Territoriales/Alertas_Tempranas/alertas/ALERTAS_068-18-91677.json,.json,1.5,raw
data/raw/CODEFEST/F3_Dinamicas_Territoriales/Alertas_Tempranas/alertas/ALERTAS_027-24-91925.json,.json,2.2,raw
data/raw/CODEFEST/F3_Dinamicas_Territoriales/Alertas_Tempranas/alertas/ALERTAS_041-19-91609.json,.json,1.1,raw
data/raw/CODEFEST/F3_Dinamicas_Territoriales/Alertas_Tempranas/alertas/ALERTAS_004-25-91929.json,.json,1.6,raw
data/raw/CODEFEST/F3_Dinamicas_Territoriales/Alertas_Tempranas/alertas/ALERTAS_012-19-91596.json,.json,1.1,raw
data/raw/CODEFEST/F3_Dinamicas_Territoriales/Alertas_Tempranas/alertas/ALERTAS_001-23-91857.json,.json,2.0,raw
data/raw/CODEFEST/F3_Dinamicas_Territoriales/Alertas_Tempranas/alertas/ALERTAS_036-18-91729.json,.json,1.1,raw
data/raw/CODEFEST/F3_Dinamicas_Territoriales/Alertas_Tempranas/alertas/ALERTAS_045-19-91705.json,.json,1.5,raw
data/raw/CODEFEST/F3_Dinamicas_Territoriales/Alertas_Tempranas/alertas/ALERTAS_051-18-91682.json,.json,1.4,raw
data/raw/CODEFEST/F3_Dinamicas_Territoriales/Alertas_Tempranas/alertas/ALERTAS_004-26-91950.json,.json,1.5,raw
data/raw/CODEFEST/F3_Dinamicas_Territoriales/Alertas_Tempranas/alertas/ALERTAS_030-18-91638.json,.json,1.5,raw
data/raw/CODEFEST/F3_Dinamicas_Territoriales/Alertas_Tempranas/alertas/ALERTAS_003-26-91949.json,.json,1.5,raw
data/raw/CODEFEST/F3_Dinamicas_Territoriales/Alertas_Tempranas/alertas/ALERTAS_024-19-91603.json,.json,1.0,raw
data/raw/CODEFEST/F3_Dinamicas_Territoriales/Alertas_Tempranas/alertas/ALERTAS_013-23-91869.json,.json,1.5,raw
data/raw/CODEFEST/F3_Dinamicas_Territoriales/Alertas_Tempranas/alertas/ALERTAS_086-18-91728.json,.json,1.5,raw
data/raw/CODEFEST/F3_Dinamicas_Territoriales/Alertas_Tempranas/alertas/ALERTAS_004-21-91792.json,.json,5.0,raw
data/raw/CODEFEST/F3_Dinamicas_Territoriales/Alertas_Tempranas/alertas/ALERTAS_010-23-91866.json,.json,1.4,raw
data/raw/CODEFEST/F3_Dinamicas_Territoriales/Alertas_Tempranas/alertas/ALERTAS_015-26-91961.json,.json,1.9,raw
data/raw/CODEFEST/F3_Dinamicas_Territoriales/Alertas_Tempranas/alertas/ALERTAS_001-22-91823.json,.json,1.9,raw
data/raw/CODEFEST/F3_Dinamicas_Territoriales/Alertas_Tempranas/alertas/ALERTAS_007-24-91905.json,.json,1.9,raw
data/raw/CODEFEST/F3_Dinamicas_Territoriales/Alertas_Tempranas/alertas/ALERTAS_080-18-91723.json,.json,1.9,raw
data/raw/CODEFEST/F3_Dinamicas_Territoriales/Alertas_Tempranas/alertas/ALERTAS_023-18-91614.json,.json,1.3,raw
data/raw/CODEFEST/F3_Dinamicas_Territoriales/Alertas_Tempranas/alertas/ALERTAS_013-22-91834.json,.json,1.1,raw
data/raw/CODEFEST/F3_Dinamicas_Territoriales/Alertas_Tempranas/alertas/ALERTAS_055-19-91769.json,.json,1.2,raw
data/raw/CODEFEST/F3_Dinamicas_Territoriales/Alertas_Tempranas/alertas/ALERTAS_070-18-91616.json,.json,1.3,raw
data/raw/CODEFEST/F3_Dinamicas_Territoriales/Alertas_Tempranas/alertas/ALERTAS_039-19-91702.json,.json,1.5,raw
data/raw/CODEFEST/F3_Dinamicas_Territoriales/Alertas_Tempranas/alertas/ALERTAS_024-23-91882.json,.json,1.2,raw
data/raw/CODEFEST/F3_Dinamicas_Territoriales/Alertas_Tempranas/alertas/ALERTAS_049-19-91706.json,.json,1.4,raw
data/raw/CODEFEST/F3_Dinamicas_Territoriales/Alertas_Tempranas/alertas/ALERTAS_037-19-91606.json,.json,1.2,raw
data/raw/CODEFEST/F3_Dinamicas_Territoriales/Alertas_Tempranas/alertas/ALERTAS_002-23-91858.json,.json,1.8,raw
data/raw/CODEFEST/F3_Dinamicas_Territoriales/Alertas_Tempranas/alertas/ALERTAS_009-24-91907.json,.json,1.6,raw
data/raw/CODEFEST/F3_Dinamicas_Territoriales/Alertas_Tempranas/alertas/ALERTAS_027-18-91655.json,.json,0.9,raw
data/raw/CODEFEST/F3_Dinamicas_Territoriales/Alertas_Tempranas/alertas/ALERTAS_010-25-91935.json,.json,1.9,raw
data/raw/CODEFEST/F3_Dinamicas_Territoriales/Alertas_Tempranas/alertas/ALERTAS_033-23-91891.json,.json,1.5,raw
data/raw/CODEFEST/F3_Dinamicas_Territoriales/Alertas_Tempranas/alertas/ALERTAS_020-22-91842.json,.json,1.3,raw
data/raw/CODEFEST/F3_Dinamicas_Territoriales/Alertas_Tempranas/alertas/ALERTAS_015-22-91837.json,.json,1.7,raw
data/raw/CODEFEST/F3_Dinamicas_Territoriales/Alertas_Tempranas/alertas/ALERTAS_017-20-91733.json,.json,2.5,raw
data/raw/CODEFEST/F3_Dinamicas_Territoriales/Alertas_Tempranas/alertas/ALERTAS_055-18-91680.json,.json,1.0,raw
data/raw/CODEFEST/F3_Dinamicas_Territoriales/Alertas_Tempranas/alertas/ALERTAS_013-24-91911.json,.json,1.4,raw
data/raw/CODEFEST/F3_Dinamicas_Territoriales/Alertas_Tempranas/alertas/ALERTAS_017-23-91873.json,.json,1.3,raw
data/raw/CODEFEST/F3_Dinamicas_Territoriales/Alertas_Tempranas/alertas/ALERTAS_029-23-91887.json,.json,1.4,raw
data/raw/CODEFEST/F3_Dinamicas_Territoriales/Alertas_Tempranas/alertas/ALERTAS_021-18-91634.json,.json,1.1,raw
data/raw/CODEFEST/F3_Dinamicas_Territoriales/Alertas_Tempranas/alertas/ALERTAS_073-18-91620.json,.json,1.4,raw
data/raw/CODEFEST/F3_Dinamicas_Territoriales/Alertas_Tempranas/alertas/ALERTAS_002-22-91824.json,.json,1.7,raw
data/raw/CODEFEST/F3_Dinamicas_Territoriales/Alertas_Tempranas/alertas/ALERTAS_054-18-91750.json,.json,1.2,raw
data/raw/CODEFEST/F3_Dinamicas_Territoriales/Alertas_Tempranas/alertas/ALERTAS_007-26-91953.json,.json,1.6,raw
data/raw/CODEFEST/F3_Dinamicas_Territoriales/Alertas_Tempranas/alertas/ALERTAS_004-24-91902.json,.json,1.5,raw
data/raw/CODEFEST/F3_Dinamicas_Territoriales/Alertas_Tempranas/alertas/ALERTAS_076-18-91722.json,.json,1.4,raw
data/raw/CODEFEST/F3_Dinamicas_Territoriales/Alertas_Tempranas/alertas/ALERTAS_019-18-91617.json,.json,1.6,raw
data/raw/CODEFEST/F3_Dinamicas_Territoriales/Alertas_Tempranas/alertas/ALERTAS_023-22-91845.json,.json,2.1,raw
data/raw/CODEFEST/F3_Dinamicas_Territoriales/Alertas_Tempranas/alertas/ALERTAS_008-20-91660.json,.json,1.5,raw
data/raw/CODEFEST/F3_Dinamicas_Territoriales/Alertas_Tempranas/alertas/ALERTAS_043-18-91645.json,.json,1.2,raw
data/raw/CODEFEST/F3_Dinamicas_Territoriales/Alertas_Tempranas/alertas/ALERTAS_027-23-91885.json,.json,1.4,raw
data/raw/CODEFEST/F3_Dinamicas_Territoriales/Alertas_Tempranas/alertas/ALERTAS_034-22-91856.json,.json,1.2,raw
data/raw/CODEFEST/F3_Dinamicas_Territoriales/Alertas_Tempranas/alertas/ALERTAS_007-25-91932.json,.json,1.5,raw
data/raw/CODEFEST/F3_Dinamicas_Territoriales/Alertas_Tempranas/alertas/ALERTAS_024-24-91922.json,.json,1.7,raw
data/raw/CODEFEST/F3_Dinamicas_Territoriales/Alertas_Tempranas/alertas/ALERTAS_023-21-91811.json,.json,1.8,raw
data/raw/CODEFEST/F3_Dinamicas_Territoriales/Alertas_Tempranas/alertas/ALERTAS_063-18-91719.json,.json,1.1,raw
data/raw/CODEFEST/F3_Dinamicas_Territoriales/Alertas_Tempranas/alertas/ALERTAS_016-26-91962.json,.json,1.3,raw
data/raw/CODEFEST/F3_Dinamicas_Territoriales/Alertas_Tempranas/alertas/ALERTAS_012-21-91800.json,.json,2.9,raw
data/raw/CODEFEST/F3_Dinamicas_Territoriales/Alertas_Tempranas/alertas/ALERTAS_006-18-91624.json,.json,1.0,raw
data/raw/CODEFEST/F3_Dinamicas_Territoriales/Alertas_Tempranas/alertas/ALERTAS_026-19-91699.json,.json,1.4,raw
data/raw/CODEFEST/F3_Dinamicas_Territoriales/Alertas_Tempranas/alertas/ALERTAS_018-22-91840.json,.json,1.9,raw
data/raw/CODEFEST/F3_Dinamicas_Territoriales/Alertas_Tempranas/alertas/ALERTAS_016-19-91758.json,.json,1.3,raw
data/raw/CODEFEST/F3_Dinamicas_Territoriales/Alertas_Tempranas/alertas/ALERTAS_009-25-91934.json,.json,1.9,raw
data/raw/CODEFEST/F3_Dinamicas_Territoriales/Alertas_Tempranas/alertas/ALERTAS_029-22-91851.json,.json,1.8,raw
data/raw/CODEFEST/F3_Dinamicas_Territoriales/Alertas_Tempranas/alertas/ALERTAS_008-18-91711.json,.json,1.3,raw
data/raw/CODEFEST/F3_Dinamicas_Territoriales/Alertas_Tempranas/alertas/ALERTAS_079-18-91656.json,.json,1.3,raw
data/raw/CODEFEST/F3_Dinamicas_Territoriales/Alertas_Tempranas/alertas/ALERTAS_008-22-91830.json,.json,1.4,raw
data/raw/CODEFEST/F3_Dinamicas_Territoriales/Alertas_Tempranas/alertas/ALERTAS_027-19-91760.json,.json,1.6,raw
data/raw/CODEFEST/F3_Dinamicas_Territoriales/Alertas_Tempranas/alertas/ALERTAS_078-18-91658.json,.json,1.1,raw
data/raw/CODEFEST/F3_Dinamicas_Territoriales/Alertas_Tempranas/alertas/ALERTAS_007-21-91795.json,.json,1.8,raw
data/raw/CODEFEST/F3_Dinamicas_Territoriales/Alertas_Tempranas/alertas/ALERTAS_035-20-91745.json,.json,1.9,raw
data/raw/CODEFEST/F3_Dinamicas_Territoriales/Alertas_Tempranas/alertas/ALERTAS_009-26-91955.json,.json,1.4,raw
data/raw/CODEFEST/F3_Dinamicas_Territoriales/Alertas_Tempranas/alertas/ALERTAS_050-19-91765.json,.json,1.4,raw
data/raw/CODEFEST/F3_Dinamicas_Territoriales/Alertas_Tempranas/alertas/ALERTAS_016-22-91838.json,.json,1.3,raw
data/raw/CODEFEST/F3_Dinamicas_Territoriales/Alertas_Tempranas/alertas/ALERTAS_041-18-91644.json,.json,1.3,raw
data/raw/CODEFEST/F3_Dinamicas_Territoriales/Alertas_Tempranas/alertas/ALERTAS_053-19-91612.json,.json,1.0,raw
data/raw/CODEFEST/F3_Dinamicas_Territoriales/Alertas_Tempranas/alertas/ALERTAS_016-24-91914.json,.json,1.7,raw
data/raw/CODEFEST/F3_Dinamicas_Territoriales/Alertas_Tempranas/alertas/ALERTAS_010-22-91832.json,.json,1.3,raw
data/raw/CODEFEST/F3_Dinamicas_Territoriales/Alertas_Tempranas/alertas/ALERTAS_017-25-91943.json,.json,1.9,raw
data/raw/CODEFEST/F3_Dinamicas_Territoriales/Alertas_Tempranas/alertas/ALERTAS_001-17-91689.json,.json,1.2,raw
data/raw/CODEFEST/F3_Dinamicas_Territoriales/Alertas_Tempranas/alertas/ALERTAS_001-19-91688.json,.json,1.3,raw
data/raw/CODEFEST/F3_Dinamicas_Territoriales/Alertas_Tempranas/alertas/ALERTAS_047-20-91781.json,.json,2.6,raw
data/raw/CODEFEST/F3_Dinamicas_Territoriales/Alertas_Tempranas/alertas/ALERTAS_011-26-91957.json,.json,1.9,raw
data/raw/CODEFEST/F3_Dinamicas_Territoriales/Alertas_Tempranas/alertas/ALERTAS_043-19-91703.json,.json,1.5,raw
data/raw/CODEFEST/F3_Dinamicas_Territoriales/Alertas_Tempranas/alertas/ALERTAS_002-24-91899.json,.json,1.7,raw
data/raw/CODEFEST/F3_Dinamicas_Territoriales/Alertas_Tempranas/alertas/ALERTAS_038-19-91607.json,.json,1.0,raw
data/raw/CODEFEST/F3_Dinamicas_Territoriales/Alertas_Tempranas/alertas/ALERTAS_006-19-91691.json,.json,1.2,raw
data/raw/CODEFEST/F3_Dinamicas_Territoriales/Alertas_Tempranas/alertas/ALERTAS_034-18-91641.json,.json,1.3,raw
data/raw/CODEFEST/F3_Dinamicas_Territoriales/Alertas_Tempranas/alertas/ALERTAS_021-21-91809.json,.json,1.3,raw
data/raw/CODEFEST/F3_Dinamicas_Territoriales/Alertas_Tempranas/alertas/ALERTAS_038-18-91615.json,.json,1.2,raw
data/raw/CODEFEST/F3_Dinamicas_Territoriales/Alertas_Tempranas/alertas/ALERTAS_049-20-91783.json,.json,1.4,raw
data/raw/CODEFEST/F3_Dinamicas_Territoriales/Alertas_Tempranas/alertas/ALERTAS_035-23-91893.json,.json,1.4,raw
data/raw/CODEFEST/F3_Dinamicas_Territoriales/Alertas_Tempranas/alertas/ALERTAS_011-25-91936.json,.json,1.5,raw
data/raw/CODEFEST/F3_Dinamicas_Territoriales/Alertas_Tempranas/alertas/ALERTAS_031-22-91853.json,.json,1.5,raw
data/raw/CODEFEST/F3_Dinamicas_Territoriales/Alertas_Tempranas/alertas/ALERTAS_022-23-91880.json,.json,2.1,raw
data/raw/CODEFEST/F3_Dinamicas_Territoriales/Alertas_Tempranas/alertas/ALERTAS_028-18-91636.json,.json,1.3,raw
data/raw/CODEFEST/F3_Dinamicas_Territoriales/Alertas_Tempranas/alertas/ALERTAS_033-18-91640.json,.json,1.0,raw
data/raw/CODEFEST/F3_Dinamicas_Territoriales/Alertas_Tempranas/alertas/ALERTAS_064-18-91650.json,.json,1.2,raw
data/raw/CODEFEST/F3_Dinamicas_Territoriales/Alertas_Tempranas/alertas/ALERTAS_018-24-91916.json,.json,1.1,raw
data/raw/CODEFEST/F3_Dinamicas_Territoriales/Alertas_Tempranas/alertas/ALERTAS_017-21-91805.json,.json,1.3,raw
data/raw/CODEFEST/F3_Dinamicas_Territoriales/Alertas_Tempranas/alertas/ALERTAS_024-18-91635.json,.json,1.3,raw
data/raw/CODEFEST/F3_Dinamicas_Territoriales/Alertas_Tempranas/alertas/ALERTAS_026-21-91814.json,.json,1.4,raw
data/raw/CODEFEST/F3_Dinamicas_Territoriales/Alertas_Tempranas/alertas/ALERTAS_005-23-91861.json,.json,1.5,raw
data/raw/CODEFEST/F3_Dinamicas_Territoriales/Alertas_Tempranas/alertas/ALERTAS_038-20-91693.json,.json,1.2,raw
data/raw/CODEFEST/F3_Dinamicas_Territoriales/Alertas_Tempranas/alertas/ALERTAS_010-20-91662.json,.json,1.4,raw
data/raw/CODEFEST/F3_Dinamicas_Territoriales/Alertas_Tempranas/alertas/ALERTAS_081-18-91724.json,.json,1.4,raw
data/raw/CODEFEST/F3_Dinamicas_Territoriales/Alertas_Tempranas/alertas/ALERTAS_001-18-91686.json,.json,1.2,raw
data/raw/CODEFEST/F3_Dinamicas_Territoriales/Alertas_Tempranas/alertas/ALERTAS_012-26-91958.json,.json,1.9,raw
data/raw/CODEFEST/F3_Dinamicas_Territoriales/Alertas_Tempranas/alertas/ALERTAS_011-24-91909.json,.json,1.6,raw
data/raw/CODEFEST/F3_Dinamicas_Territoriales/Alertas_Tempranas/alertas/ALERTAS_019-25-91945.json,.json,1.8,raw
data/raw/CODEFEST/F3_Dinamicas_Territoriales/Alertas_Tempranas/alertas/ALERTAS_020-24-91918.json,.json,1.2,raw
data/raw/CODEFEST/F3_Dinamicas_Territoriales/Alertas_Tempranas/alertas/ALERTAS_056-19-91709.json,.json,1.4,raw
data/raw/CODEFEST/F3_Dinamicas_Territoriales/Alertas_Tempranas/alertas/ALERTAS_002-21-91790.json,.json,2.5,raw
data/raw/CODEFEST/F3_Dinamicas_Territoriales/Alertas_Tempranas/alertas/ALERTAS_019-20-91734.json,.json,1.9,raw
data/raw/CODEFEST/F3_Dinamicas_Territoriales/Alertas_Tempranas/alertas/ALERTAS_010-19-91756.json,.json,1.4,raw
data/raw/CODEFEST/F3_Dinamicas_Territoriales/Alertas_Tempranas/alertas/ALERTAS_019-21-91807.json,.json,1.7,raw
data/raw/CODEFEST/F3_Dinamicas_Territoriales/Alertas_Tempranas/alertas/ALERTAS_031-19-91591.json,.json,1.2,raw
data/raw/CODEFEST/F3_Dinamicas_Territoriales/Alertas_Tempranas/alertas/ALERTAS_004-20-91768.json,.json,2.2,raw
data/raw/CODEFEST/F3_Dinamicas_Territoriales/Alertas_Tempranas/alertas/ALERTAS_031-20-91675.json,.json,1.4,raw
data/raw/CODEFEST/F3_Dinamicas_Territoriales/Alertas_Tempranas/alertas/ALERTAS_026-22-91848.json,.json,1.1,raw
data/raw/CODEFEST/F3_Dinamicas_Territoriales/Alertas_Tempranas/alertas/ALERTAS_014-21-91802.json,.json,1.0,raw
data/raw/CODEFEST/F3_Dinamicas_Territoriales/Alertas_Tempranas/alertas/ALERTAS_025-21-91813.json,.json,1.4,raw
data/raw/CODEFEST/F3_Dinamicas_Territoriales/Alertas_Tempranas/alertas/ALERTAS_022-24-91920.json,.json,1.2,raw
data/raw/CODEFEST/F3_Dinamicas_Territoriales/Alertas_Tempranas/alertas/ALERTAS_075-18-91684.json,.json,1.2,raw
data/raw/CODEFEST/F3_Dinamicas_Territoriales/Alertas_Tempranas/alertas/ALERTAS_015-18-91630.json,.json,1.1,raw
data/raw/CODEFEST/F3_Dinamicas_Territoriales/Alertas_Tempranas/alertas/ALERTAS_031-23-91889.json,.json,1.6,raw
data/raw/CODEFEST/F3_Dinamicas_Territoriales/Alertas_Tempranas/alertas/ALERTAS_018-23-91876.json,.json,1.4,raw
data/raw/CODEFEST/F3_Dinamicas_Territoriales/Alertas_Tempranas/alertas/ALERTAS_037-18-91642.json,.json,1.4,raw
data/raw/CODEFEST/F3_Dinamicas_Territoriales/Alertas_Tempranas/alertas/ALERTAS_002-20-91767.json,.json,2.3,raw
data/raw/CODEFEST/F3_Dinamicas_Territoriales/Alertas_Tempranas/alertas/ALERTAS_008-23-91864.json,.json,1.7,raw
data/raw/CODEFEST/F3_Dinamicas_Territoriales/Alertas_Tempranas/alertas/ALERTAS_005-19-91754.json,.json,1.8,raw
data/raw/CODEFEST/F3_Dinamicas_Territoriales/Alertas_Tempranas/alertas/ALERTAS_007-18-91710.json,.json,1.3,raw
data/raw/CODEFEST/F3_Dinamicas_Territoriales/Alertas_Tempranas/alertas/ALERTAS_066-18-91721.json,.json,1.5,raw
data/raw/CODEFEST/F3_Dinamicas_Territoriales/Alertas_Tempranas/alertas/ALERTAS_052-19-91611.json,.json,1.1,raw
data/raw/CODEFEST/F3_Dinamicas_Territoriales/Alertas_Tempranas/alertas/ALERTAS_008-19-91595.json,.json,0.9,raw
data/raw/CODEFEST/F3_Dinamicas_Territoriales/Alertas_Tempranas/alertas/ALERTAS_002-25-91927.json,.json,1.2,raw
data/raw/CODEFEST/F3_Dinamicas_Territoriales/Alertas_Tempranas/alertas/ALERTAS_035-19-91695.json,.json,2.6,raw
data/raw/CODEFEST/F3_Dinamicas_Territoriales/Alertas_Tempranas/alertas/ALERTAS_014-19-91598.json,.json,1.2,raw
data/raw/CODEFEST/F3_Dinamicas_Territoriales/Alertas_Tempranas/alertas/ALERTAS_007-22-91829.json,.json,1.0,raw
data/raw/CODEFEST/F3_Dinamicas_Territoriales/Alertas_Tempranas/alertas/ALERTAS_009-18-91625.json,.json,1.1,raw
data/raw/CODEFEST/F3_Dinamicas_Territoriales/Alertas_Tempranas/alertas/ALERTAS_054-20-91788.json,.json,2.3,raw
data/raw/CODEFEST/F3_Dinamicas_Territoriales/Alertas_Tempranas/alertas/ALERTAS_032-18-91590.json,.json,1.2,raw
data/raw/CODEFEST/F3_Dinamicas_Territoriales/Alertas_Tempranas/alertas/ALERTAS_011-21-91799.json,.json,3.1,raw
data/raw/CODEFEST/F3_Dinamicas_Territoriales/Alertas_Tempranas/alertas/ALERTAS_038-23-91896.json,.json,1.2,raw
data/raw/CODEFEST/F3_Dinamicas_Territoriales/Alertas_Tempranas/alertas/ALERTAS_006-23-91862.json,.json,1.0,raw
data/raw/CODEFEST/F3_Dinamicas_Territoriales/Alertas_Tempranas/alertas/ALERTAS_004-22-91826.json,.json,3.9,raw
data/raw/CODEFEST/F3_Dinamicas_Territoriales/Alertas_Tempranas/alertas/ALERTAS_008-25-91933.json,.json,1.9,raw
data/raw/CODEFEST/F3_Dinamicas_Territoriales/Alertas_Tempranas/alertas/ALERTAS_015-24-91913.json,.json,1.4,raw
data/raw/CODEFEST/F3_Dinamicas_Territoriales/Alertas_Tempranas/alertas/ALERTAS_032-22-91854.json,.json,1.4,raw
data/raw/CODEFEST/F3_Dinamicas_Territoriales/Alertas_Tempranas/alertas/ALERTAS_042-19-91763.json,.json,1.5,raw
data/raw/CODEFEST/F3_Dinamicas_Territoriales/Alertas_Tempranas/alertas/ALERTAS_033-20-91743.json,.json,2.1,raw
data/raw/CODEFEST/F3_Dinamicas_Territoriales/Alertas_Tempranas/alertas/ALERTAS_054-19-91766.json,.json,1.5,raw
data/raw/CODEFEST/F3_Dinamicas_Territoriales/Alertas_Tempranas/alertas/ALERTAS_056-18-91646.json,.json,1.2,raw
data/raw/CODEFEST/F3_Dinamicas_Territoriales/Alertas_Tempranas/alertas/ALERTAS_006-25-91931.json,.json,1.5,raw
data/raw/CODEFEST/F3_Dinamicas_Territoriales/Alertas_Tempranas/alertas/ALERTAS_010-21-91797.json,.json,2.1,raw
data/raw/CODEFEST/F3_Dinamicas_Territoriales/Alertas_Tempranas/alertas/ALERTAS_022-20-91668.json,.json,1.1,raw
data/raw/CODEFEST/F3_Dinamicas_Territoriales/Alertas_Tempranas/alertas/ALERTAS_020-23-91878.json,.json,1.5,raw
data/raw/CODEFEST/F3_Dinamicas_Territoriales/Alertas_Tempranas/alertas/ALERTAS_025-22-91847.json,.json,1.3,raw
data/raw/CODEFEST/F3_Dinamicas_Territoriales/Alertas_Tempranas/alertas/ALERTAS_036-23-91894.json,.json,1.6,raw
data/raw/CODEFEST/F3_Dinamicas_Territoriales/Alertas_Tempranas/alertas/ALERTAS_014-26-91960.json,.json,1.8,raw
data/raw/CODEFEST/F3_Dinamicas_Territoriales/Alertas_Tempranas/alertas/ALERTAS_011-23-91867.json,.json,1.8,raw
data/raw/CODEFEST/F3_Dinamicas_Territoriales/Alertas_Tempranas/alertas/ALERTAS_006-24-91904.json,.json,1.2,raw
data/raw/CODEFEST/F3_Dinamicas_Territoriales/Alertas_Tempranas/alertas/ALERTAS_012-22-91835.json,.json,1.1,raw
data/raw/CODEFEST/F3_Dinamicas_Territoriales/Alertas_Tempranas/alertas/ALERTAS_016-18-91631.json,.json,0.8,raw
data/raw/CODEFEST/F3_Dinamicas_Territoriales/Alertas_Tempranas/alertas/ALERTAS_003-20-91730.json,.json,1.7,raw
data/raw/CODEFEST/F3_Dinamicas_Territoriales/Alertas_Tempranas/alertas/ALERTAS_036-19-91701.json,.json,1.6,raw
data/raw/CODEFEST/F3_Dinamicas_Territoriales/Alertas_Tempranas/alertas/ALERTAS_085-18-91654.json,.json,1.2,raw
data/raw/CODEFEST/F3_Dinamicas_Territoriales/Alertas_Tempranas/alertas/ALERTAS_001-26-91947.json,.json,1.2,raw
data/raw/CODEFEST/F3_Dinamicas_Territoriales/Alertas_Tempranas/alertas/ALERTAS_010-18-91626.json,.json,1.1,raw
data/raw/CODEFEST/F3_Dinamicas_Territoriales/Alertas_Tempranas/alertas/ALERTAS_065-18-91720.json,.json,1.5,raw
data/raw/CODEFEST/F3_Dinamicas_Territoriales/Alertas_Tempranas/alertas/ALERTAS_025-23-91883.json,.json,1.5,raw
data/raw/CODEFEST/F3_Dinamicas_Territoriales/Alertas_Tempranas/alertas/ALERTAS_045-20-91777.json,.json,4.1,raw
data/raw/CODEFEST/F3_Dinamicas_Territoriales/Alertas_Tempranas/alertas/ALERTAS_024-20-91669.json,.json,1.1,raw
data/raw/CODEFEST/F3_Dinamicas_Territoriales/Alertas_Tempranas/alertas/ALERTAS_003-23-91859.json,.json,1.8,raw
data/raw/CODEFEST/F3_Dinamicas_Territoriales/Alertas_Tempranas/alertas/ALERTAS_018-18-91633.json,.json,1.0,raw
data/raw/CODEFEST/F3_Dinamicas_Territoriales/Alertas_Tempranas/alertas/ALERTAS_037-20-91776.json,.json,1.8,raw
data/raw/CODEFEST/F3_Dinamicas_Territoriales/Alertas_Tempranas/alertas/ALERTAS_004-19-91696.json,.json,1.4,raw
data/raw/CODEFEST/F3_Dinamicas_Territoriales/Alertas_Tempranas/alertas/ALERTAS_008-24-91906.json,.json,1.6,raw
data/raw/CODEFEST/F3_Dinamicas_Territoriales/Alertas_Tempranas/alertas/ALERTAS_001-25-91926.json,.json,2.4,raw
data/raw/CODEFEST/F3_Dinamicas_Territoriales/Alertas_Tempranas/alertas/ALERTAS_021-22-91843.json,.json,1.1,raw
data/raw/CODEFEST/F3_Dinamicas_Territoriales/Alertas_Tempranas/alertas/ALERTAS_032-23-91890.json,.json,1.3,raw
data/raw/CODEFEST/F3_Dinamicas_Territoriales/Alertas_Tempranas/alertas/ALERTAS_077-18-91653.json,.json,1.1,raw
data/raw/CODEFEST/F3_Dinamicas_Territoriales/Alertas_Tempranas/alertas/ALERTAS_028-21-91821.json,.json,1.7,raw
data/raw/CODEFEST/F3_Dinamicas_Territoriales/Alertas_Tempranas/alertas/ALERTAS_015-23-91871.json,.json,1.6,raw
data/raw/CODEFEST/F3_Dinamicas_Territoriales/Alertas_Tempranas/alertas/ALERTAS_019-19-91602.json,.json,1.1,raw
data/raw/CODEFEST/F3_Dinamicas_Territoriales/Alertas_Tempranas/alertas/ALERTAS_014-20-91672.json,.json,1.0,raw
data/raw/CODEFEST/F3_Dinamicas_Territoriales/Alertas_Tempranas/alertas/ALERTAS_020-20-91667.json,.json,1.3,raw
data/raw/CODEFEST/F3_Dinamicas_Territoriales/Alertas_Tempranas/alertas/ALERTAS_012-18-91627.json,.json,1.1,raw
data/raw/CODEFEST/F3_Dinamicas_Territoriales/Alertas_Tempranas/alertas/ALERTAS_045-18-91753.json,.json,1.2,raw
data/raw/CODEFEST/F3_Dinamicas_Territoriales/Alertas_Tempranas/alertas/ALERTAS_029-19-91761.json,.json,1.5,raw
data/raw/CODEFEST/F3_Dinamicas_Territoriales/Alertas_Tempranas/alertas/ALERTAS_040-19-91608.json,.json,1.2,raw
data/raw/CODEFEST/F3_Dinamicas_Territoriales/Alertas_Tempranas/alertas/ALERTAS_026-24-91924.json,.json,1.8,raw
data/raw/CODEFEST/F3_Dinamicas_Territoriales/Alertas_Tempranas/alertas/ALERTAS_005-26-91951.json,.json,1.2,raw
data/raw/CODEFEST/F3_Dinamicas_Territoriales/Alertas_Tempranas/alertas/ALERTAS_050-18-91683.json,.json,1.4,raw
data/raw/CODEFEST/F3_Dinamicas_Territoriales/Alertas_Tempranas/alertas/ALERTAS_044-19-91704.json,.json,1.6,raw
data/raw/CODEFEST/F3_Dinamicas_Territoriales/Alertas_Tempranas/alertas/ALERTAS_013-19-91597.json,.json,1.2,raw
data/raw/CODEFEST/F3_Dinamicas_Territoriales/Alertas_Tempranas/alertas/ALERTAS_031-18-91639.json,.json,1.2,raw
data/raw/CODEFEST/F3_Dinamicas_Territoriales/Alertas_Tempranas/alertas/ALERTAS_002-19-91708.json,.json,1.5,raw
data/raw/CODEFEST/F3_Dinamicas_Territoriales/Alertas_Tempranas/alertas/ALERTAS_046-19-91694.json,.json,1.4,raw
data/raw/CODEFEST/F3_Dinamicas_Territoriales/Alertas_Tempranas/alertas/ALERTAS_002-26-91948.json,.json,1.2,raw
data/raw/CODEFEST/F3_Dinamicas_Territoriales/Alertas_Tempranas/alertas/ALERTAS_012-23-91868.json,.json,1.4,raw
data/raw/CODEFEST/F3_Dinamicas_Territoriales/Alertas_Tempranas/alertas/ALERTAS_005-21-91793.json,.json,2.0,raw
data/raw/CODEFEST/F3_Dinamicas_Territoriales/Alertas_Tempranas/alertas/ALERTAS_005-25-91930.json,.json,1.8,raw
data/raw/CODEFEST/F3_Dinamicas_Territoriales/Alertas_Tempranas/alertas/ALERTAS_017-19-91600.json,.json,1.2,raw
data/raw/CODEFEST/F3_Dinamicas_Territoriales/Alertas_Tempranas/alertas/ALERTAS_013-21-91801.json,.json,2.8,raw
data/raw/CODEFEST/F3_Dinamicas_Territoriales/Alertas_Tempranas/alertas/ALERTAS_017-26-91963.json,.json,0.9,raw
data/raw/CODEFEST/F3_Dinamicas_Territoriales/Alertas_Tempranas/alertas/ALERTAS_062-18-91718.json,.json,1.3,raw
data/raw/CODEFEST/F3_Dinamicas_Territoriales/Alertas_Tempranas/alertas/ALERTAS_022-21-91810.json,.json,1.4,raw
data/raw/CODEFEST/F3_Dinamicas_Territoriales/Alertas_Tempranas/alertas/ALERTAS_007-20-91732.json,.json,1.8,raw
data/raw/CODEFEST/F3_Dinamicas_Territoriales/Alertas_Tempranas/alertas/ALERTAS_025-24-91923.json,.json,1.5,raw
data/raw/CODEFEST/F3_Dinamicas_Territoriales/Alertas_Tempranas/alertas/ALERTAS_002-18-91621.json,.json,1.0,raw
data/raw/CODEFEST/F3_Dinamicas_Territoriales/Alertas_Tempranas/alertas/ALERTAS_028-22-91850.json,.json,1.4,raw
data/raw/CODEFEST/F3_Dinamicas_Territoriales/Alertas_Tempranas/alertas/ALERTAS_001-24-91898.json,.json,1.6,raw
data/raw/CODEFEST/F3_Dinamicas_Territoriales/Alertas_Tempranas/alertas/ALERTAS_052-20-91785.json,.json,1.9,raw
data/raw/CODEFEST/F3_Dinamicas_Territoriales/Alertas_Tempranas/alertas/ALERTAS_019-22-91841.json,.json,1.4,raw
data/raw/CODEFEST/F3_Dinamicas_Territoriales/Alertas_Tempranas/alertas/ALERTAS_008-21-91796.json,.json,4.6,raw
data/raw/CODEFEST/F3_Dinamicas_Territoriales/Alertas_Tempranas/alertas/ALERTAS_025-19-91593.json,.json,1.4,raw
data/raw/CODEFEST/F3_Dinamicas_Territoriales/Alertas_Tempranas/alertas/ALERTAS_009-22-91831.json,.json,0.9,raw
data/raw/CODEFEST/F3_Dinamicas_Territoriales/Alertas_Tempranas/alertas/ALERTAS_034-20-91744.json,.json,1.3,raw
data/raw/CODEFEST/F3_Dinamicas_Territoriales/Alertas_Tempranas/alertas/ALERTAS_006-21-91794.json,.json,1.4,raw
data/raw/CODEFEST/F3_Dinamicas_Territoriales/Alertas_Tempranas/alertas/ALERTAS_021-19-91697.json,.json,1.1,raw
data/raw/CODEFEST/F3_Dinamicas_Territoriales/Alertas_Tempranas/alertas/ALERTAS_009-21-91798.json,.json,1.7,raw
data/raw/CODEFEST/F3_Dinamicas_Territoriales/Alertas_Tempranas/alertas/ALERTAS_017-22-91839.json,.json,1.2,raw
data/raw/CODEFEST/F3_Dinamicas_Territoriales/Alertas_Tempranas/alertas/ALERTAS_025-18-91657.json,.json,1.1,raw
data/raw/CODEFEST/F3_Dinamicas_Territoriales/Alertas_Tempranas/alertas/ALERTAS_032-19-91605.json,.json,1.0,raw
data/raw/CODEFEST/F3_Dinamicas_Territoriales/Alertas_Tempranas/alertas/ALERTAS_008-26-91954.json,.json,1.4,raw
data/raw/CODEFEST/F3_Dinamicas_Territoriales/Alertas_Tempranas/alertas/ALERTAS_042-18-91715.json,.json,1.3,raw
data/raw/CODEFEST/F3_Dinamicas_Territoriales/Alertas_Tempranas/alertas/ALERTAS_012-25-91937.json,.json,2.0,raw
data/raw/CODEFEST/F3_Dinamicas_Territoriales/Alertas_Tempranas/alertas/ALERTAS_048-18-91679.json,.json,1.1,raw
data/raw/CODEFEST/F3_Dinamicas_Territoriales/Alertas_Tempranas/alertas/ALERTAS_016-23-91872.json,.json,1.2,raw
data/raw/CODEFEST/F3_Dinamicas_Territoriales/Alertas_Tempranas/alertas/ALERTAS_012-24-91910.json,.json,1.3,raw
data/raw/CODEFEST/F3_Dinamicas_Territoriales/Alertas_Tempranas/alertas/ALERTAS_014-22-91836.json,.json,1.8,raw
data/raw/CODEFEST/F3_Dinamicas_Territoriales/Alertas_Tempranas/alertas/ALERTAS_001-21-91789.json,.json,6.0,raw
data/raw/CODEFEST/F3_Dinamicas_Territoriales/Alertas_Tempranas/alertas/ALERTAS_028-23-91886.json,.json,1.3,raw
data/raw/CODEFEST/F3_Dinamicas_Territoriales/Alertas_Tempranas/alertas/ALERTAS_009-19-91755.json,.json,1.5,raw
data/raw/CODEFEST/F3_Dinamicas_Territoriales/Alertas_Tempranas/alertas/ALERTAS_082-18-91725.json,.json,1.4,raw
data/raw/CODEFEST/F3_Dinamicas_Territoriales/Alertas_Tempranas/alertas/ALERTAS_050-20-91784.json,.json,3.7,raw
data/raw/CODEFEST/F3_Dinamicas_Territoriales/Alertas_Tempranas/alertas/ALERTAS_005-24-91903.json,.json,1.1,raw
data/raw/CODEFEST/F3_Dinamicas_Territoriales/Alertas_Tempranas/alertas/ALERTAS_006-26-91952.json,.json,1.4,raw
data/raw/CODEFEST/F3_Dinamicas_Territoriales/Alertas_Tempranas/alertas/ALERTAS_027-20-91676.json,.json,1.3,raw
data/raw/CODEFEST/F3_Dinamicas_Territoriales/Alertas_Tempranas/alertas/ALERTAS_022-19-91698.json,.json,1.1,raw
data/raw/CODEFEST/F3_Dinamicas_Territoriales/Alertas_Tempranas/alertas/ALERTAS_074-18-91752.json,.json,1.4,raw
data/raw/CODEFEST/F3_Dinamicas_Territoriales/Alertas_Tempranas/alertas/ALERTAS_003-22-91825.json,.json,1.3,raw
data/raw/CODEFEST/F3_Dinamicas_Territoriales/Alertas_Tempranas/alertas/ALERTAS_059-18-91648.json,.json,1.1,raw
data/raw/CODEFEST/F3_Dinamicas_Territoriales/Alertas_Tempranas/alertas/ALERTAS_022-22-91844.json,.json,1.6,raw
data/raw/CODEFEST/F3_Dinamicas_Territoriales/Alertas_Tempranas/alertas/ALERTAS_044-20-91775.json,.json,3.3,raw
data/raw/CODEFEST/F3_Dinamicas_Territoriales/Alertas_Tempranas/alertas/ALERTAS_020-19-91685.json,.json,1.2,raw
data/raw/CODEFEST/F3_Dinamicas_Territoriales/Alertas_Tempranas/alertas/ALERTAS_026-23-91884.json,.json,1.4,raw
data/raw/CODEFEST/F3_Dinamicas_Territoriales/Alertas_Tempranas/alertas/ALERTAS_061-18-91717.json,.json,1.3,raw
data/raw/CODEFEST/F3_Dinamicas_Territoriales/Alertas_Tempranas/alertas/ALERTAS_043-20-91774.json,.json,1.8,raw
data/raw/CODEFEST/F3_Dinamicas_Territoriales/Alertas_Tempranas/alertas/ALERTAS_040-18-91714.json,.json,1.3,raw
data/raw/CODEFEST/F3_Dinamicas_Territoriales/Alertas_Tempranas/alertas/ALERTAS_044-18-91618.json,.json,1.4,raw
data/raw/CODEFEST/F3_Dinamicas_Territoriales/Alertas_Tempranas/alertas/ALERTAS_030-19-91604.json,.json,1.0,raw
data/raw/CODEFEST/F3_Dinamicas_Territoriales/Alertas_Tempranas/alertas/ALERTAS_046-18-91748.json,.json,1.2,raw
data/raw/CODEFEST/F3_Dinamicas_Territoriales/Alertas_Tempranas/alertas/ALERTAS_013-25-91938.json,.json,4.4,raw
data/raw/CODEFEST/F3_Dinamicas_Territoriales/Alertas_Tempranas/alertas/ALERTAS_060-18-91649.json,.json,0.9,raw
data/raw/CODEFEST/F3_Dinamicas_Territoriales/Alertas_Tempranas/alertas/ALERTAS_016-21-91804.json,.json,2.4,raw
data/raw/CODEFEST/F3_Dinamicas_Territoriales/Alertas_Tempranas/alertas/ALERTAS_051-19-91707.json,.json,1.5,raw
data/raw/CODEFEST/F3_Dinamicas_Territoriales/Alertas_Tempranas/alertas/ALERTAS_018-19-91601.json,.json,1.3,raw
data/raw/CODEFEST/F3_Dinamicas_Territoriales/Alertas_Tempranas/alertas/ALERTAS_067-18-91690.json,.json,1.4,raw
data/raw/CODEFEST/F3_Dinamicas_Territoriales/Alertas_Tempranas/alertas/ALERTAS_004-23-91860.json,.json,1.6,raw
data/raw/CODEFEST/F3_Dinamicas_Territoriales/Alertas_Tempranas/alertas/ALERTAS_069-18-91619.json,.json,1.1,raw
data/raw/CODEFEST/F3_Dinamicas_Territoriales/Alertas_Tempranas/alertas/ALERTAS_039-18-91643.json,.json,1.0,raw
data/raw/CODEFEST/F3_Dinamicas_Territoriales/Alertas_Tempranas/alertas/ALERTAS_001-20-91671.json,.json,1.5,raw
data/raw/CODEFEST/F3_Dinamicas_Territoriales/Alertas_Tempranas/alertas/ALERTAS_011-20-91663.json,.json,1.2,raw
data/raw/CODEFEST/F3_Dinamicas_Territoriales/Alertas_Tempranas/alertas/ALERTAS_012-20-91670.json,.json,1.2,raw
data/raw/CODEFEST/F3_Dinamicas_Territoriales/Alertas_Tempranas/alertas/ALERTAS_014-25-91939.json,.json,2.0,raw
data/raw/CODEFEST/F3_Dinamicas_Territoriales/Alertas_Tempranas/alertas/ALERTAS_021-24-91919.json,.json,1.3,raw
data/raw/CODEFEST/F3_Dinamicas_Territoriales/Alertas_Tempranas/alertas/ALERTAS_018-25-91944.json,.json,1.7,raw
data/raw/CODEFEST/F3_Dinamicas_Territoriales/Alertas_Tempranas/alertas/ALERTAS_010-24-91908.json,.json,1.9,raw
data/raw/CODEFEST/F3_Dinamicas_Territoriales/Alertas_Tempranas/alertas/ALERTAS_013-26-91959.json,.json,1.7,raw
data/raw/CODEFEST/F3_Dinamicas_Territoriales/Alertas_Tempranas/alertas/ALERTAS_028-19-91700.json,.json,1.0,raw
data/raw/CODEFEST/F3_Dinamicas_Territoriales/Alertas_Tempranas/alertas/ALERTAS_003-21-91791.json,.json,3.0,raw
data/raw/CODEFEST/F3_Dinamicas_Territoriales/Alertas_Tempranas/alertas/ALERTAS_011-19-91757.json,.json,1.4,raw
data/raw/CODEFEST/F3_Dinamicas_Territoriales/Alertas_Tempranas/alertas/ALERTAS_018-21-91806.json,.json,1.3,raw
data/raw/CODEFEST/F3_Dinamicas_Territoriales/Alertas_Tempranas/alertas/ALERTAS_034-19-91613.json,.json,1.2,raw
data/raw/CODEFEST/F3_Dinamicas_Territoriales/Alertas_Tempranas/alertas/ALERTAS_011-22-91833.json,.json,1.6,raw
data/raw/CODEFEST/F3_Dinamicas_Territoriales/Alertas_Tempranas/alertas/ALERTAS_052-18-91751.json,.json,1.2,raw
data/raw/CODEFEST/F3_Dinamicas_Territoriales/Alertas_Tempranas/alertas/ALERTAS_017-24-91915.json,.json,1.1,raw
data/raw/CODEFEST/F3_Dinamicas_Territoriales/Alertas_Tempranas/alertas/ALERTAS_005-18-91687.json,.json,1.3,raw
data/raw/CODEFEST/F3_Dinamicas_Territoriales/Alertas_Tempranas/alertas/ALERTAS_027-21-91820.json,.json,1.6,raw
data/raw/CODEFEST/F3_Dinamicas_Territoriales/Alertas_Tempranas/alertas/ALERTAS_016-25-91942.json,.json,1.8,raw
data/raw/CODEFEST/F3_Dinamicas_Territoriales/Alertas_Tempranas/alertas/ALERTAS_021-20-91735.json,.json,1.9,raw
data/raw/CODEFEST/F3_Dinamicas_Territoriales/Alertas_Tempranas/alertas/ALERTAS_029-20-91742.json,.json,1.3,raw
data/raw/CODEFEST/F3_Dinamicas_Territoriales/Alertas_Tempranas/alertas/ALERTAS_010-26-91956.json,.json,1.4,raw
data/raw/CODEFEST/F3_Dinamicas_Territoriales/Alertas_Tempranas/alertas/ALERTAS_046-20-91780.json,.json,1.3,raw
data/raw/CODEFEST/F3_Dinamicas_Territoriales/Alertas_Tempranas/alertas/ALERTAS_003-19-91594.json,.json,1.4,raw
data/raw/CODEFEST/F3_Dinamicas_Territoriales/Alertas_Tempranas/alertas/ALERTAS_016-20-91666.json,.json,1.3,raw
data/raw/CODEFEST/F3_Dinamicas_Territoriales/Alertas_Tempranas/alertas/ALERTAS_026-18-91747.json,.json,2.2,raw
data/raw/CODEFEST/F3_Dinamicas_Territoriales/Alertas_Tempranas/alertas/ALERTAS_058-18-91647.json,.json,0.9,raw
data/raw/CODEFEST/F3_Dinamicas_Territoriales/Alertas_Tempranas/alertas/ALERTAS_053-18-91681.json,.json,1.4,raw
data/raw/CODEFEST/F3_Dinamicas_Territoriales/Alertas_Tempranas/alertas/ALERTAS_017-18-91632.json,.json,1.3,raw
data/raw/CODEFEST/F3_Dinamicas_Territoriales/Alertas_Tempranas/alertas/ALERTAS_020-21-91808.json,.json,1.1,raw
data/raw/CODEFEST/F3_Dinamicas_Territoriales/Alertas_Tempranas/alertas/ALERTAS_034-23-91892.json,.json,1.9,raw
data/raw/CODEFEST/F3_Dinamicas_Territoriales/Alertas_Tempranas/alertas/ALERTAS_048-20-91782.json,.json,1.2,raw
data/raw/CODEFEST/F3_Dinamicas_Territoriales/Alertas_Tempranas/alertas/ALERTAS_041-20-91770.json,.json,1.7,raw
data/raw/CODEFEST/F3_Dinamicas_Territoriales/Alertas_Tempranas/alertas/ALERTAS_071-18-91651.json,.json,1.2,raw
data/raw/CODEFEST/F3_Dinamicas_Territoriales/Alertas_Tempranas/alertas/ALERTAS_029-18-91637.json,.json,1.2,raw
data/raw/CODEFEST/F3_Dinamicas_Territoriales/Alertas_Tempranas/alertas/ALERTAS_023-23-91881.json,.json,1.9,raw
data/raw/CODEFEST/F3_Dinamicas_Territoriales/Alertas_Tempranas/alertas/ALERTAS_030-22-91852.json,.json,1.7,raw
data/raw/CODEFEST/F3_Dinamicas_Territoriales/Alertas_Tempranas/alertas/ALERTAS_029-21-91822.json,.json,1.2,raw
data/raw/CODEFEST/F3_Dinamicas_Territoriales/Alertas_Tempranas/alertas/ALERTAS_011-18-91712.json,.json,1.3,raw
data/raw/CODEFEST/F3_Dinamicas_Territoriales/Alertas_Tempranas/alertas/ALERTAS_019-24-91917.json,.json,1.6,raw
data/raw/CODEFEST/F3_Dinamicas_Territoriales/Alertas_Tempranas/alertas/ALERTAS_039-23-91897.json,.json,1.9,raw
data/raw/CODEFEST/F3_Dinamicas_Territoriales/Alertas_Tempranas/alertas/ALERTAS_049-18-91749.json,.json,1.4,raw
data/raw/CODEFEST/F3_Dinamicas_Territoriales/Alertas_Tempranas/alertas/ALERTAS_020-25-91946.json,.json,2.4,raw
data/raw/CODEFEST/F3_Dinamicas_Territoriales/Alertas_Tempranas/alertas/ALERTAS_005-22-91827.json,.json,1.7,raw
data/raw/CODEFEST/F3_Dinamicas_Territoriales/Alertas_Tempranas/alertas/ALERTAS_018-20-91659.json,.json,3.4,raw
data/raw/CODEFEST/F3_Dinamicas_Territoriales/Alertas_Tempranas/alertas/ALERTAS_003-24-91901.json,.json,1.4,raw
data/raw/CODEFEST/F3_Dinamicas_Territoriales/Alertas_Tempranas/alertas/ALERTAS_007-23-91863.json,.json,1.1,raw
data/raw/CODEFEST/F3_Dinamicas_Territoriales/Alertas_Tempranas/alertas/ALERTAS_084-18-91727.json,.json,1.1,raw
data/raw/CODEFEST/F3_Dinamicas_Territoriales/Alertas_Tempranas/alertas/ALERTAS_051-20-91787.json,.json,1.6,raw
data/raw/CODEFEST/F3_Dinamicas_Territoriales/Alertas_Tempranas/alertas/ALERTAS_083-18-91726.json,.json,1.3,raw
data/raw/CODEFEST/F3_Dinamicas_Territoriales/Alertas_Tempranas/alertas/ALERTAS_022-18-91741.json,.json,2.2,raw
data/raw/CODEFEST/F3_Dinamicas_Territoriales/Alertas_Tempranas/alertas/ALERTAS_014-24-91912.json,.json,1.4,raw
data/raw/CODEFEST/F3_Dinamicas_Territoriales/Alertas_Tempranas/alertas/ALERTAS_009-20-91739.json,.json,2.0,raw
data/raw/CODEFEST/F3_Dinamicas_Territoriales/Alertas_Tempranas/alertas/ALERTAS_007-19-91592.json,.json,1.5,raw
data/raw/CODEFEST/F3_Dinamicas_Territoriales/Alertas_Tempranas/alertas/ALERTAS_048-19-91764.json,.json,1.5,raw
data/raw/CODEFEST/F3_Dinamicas_Territoriales/Alertas_Tempranas/alertas/ALERTAS_040-20-91772.json,.json,2.4,raw
data/raw/CODEFEST/F3_Dinamicas_Territoriales/Alertas_Tempranas/alertas/ALERTAS_033-22-91855.json,.json,1.9,raw
data/raw/CODEFEST/F3_Dinamicas_Territoriales/Alertas_Tempranas/alertas/ALERTAS_026-20-91738.json,.json,2.9,raw
data/raw/CODEFEST/F3_Dinamicas_Territoriales/Alertas_Tempranas/alertas/ALERTAS_037-23-91895.json,.json,1.2,raw
data/raw/CODEFEST/F3_Dinamicas_Territoriales/Alertas_Tempranas/alertas/ALERTAS_024-22-91846.json,.json,1.2,raw
data/raw/CODEFEST/F3_Dinamicas_Territoriales/Alertas_Tempranas/alertas/ALERTAS_021-23-91879.json,.json,1.4,raw
data/raw/CODEFEST/F3_Dinamicas_Territoriales/Alertas_Tempranas/alertas/ALERTAS_003-18-91622.json,.json,1.3,raw
data/raw/CODEFEST/F3_Dinamicas_Territoriales/Alertas_Tempranas/alertas/ALERTAS_023-19-91759.json,.json,1.7,raw
data/raw/CODEFEST/F3_Dinamicas_Territoriales/Alertas_Tempranas/alertas/ALERTAS_047-18-91678.json,.json,1.2,raw
data/raw/CODEFEST/F3_Dinamicas_Territoriales/Alertas_Tempranas/alertas/ALERTAS_015-25-91941.json,.json,1.8,raw
data/raw/CODEFEST/F3_Dinamicas_Territoriales/Alertas_Tempranas/alertas/ALERTAS_027-22-91849.json,.json,1.8,raw
data/raw/CODEFEST/F3_Dinamicas_Territoriales/Alertas_Tempranas/alertas/ALERTAS_030-20-91674.json,.json,1.3,raw
data/raw/CODEFEST/F3_Dinamicas_Territoriales/Alertas_Tempranas/alertas/ALERTAS_006-20-91731.json,.json,2.5,raw
data/raw/CODEFEST/F3_Dinamicas_Territoriales/Alertas_Tempranas/alertas/ALERTAS_023-24-91921.json,.json,1.5,raw
data/raw/CODEFEST/F3_Dinamicas_Territoriales/Alertas_Tempranas/alertas/ALERTAS_024-21-91812.json,.json,1.3,raw
data/raw/CODEFEST/F3_Dinamicas_Territoriales/Alertas_Tempranas/alertas/ALERTAS_025-20-91737.json,.json,1.7,raw
data/raw/CODEFEST/F3_Dinamicas_Territoriales/Alertas_Tempranas/alertas/ALERTAS_015-21-91803.json,.json,1.7,raw
data/raw/CODEFEST/F3_Dinamicas_Territoriales/Alertas_Tempranas/alertas/ALERTAS_039-20-91771.json,.json,1.8,raw
data/raw/CODEFEST/F3_Dinamicas_Territoriales/Alertas_Tempranas/alertas/ALERTAS_015-20-91665.json,.json,1.3,raw
data/raw/CODEFEST/F3_Dinamicas_Territoriales/Alertas_Tempranas/alertas/ALERTAS_004-18-91623.json,.json,1.5,raw
data/raw/CODEFEST/F3_Dinamicas_Territoriales/Alertas_Tempranas/alertas/ALERTAS_030-23-91888.json,.json,4.1,raw
data/raw/CODEFEST/F3_Dinamicas_Territoriales/Alertas_Tempranas/alertas/ALERTAS_053-20-91786.json,.json,1.7,raw
data/raw/CODEFEST/F3_Dinamicas_Territoriales/Alertas_Tempranas/alertas/ALERTAS_009-23-91865.json,.json,2.2,raw
data/raw/CODEFEST/F3_Dinamicas_Territoriales/Alertas_Tempranas/alertas/ALERTAS_057-18-91716.json,.json,1.6,raw
data/raw/CODEFEST/F3_Dinamicas_Territoriales/Alertas_Tempranas/alertas/ALERTAS_036-20-91692.json,.json,1.4,raw
data/raw/CODEFEST/F3_Dinamicas_Territoriales/Alertas_Tempranas/alertas/ALERTAS_047-19-91610.json,.json,1.1,raw
data/raw/CODEFEST/F3_Dinamicas_Territoriales/Alertas_Tempranas/alertas/ALERTAS_019-23-91877.json,.json,3.7,raw
data/raw/CODEFEST/F3_Dinamicas_Territoriales/Alertas_Tempranas/alertas/ALERTAS_072-18-91652.json,.json,1.0,raw
data/raw/CODEFEST/F3_Dinamicas_Territoriales/Alertas_Tempranas/alertas/ALERTAS_042-20-91773.json,.json,3.0,raw
data/raw/CODEFEST/F3_Dinamicas_Territoriales/Alertas_Tempranas/alertas/ALERTAS_013-18-91628.json,.json,1.3,raw
data/raw/CODEFEST/F3_Dinamicas_Territoriales/Alertas_Tempranas/alertas/ALERTAS_014-18-91629.json,.json,1.1,raw
data/raw/CODEFEST/F3_Dinamicas_Territoriales/Alertas_Tempranas/alertas/ALERTAS_020-18-91713.json,.json,1.4,raw
data/raw/CODEFEST/F3_Dinamicas_Territoriales/Alertas_Tempranas/alertas/ALERTAS_033-19-91762.json,.json,1.4,raw
data/raw/CODEFEST/F3_Dinamicas_Territoriales/Alertas_Tempranas/alertas/ALERTAS_032-20-91746.json,.json,1.4,raw
data/raw/CODEFEST/F3_Dinamicas_Territoriales/Alertas_Tempranas/alertas/ALERTAS_006-22-91828.json,.json,1.4,raw
data/raw/CODEFEST/F3_Dinamicas_Territoriales/Alertas_Tempranas/alertas/ALERTAS_028-20-91673.json,.json,1.1,raw
data/raw/CODEFEST/F3_Dinamicas_Territoriales/Alertas_Tempranas/alertas/ALERTAS_015-19-91599.json,.json,0.9,raw
data/raw/CODEFEST/F3_Dinamicas_Territoriales/Alertas_Tempranas/pdfs/Informes/ALERTAS_informes054.pdf,.pdf,454.7,raw
data/raw/CODEFEST/F3_Dinamicas_Territoriales/Alertas_Tempranas/pdfs/Informes/ALERTAS_informes028.pdf,.pdf,240.2,raw
data/raw/CODEFEST/F3_Dinamicas_Territoriales/Alertas_Tempranas/pdfs/Informes/ALERTAS_informes053.pdf,.pdf,1205.4,raw
data/raw/CODEFEST/F3_Dinamicas_Territoriales/Alertas_Tempranas/pdfs/Informes/ALERTAS_informes021.pdf,.pdf,21495.6,raw
data/raw/CODEFEST/F3_Dinamicas_Territoriales/Alertas_Tempranas/pdfs/Informes/ALERTAS_informes026.pdf,.pdf,325.3,raw
data/raw/CODEFEST/F3_Dinamicas_Territoriales/Alertas_Tempranas/pdfs/Informes/ALERTAS_informes013.pdf,.pdf,1159.4,raw
data/raw/CODEFEST/F3_Dinamicas_Territoriales/Alertas_Tempranas/pdfs/Informes/ALERTAS_informes014.pdf,.pdf,19436.6,raw
data/raw/CODEFEST/F3_Dinamicas_Territoriales/Alertas_Tempranas/pdfs/Informes/ALERTAS_informes061.pdf,.pdf,28658.9,raw
data/raw/CODEFEST/F3_Dinamicas_Territoriales/Alertas_Tempranas/pdfs/Informes/ALERTAS_informes005.pdf,.pdf,18390.2,raw
data/raw/CODEFEST/F3_Dinamicas_Territoriales/Alertas_Tempranas/pdfs/Informes/ALERTAS_informes002.pdf,.pdf,11916.2,raw
data/raw/CODEFEST/F3_Dinamicas_Territoriales/Alertas_Tempranas/pdfs/Informes/ALERTAS_informes037.pdf,.pdf,1214.0,raw
data/raw/CODEFEST/F3_Dinamicas_Territoriales/Alertas_Tempranas/pdfs/Informes/ALERTAS_informes030.pdf,.pdf,123.1,raw
data/raw/CODEFEST/F3_Dinamicas_Territoriales/Alertas_Tempranas/pdfs/Informes/ALERTAS_informes042.pdf,.pdf,1424.0,raw
data/raw/CODEFEST/F3_Dinamicas_Territoriales/Alertas_Tempranas/pdfs/Informes/ALERTAS_informes045.pdf,.pdf,1127.9,raw
data/raw/CODEFEST/F3_Dinamicas_Territoriales/Alertas_Tempranas/pdfs/Informes/ALERTAS_informes039.pdf,.pdf,26574.8,raw
data/raw/CODEFEST/F3_Dinamicas_Territoriales/Alertas_Tempranas/pdfs/Informes/ALERTAS_informes060.pdf,.pdf,9559.8,raw
data/raw/CODEFEST/F3_Dinamicas_Territoriales/Alertas_Tempranas/pdfs/Informes/ALERTAS_informes015.pdf,.pdf,1110.5,raw
data/raw/CODEFEST/F3_Dinamicas_Territoriales/Alertas_Tempranas/pdfs/Informes/ALERTAS_informes012.pdf,.pdf,19556.9,raw
data/raw/CODEFEST/F3_Dinamicas_Territoriales/Alertas_Tempranas/pdfs/Informes/ALERTAS_informes027.pdf,.pdf,11265.1,raw
data/raw/CODEFEST/F3_Dinamicas_Territoriales/Alertas_Tempranas/pdfs/Informes/ALERTAS_informes020.pdf,.pdf,1348.3,raw
data/raw/CODEFEST/F3_Dinamicas_Territoriales/Alertas_Tempranas/pdfs/Informes/ALERTAS_informes052.pdf,.pdf,451.1,raw
data/raw/CODEFEST/F3_Dinamicas_Territoriales/Alertas_Tempranas/pdfs/Informes/ALERTAS_informes055.pdf,.pdf,1155.7,raw
data/raw/CODEFEST/F3_Dinamicas_Territoriales/Alertas_Tempranas/pdfs/Informes/ALERTAS_informes029.pdf,.pdf,9519.9,raw
data/raw/CODEFEST/F3_Dinamicas_Territoriales/Alertas_Tempranas/pdfs/Informes/ALERTAS_informes044.pdf,.pdf,1487.9,raw
data/raw/CODEFEST/F3_Dinamicas_Territoriales/Alertas_Tempranas/pdfs/Informes/ALERTAS_informes038.pdf,.pdf,1210.5,raw
data/raw/CODEFEST/F3_Dinamicas_Territoriales/Alertas_Tempranas/pdfs/Informes/ALERTAS_informes043.pdf,.pdf,2841.3,raw
data/raw/CODEFEST/F3_Dinamicas_Territoriales/Alertas_Tempranas/pdfs/Informes/ALERTAS_informes031.pdf,.pdf,1172.2,raw
data/raw/CODEFEST/F3_Dinamicas_Territoriales/Alertas_Tempranas/pdfs/Informes/ALERTAS_informes036.pdf,.pdf,1046.1,raw
data/raw/CODEFEST/F3_Dinamicas_Territoriales/Alertas_Tempranas/pdfs/Informes/ALERTAS_informes003.pdf,.pdf,18002.1,raw
data/raw/CODEFEST/F3_Dinamicas_Territoriales/Alertas_Tempranas/pdfs/Informes/ALERTAS_informes004.pdf,.pdf,19106.8,raw
data/raw/CODEFEST/F3_Dinamicas_Territoriales/Alertas_Tempranas/pdfs/Informes/ALERTAS_informes040.pdf,.pdf,127.9,raw
data/raw/CODEFEST/F3_Dinamicas_Territoriales/Alertas_Tempranas/pdfs/Informes/ALERTAS_informes047.pdf,.pdf,19427.2,raw
data/raw/CODEFEST/F3_Dinamicas_Territoriales/Alertas_Tempranas/pdfs/Informes/ALERTAS_informes049.pdf,.pdf,7200.0,raw
data/raw/CODEFEST/F3_Dinamicas_Territoriales/Alertas_Tempranas/pdfs/Informes/ALERTAS_informes035.pdf,.pdf,7463.8,raw
data/raw/CODEFEST/F3_Dinamicas_Territoriales/Alertas_Tempranas/pdfs/Informes/ALERTAS_informes032.pdf,.pdf,1143.7,raw
data/raw/CODEFEST/F3_Dinamicas_Territoriales/Alertas_Tempranas/pdfs/Informes/ALERTAS_informes007.pdf,.pdf,22582.3,raw
data/raw/CODEFEST/F3_Dinamicas_Territoriales/Alertas_Tempranas/pdfs/Informes/ALERTAS_informes009.pdf,.pdf,1311.7,raw
data/raw/CODEFEST/F3_Dinamicas_Territoriales/Alertas_Tempranas/pdfs/Informes/ALERTAS_informes018.pdf,.pdf,21125.5,raw
data/raw/CODEFEST/F3_Dinamicas_Territoriales/Alertas_Tempranas/pdfs/Informes/ALERTAS_informes011.pdf,.pdf,1321.4,raw
data/raw/CODEFEST/F3_Dinamicas_Territoriales/Alertas_Tempranas/pdfs/Informes/ALERTAS_informes016.pdf,.pdf,6026.5,raw
data/raw/CODEFEST/F3_Dinamicas_Territoriales/Alertas_Tempranas/pdfs/Informes/ALERTAS_informes023.pdf,.pdf,1792.2,raw
data/raw/CODEFEST/F3_Dinamicas_Territoriales/Alertas_Tempranas/pdfs/Informes/ALERTAS_informes058.pdf,.pdf,5809.4,raw
data/raw/CODEFEST/F3_Dinamicas_Territoriales/Alertas_Tempranas/pdfs/Informes/ALERTAS_informes024.pdf,.pdf,1159.4,raw
data/raw/CODEFEST/F3_Dinamicas_Territoriales/Alertas_Tempranas/pdfs/Informes/ALERTAS_informes056.pdf,.pdf,16873.9,raw
data/raw/CODEFEST/F3_Dinamicas_Territoriales/Alertas_Tempranas/pdfs/Informes/ALERTAS_informes051.pdf,.pdf,1281.4,raw
data/raw/CODEFEST/F3_Dinamicas_Territoriales/Alertas_Tempranas/pdfs/Informes/ALERTAS_informes008.pdf,.pdf,6170.5,raw
data/raw/CODEFEST/F3_Dinamicas_Territoriales/Alertas_Tempranas/pdfs/Informes/ALERTAS_informes001.pdf,.pdf,6277.3,raw
data/raw/CODEFEST/F3_Dinamicas_Territoriales/Alertas_Tempranas/pdfs/Informes/ALERTAS_informes006.pdf,.pdf,1124.6,raw
data/raw/CODEFEST/F3_Dinamicas_Territoriales/Alertas_Tempranas/pdfs/Informes/ALERTAS_informes033.pdf,.pdf,15027.9,raw
data/raw/CODEFEST/F3_Dinamicas_Territoriales/Alertas_Tempranas/pdfs/Informes/ALERTAS_informes048.pdf,.pdf,6935.2,raw
data/raw/CODEFEST/F3_Dinamicas_Territoriales/Alertas_Tempranas/pdfs/Informes/ALERTAS_informes034.pdf,.pdf,13009.3,raw
data/raw/CODEFEST/F3_Dinamicas_Territoriales/Alertas_Tempranas/pdfs/Informes/ALERTAS_informes046.pdf,.pdf,287.2,raw
data/raw/CODEFEST/F3_Dinamicas_Territoriales/Alertas_Tempranas/pdfs/Informes/ALERTAS_informes041.pdf,.pdf,1113.6,raw
data/raw/CODEFEST/F3_Dinamicas_Territoriales/Alertas_Tempranas/pdfs/Informes/ALERTAS_informes050.pdf,.pdf,684.2,raw
data/raw/CODEFEST/F3_Dinamicas_Territoriales/Alertas_Tempranas/pdfs/Informes/ALERTAS_informes057.pdf,.pdf,1355.4,raw
data/raw/CODEFEST/F3_Dinamicas_Territoriales/Alertas_Tempranas/pdfs/Informes/ALERTAS_informes059.pdf,.pdf,339.2,raw
data/raw/CODEFEST/F3_Dinamicas_Territoriales/Alertas_Tempranas/pdfs/Informes/ALERTAS_informes025.pdf,.pdf,12015.9,raw
data/raw/CODEFEST/F3_Dinamicas_Territoriales/Alertas_Tempranas/pdfs/Informes/ALERTAS_informes022.pdf,.pdf,1148.3,raw
data/raw/CODEFEST/F3_Dinamicas_Territoriales/Alertas_Tempranas/pdfs/Informes/ALERTAS_informes017.pdf,.pdf,1174.7,raw
data/raw/CODEFEST/F3_Dinamicas_Territoriales/Alertas_Tempranas/pdfs/Informes/ALERTAS_informes010.pdf,.pdf,5486.7,raw
data/raw/CODEFEST/F3_Dinamicas_Territoriales/Alertas_Tempranas/pdfs/Informes/ALERTAS_informes062.pdf,.pdf,8911.5,raw
data/raw/CODEFEST/F3_Dinamicas_Territoriales/Alertas_Tempranas/pdfs/Informes/ALERTAS_informes019.pdf,.pdf,11790.4,raw
data/raw/CODEFEST/F3_Dinamicas_Territoriales/RESDAL/resdal_atlas/RESDAL_catalog-2.csv,.csv,19.6,raw
data/raw/CODEFEST/F3_Dinamicas_Territoriales/RESDAL/resdal_atlas/RESDAL_catalog-2.json,.json,40.5,raw
data/raw/CODEFEST/F3_Dinamicas_Territoriales/RESDAL/resdal_atlas/2014_eng/RESDAL_atlas-2014-chapter-26-uruguay2.pdf,.pdf,1388.1,raw
data/raw/CODEFEST/F3_Dinamicas_Territoriales/RESDAL/resdal_atlas/2014_eng/RESDAL_atlas-2014-chapter-08-defenceandnationalandinternationalcommunity22.pdf,.pdf,3844.6,raw
data/raw/CODEFEST/F3_Dinamicas_Territoriales/RESDAL/resdal_atlas/2014_eng/RESDAL_atlas-2014-chapter-19-el-salvador2.pdf,.pdf,1690.0,raw
data/raw/CODEFEST/F3_Dinamicas_Territoriales/RESDAL/resdal_atlas/2014_eng/RESDAL_atlas-2014-chapter-06-education2.pdf,.pdf,657.5,raw
data/raw/CODEFEST/F3_Dinamicas_Territoriales/RESDAL/resdal_atlas/2014_eng/RESDAL_atlas-2014-chapter-16-cuba22.pdf,.pdf,1538.0,raw
data/raw/CODEFEST/F3_Dinamicas_Territoriales/RESDAL/resdal_atlas/2014_eng/RESDAL_atlas-2014-chapter-21-honduras2.pdf,.pdf,2226.8,raw
data/raw/CODEFEST/F3_Dinamicas_Territoriales/RESDAL/resdal_atlas/2014_eng/RESDAL_atlas-2014-chapter-27-venezuela22.pdf,.pdf,1459.5,raw
data/raw/CODEFEST/F3_Dinamicas_Territoriales/RESDAL/resdal_atlas/2014_eng/RESDAL_atlas-2014-chapter-13-brazil2.pdf,.pdf,3094.7,raw
data/raw/CODEFEST/F3_Dinamicas_Territoriales/RESDAL/resdal_atlas/2014_eng/RESDAL_atlas-2014-chapter-15-colombia2.pdf,.pdf,1593.2,raw
data/raw/CODEFEST/F3_Dinamicas_Territoriales/RESDAL/resdal_atlas/2014_eng/RESDAL_atlas-2014-chapter-07-thearmedforces2.pdf,.pdf,1102.3,raw
data/raw/CODEFEST/F3_Dinamicas_Territoriales/RESDAL/resdal_atlas/2014_eng/RESDAL_2014-complete2.pdf,.pdf,51948.5,raw
data/raw/CODEFEST/F3_Dinamicas_Territoriales/RESDAL/resdal_atlas/2014_eng/RESDAL_atlas-2014-chapter-12-bolivia2.pdf,.pdf,2009.0,raw
data/raw/CODEFEST/F3_Dinamicas_Territoriales/RESDAL/resdal_atlas/2014_eng/RESDAL_atlas-2014-chapter-14-chile2.pdf,.pdf,1417.7,raw
data/raw/CODEFEST/F3_Dinamicas_Territoriales/RESDAL/resdal_atlas/2014_eng/RESDAL_atlas-2014-chapter-10-thecasesofcostaricahaitiandpanama22.pdf,.pdf,3402.1,raw
data/raw/CODEFEST/F3_Dinamicas_Territoriales/RESDAL/resdal_atlas/2014_eng/RESDAL_atlas-2014-chapter-25-peru2.pdf,.pdf,2037.9,raw
data/raw/CODEFEST/F3_Dinamicas_Territoriales/RESDAL/resdal_atlas/2014_eng/RESDAL_atlas-2014-chapter-20-guatemala2.pdf,.pdf,2084.9,raw
data/raw/CODEFEST/F3_Dinamicas_Territoriales/RESDAL/resdal_atlas/2014_eng/RESDAL_atlas-2014-chapter-17-dominicanrepublic2.pdf,.pdf,1597.3,raw
data/raw/CODEFEST/F3_Dinamicas_Territoriales/RESDAL/resdal_atlas/2014_eng/RESDAL_atlas-2014-chapter-11-argentina2.pdf,.pdf,1791.0,raw
data/raw/CODEFEST/F3_Dinamicas_Territoriales/RESDAL/resdal_atlas/2014_eng/RESDAL_atlas-2014-chapter-04-politicaldefinitions2.pdf,.pdf,1018.9,raw
data/raw/CODEFEST/F3_Dinamicas_Territoriales/RESDAL/resdal_atlas/2014_eng/RESDAL_atlas-2014-chapter-23-nicaragua2.pdf,.pdf,1305.2,raw
data/raw/CODEFEST/F3_Dinamicas_Territoriales/RESDAL/resdal_atlas/2014_eng/RESDAL_atlas-2014-chapter-09-specialsection-thecaribbean2.pdf,.pdf,3750.2,raw
data/raw/CODEFEST/F3_Dinamicas_Territoriales/RESDAL/resdal_atlas/2014_eng/RESDAL_atlas-2014-chapter-18-ecuador2.pdf,.pdf,1112.6,raw
data/raw/CODEFEST/F3_Dinamicas_Territoriales/RESDAL/resdal_atlas/2014_eng/RESDAL_atlas-2014-chapter-000-presentation2.pdf,.pdf,120.8,raw
data/raw/CODEFEST/F3_Dinamicas_Territoriales/RESDAL/resdal_atlas/2014_eng/RESDAL_atlas-2014-chapter-24-paraguay2.pdf,.pdf,1775.4,raw
data/raw/CODEFEST/F3_Dinamicas_Territoriales/RESDAL/resdal_atlas/2014_eng/RESDAL_atlas-2014-chapter-02-theinstitutions2.pdf,.pdf,738.9,raw
data/raw/CODEFEST/F3_Dinamicas_Territoriales/RESDAL/resdal_atlas/2014_eng/RESDAL_atlas-2014-chapter-22-mexico2.pdf,.pdf,2175.6,raw
data/raw/CODEFEST/F3_Dinamicas_Territoriales/RESDAL/resdal_atlas/2014_eng/RESDAL_atlas-2014-chapter-03-thebudgets2.pdf,.pdf,147.3,raw
data/raw/CODEFEST/F3_Dinamicas_Territoriales/RESDAL/resdal_atlas/2014_eng/RESDAL_atlas-2014-chapter-05-hemisphericrelations2.pdf,.pdf,2384.3,raw
data/raw/CODEFEST/F3_Dinamicas_Territoriales/RESDAL/resdal_atlas/2014_eng/RESDAL_atlas-2014-chapter-01-thelegalframework2.pdf,.pdf,366.8,raw
data/raw/CODEFEST/F3_Dinamicas_Territoriales/RESDAL/resdal_atlas/2014_eng/RESDAL_atlas-2014-chapter-00-theregion2.pdf,.pdf,911.8,raw
data/raw/CODEFEST/F3_Dinamicas_Territoriales/RESDAL/resdal_atlas/2016_eng/RESDAL_atlas-2016-ing-20.pdf,.pdf,2560.5,raw
data/raw/CODEFEST/F3_Dinamicas_Territoriales/RESDAL/resdal_atlas/2016_eng/RESDAL_atlas-2016-ing-15.pdf,.pdf,2008.5,raw
data/raw/CODEFEST/F3_Dinamicas_Territoriales/RESDAL/resdal_atlas/2016_eng/RESDAL_atlas-2016-ing-12.pdf,.pdf,3667.6,raw
data/raw/CODEFEST/F3_Dinamicas_Territoriales/RESDAL/resdal_atlas/2016_eng/RESDAL_atlas-2016-ing-03.pdf,.pdf,664.7,raw
data/raw/CODEFEST/F3_Dinamicas_Territoriales/RESDAL/resdal_atlas/2016_eng/RESDAL_atlas-2016-ing-04.pdf,.pdf,1335.1,raw
data/raw/CODEFEST/F3_Dinamicas_Territoriales/RESDAL/resdal_atlas/2016_eng/RESDAL_atlas-2016-ing-13.pdf,.pdf,2777.7,raw
data/raw/CODEFEST/F3_Dinamicas_Territoriales/RESDAL/resdal_atlas/2016_eng/RESDAL_atlas-2016-ing-14.pdf,.pdf,1509.2,raw
data/raw/CODEFEST/F3_Dinamicas_Territoriales/RESDAL/resdal_atlas/2016_eng/RESDAL_atlas-2016-ing-21.pdf,.pdf,4197.8,raw
data/raw/CODEFEST/F3_Dinamicas_Territoriales/RESDAL/resdal_atlas/2016_eng/RESDAL_atlas-2016-ing-26.pdf,.pdf,1836.3,raw
data/raw/CODEFEST/F3_Dinamicas_Territoriales/RESDAL/resdal_atlas/2016_eng/RESDAL_atlas-2016-ing-completo.pdf,.pdf,44812.8,raw
data/raw/CODEFEST/F3_Dinamicas_Territoriales/RESDAL/resdal_atlas/2016_eng/RESDAL_atlas-2016-ing-05.pdf,.pdf,2167.8,raw
data/raw/CODEFEST/F3_Dinamicas_Territoriales/RESDAL/resdal_atlas/2016_eng/RESDAL_atlas-2016-ing-0.pdf,.pdf,1445.3,raw
data/raw/CODEFEST/F3_Dinamicas_Territoriales/RESDAL/resdal_atlas/2016_eng/RESDAL_atlas-2016-ing-02.pdf,.pdf,1006.4,raw
data/raw/CODEFEST/F3_Dinamicas_Territoriales/RESDAL/resdal_atlas/2016_eng/RESDAL_atlas-2016-ing-08.pdf,.pdf,6605.1,raw
data/raw/CODEFEST/F3_Dinamicas_Territoriales/RESDAL/resdal_atlas/2016_eng/RESDAL_atlas-2016-ing-01.pdf,.pdf,1743.6,raw
data/raw/CODEFEST/F3_Dinamicas_Territoriales/RESDAL/resdal_atlas/2016_eng/RESDAL_atlas-2016-ing-06.pdf,.pdf,782.2,raw
data/raw/CODEFEST/F3_Dinamicas_Territoriales/RESDAL/resdal_atlas/2016_eng/RESDAL_atlas-2016-ing-17.pdf,.pdf,1798.3,raw
data/raw/CODEFEST/F3_Dinamicas_Territoriales/RESDAL/resdal_atlas/2016_eng/RESDAL_atlas-2016-ing-10.pdf,.pdf,1858.4,raw
data/raw/CODEFEST/F3_Dinamicas_Territoriales/RESDAL/resdal_atlas/2016_eng/RESDAL_atlas-2016-ing-19.pdf,.pdf,1920.1,raw
data/raw/CODEFEST/F3_Dinamicas_Territoriales/RESDAL/resdal_atlas/2016_eng/RESDAL_atlas-2016-ing-25.pdf,.pdf,1669.7,raw
data/raw/CODEFEST/F3_Dinamicas_Territoriales/RESDAL/resdal_atlas/2016_eng/RESDAL_atlas-2016-ing-22.pdf,.pdf,1465.6,raw
data/raw/CODEFEST/F3_Dinamicas_Territoriales/RESDAL/resdal_atlas/2016_eng/RESDAL_atlas-2016-ing-07.pdf,.pdf,4632.3,raw
data/raw/CODEFEST/F3_Dinamicas_Territoriales/RESDAL/resdal_atlas/2016_eng/RESDAL_atlas-2016-ing-00.pdf,.pdf,690.5,raw
data/raw/CODEFEST/F3_Dinamicas_Territoriales/RESDAL/resdal_atlas/2016_eng/RESDAL_atlas-2016-ing-09.pdf,.pdf,4667.5,raw
data/raw/CODEFEST/F3_Dinamicas_Territoriales/RESDAL/resdal_atlas/2016_eng/RESDAL_atlas-2016-ing-23.pdf,.pdf,1380.0,raw
data/raw/CODEFEST/F3_Dinamicas_Territoriales/RESDAL/resdal_atlas/2016_eng/RESDAL_atlas-2016-ing-24.pdf,.pdf,1120.9,raw
data/raw/CODEFEST/F3_Dinamicas_Territoriales/RESDAL/resdal_atlas/2016_eng/RESDAL_atlas-2016-ing-18.pdf,.pdf,1895.0,raw
data/raw/CODEFEST/F3_Dinamicas_Territoriales/RESDAL/resdal_atlas/2016_eng/RESDAL_atlas-2016-ing-11.pdf,.pdf,2026.7,raw
data/raw/CODEFEST/F3_Dinamicas_Territoriales/RESDAL/resdal_atlas/2016_eng/RESDAL_atlas-2016-ing-16.pdf,.pdf,1798.4,raw
data/raw/CODEFEST/F3_Dinamicas_Territoriales/RESDAL/pdfs/Atlas_2024/RESDAL_14-esp-costa-rica.pdf,.pdf,2249.2,raw
data/raw/CODEFEST/F3_Dinamicas_Territoriales/RESDAL/pdfs/Atlas_2024/RESDAL_10-esp-bolivia.pdf,.pdf,2104.5,raw
data/raw/CODEFEST/F3_Dinamicas_Territoriales/RESDAL/pdfs/Atlas_2024/RESDAL_01-esp-el-marco-legal.pdf,.pdf,1875.3,raw
data/raw/CODEFEST/F3_Dinamicas_Territoriales/RESDAL/pdfs/Atlas_2024/RESDAL_04-esp-lasfuerzasarmadas.pdf,.pdf,2359.7,raw
data/raw/CODEFEST/F3_Dinamicas_Territoriales/RESDAL/pdfs/Atlas_2024/RESDAL_18-esp-guatemala.pdf,.pdf,2830.7,raw
data/raw/CODEFEST/F3_Dinamicas_Territoriales/RESDAL/pdfs/Atlas_2024/RESDAL_24-esp-paraguay.pdf,.pdf,2854.4,raw
data/raw/CODEFEST/F3_Dinamicas_Territoriales/RESDAL/pdfs/Atlas_2024/RESDAL_25-esp-peru.pdf,.pdf,3819.4,raw
data/raw/CODEFEST/F3_Dinamicas_Territoriales/RESDAL/pdfs/Atlas_2024/RESDAL_20-esp-honduras.pdf,.pdf,1860.1,raw
data/raw/CODEFEST/F3_Dinamicas_Territoriales/RESDAL/pdfs/Atlas_2024/RESDAL_22-esp-nicaragua.pdf,.pdf,2309.4,raw
data/raw/CODEFEST/F3_Dinamicas_Territoriales/RESDAL/pdfs/Atlas_2024/RESDAL_03-esp-elpresupuesto.pdf,.pdf,990.0,raw
data/raw/CODEFEST/F3_Dinamicas_Territoriales/RESDAL/pdfs/Atlas_2024/RESDAL_28-esp-venezuela.pdf,.pdf,1916.0,raw
data/raw/CODEFEST/F3_Dinamicas_Territoriales/RESDAL/pdfs/Atlas_2024/RESDAL_15-esp-cuba.pdf,.pdf,1984.4,raw
data/raw/CODEFEST/F3_Dinamicas_Territoriales/RESDAL/pdfs/Atlas_2024/RESDAL_06-esp-mujerpazyseguridad.pdf,.pdf,2917.6,raw
data/raw/CODEFEST/F3_Dinamicas_Territoriales/RESDAL/pdfs/Atlas_2024/RESDAL_13-esp-colombia.pdf,.pdf,2367.6,raw
data/raw/CODEFEST/F3_Dinamicas_Territoriales/RESDAL/pdfs/Atlas_2024/RESDAL_19-esp-haiti.pdf,.pdf,1407.1,raw
data/raw/CODEFEST/F3_Dinamicas_Territoriales/RESDAL/pdfs/Atlas_2024/RESDAL_mpys-01-culturaorganizacional.pdf,.pdf,3362.1,raw
data/raw/CODEFEST/F3_Dinamicas_Territoriales/RESDAL/pdfs/Atlas_2024/RESDAL_02-esp-las-instituciones.pdf,.pdf,2021.7,raw
data/raw/CODEFEST/F3_Dinamicas_Territoriales/RESDAL/pdfs/Atlas_2024/RESDAL_07-esp-gestiondelriesgoyemergencias.pdf,.pdf,2232.6,raw
data/raw/CODEFEST/F3_Dinamicas_Territoriales/RESDAL/pdfs/Atlas_2024/RESDAL_0-esp-primeraslaregion.pdf,.pdf,1218.6,raw
data/raw/CODEFEST/F3_Dinamicas_Territoriales/RESDAL/pdfs/Atlas_2024/RESDAL_27-esp-uruguay.pdf,.pdf,3446.6,raw
data/raw/CODEFEST/F3_Dinamicas_Territoriales/RESDAL/pdfs/Atlas_2024/RESDAL_9-esp-argentina.pdf,.pdf,6273.5,raw
data/raw/CODEFEST/F3_Dinamicas_Territoriales/RESDAL/pdfs/Atlas_2024/RESDAL_16-esp-ecuador.pdf,.pdf,3704.7,raw
data/raw/CODEFEST/F3_Dinamicas_Territoriales/RESDAL/pdfs/Atlas_2024/RESDAL_26-esp-republica-dominicana.pdf,.pdf,3017.1,raw
data/raw/CODEFEST/F3_Dinamicas_Territoriales/RESDAL/pdfs/Atlas_2024/RESDAL_12-esp-chile.pdf,.pdf,4272.3,raw
data/raw/CODEFEST/F3_Dinamicas_Territoriales/RESDAL/pdfs/Atlas_2024/RESDAL_atlas-2024-esp.pdf,.pdf,88248.4,raw
data/raw/CODEFEST/F3_Dinamicas_Territoriales/RESDAL/pdfs/Atlas_2024/RESDAL_11-esp-brasil.pdf,.pdf,5087.4,raw
data/raw/CODEFEST/F3_Dinamicas_Territoriales/RESDAL/pdfs/Atlas_2024/RESDAL_esp-lospaises.pdf,.pdf,188.4,raw
data/raw/CODEFEST/F3_Dinamicas_Territoriales/RESDAL/pdfs/Atlas_2024/RESDAL_23-esp-panama.pdf,.pdf,2716.7,raw
data/raw/CODEFEST/F3_Dinamicas_Territoriales/RESDAL/pdfs/Atlas_2024/RESDAL_21-esp-mexico.pdf,.pdf,3697.5,raw
data/raw/CODEFEST/F3_Dinamicas_Territoriales/RESDAL/pdfs/Atlas_2024/RESDAL_08-esp-caribe.pdf,.pdf,10839.1,raw
data/raw/CODEFEST/F3_Dinamicas_Territoriales/RESDAL/pdfs/Atlas_2024/RESDAL_05-esp-relacionesinternacionales.pdf,.pdf,2422.3,raw
data/raw/CODEFEST/F3_Dinamicas_Territoriales/RESDAL/pdfs/Atlas_2024/RESDAL_17-esp-elsalvador.pdf,.pdf,2416.9,raw
data/raw/CODEFEST/F3_Dinamicas_Territoriales/RESDAL/pdfs/Publicaciones/RESDAL_boletin-covid-3-esp.pdf,.pdf,3146.0,raw
data/raw/CODEFEST/F3_Dinamicas_Territoriales/RESDAL/pdfs/Publicaciones/RESDAL_boletincovidi.pdf,.pdf,1334.5,raw
data/raw/CODEFEST/F3_Dinamicas_Territoriales/RESDAL/pdfs/Publicaciones/RESDAL_newsletter-covid-n2-eng-final.pdf,.pdf,5753.1,raw
data/raw/CODEFEST/F3_Dinamicas_Territoriales/RESDAL/pdfs/Publicaciones/RESDAL_contemplating-trends-for-2023-in-security-and-democracy-a-cross-regional-collaboration-wit.pdf,.pdf,2378.2,raw
data/raw/CODEFEST/F3_Dinamicas_Territoriales/RESDAL/pdfs/Publicaciones/RESDAL_collaborative-research-report-2021-13828.pdf,.pdf,1278.5,raw
data/raw/CODEFEST/F3_Dinamicas_Territoriales/RESDAL/pdfs/Publicaciones/RESDAL_acoso-y-ab-sex-en-instituciones-de-defensa.pdf,.pdf,4193.5,raw
data/raw/CODEFEST/F3_Dinamicas_Territoriales/RESDAL/pdfs/Publicaciones/RESDAL_policy-brief-mena-final.pdf,.pdf,689.5,raw
data/raw/CODEFEST/F3_Dinamicas_Territoriales/RESDAL/pdfs/Publicaciones/RESDAL_uruguay-elsie-barrier-version-final.pdf,.pdf,2872.3,raw
data/raw/CODEFEST/F3_Dinamicas_Territoriales/RESDAL/pdfs/Publicaciones/RESDAL_uruguay-elsie-mowip-english-final-0.pdf,.pdf,2766.3,raw
data/raw/CODEFEST/F3_Dinamicas_Territoriales/RESDAL/pdfs/Atlas_Anteriores/RESDAL_atlas-completo.pdf,.pdf,11272.6,raw
data/raw/CODEFEST/F3_Dinamicas_Territoriales/RESDAL/pdfs/Atlas_Anteriores/RESDAL_atlas-completo2010-ingles.pdf,.pdf,21668.2,raw
data/raw/CODEFEST/F3_Dinamicas_Territoriales/RESDAL/pdfs/Atlas_Anteriores/RESDAL_atlas-completo-2.pdf,.pdf,11422.9,raw
data/raw/CODEFEST/F3_Dinamicas_Territoriales/RESDAL/pdfs/Atlas_Anteriores/RESDAL_atlas-2012-ing-completo.pdf,.pdf,37994.3,raw
data/raw/CODEFEST/F3_Dinamicas_Territoriales/RESDAL/pdfs/Atlas_Anteriores/RESDAL_atlas-2005-esp.pdf,.pdf,10951.7,raw
data/raw/CODEFEST/F3_Dinamicas_Territoriales/SIPRI/articulos/SIPRI_2025-10-02-decade-youth-peace-and-security-fostering-intergenerational-action-climate-peac.json,.json,4.2,raw
data/raw/CODEFEST/F3_Dinamicas_Territoriales/SIPRI/articulos/SIPRI_2025-silos-synergies-partnering-social-cohesion-sahel.json,.json,4.6,raw
data/raw/CODEFEST/F3_Dinamicas_Territoriales/SIPRI/articulos/SIPRI_2025-strengthening-osces-climate-security-agenda.json,.json,2.1,raw
data/raw/CODEFEST/F3_Dinamicas_Territoriales/SIPRI/articulos/SIPRI_2026-04-27-trends-world-military-expenditure-2025.json,.json,4.9,raw
data/raw/CODEFEST/F3_Dinamicas_Territoriales/SIPRI/articulos/SIPRI_2026-budget-fifth-year-war-military-spending-russias-budget-2026.json,.json,4.7,raw
data/raw/CODEFEST/F3_Dinamicas_Territoriales/SIPRI/articulos/SIPRI_2026-responsible-procurement-military-artificial-intelligence.json,.json,4.9,raw
data/raw/CODEFEST/F3_Dinamicas_Territoriales/SIPRI/articulos/SIPRI_2025-bias-military-artificial-intelligence-and-compliance-international-humanitarian-law.json,.json,4.7,raw
data/raw/CODEFEST/F3_Dinamicas_Territoriales/SIPRI/articulos/SIPRI_2026-climate-peace-and-security-fact-sheet-lake-chad-2026.json,.json,4.4,raw
data/raw/CODEFEST/F3_Dinamicas_Territoriales/SIPRI/articulos/SIPRI_2026-china-and-changing-international-development-landscape.json,.json,4.3,raw
data/raw/CODEFEST/F3_Dinamicas_Territoriales/SIPRI/articulos/SIPRI_2025-pragmatic-approaches-governance-artificial-intelligence-nuclear-nexus.json,.json,4.0,raw
data/raw/CODEFEST/F3_Dinamicas_Territoriales/SIPRI/articulos/SIPRI_2025-climate-resilient-investment-fragile-and-conflict-affected-situations-opportunities-b.json,.json,5.5,raw
data/raw/CODEFEST/F3_Dinamicas_Territoriales/SIPRI/articulos/SIPRI_2026-ai-chinese-indian-and-us-nuclear-postures-norms-and-systems.json,.json,4.1,raw
data/raw/CODEFEST/F3_Dinamicas_Territoriales/SIPRI/articulos/SIPRI_2025-05-13-lasting-solutions-fragility-depend-peacebuilding.json,.json,3.3,raw
data/raw/CODEFEST/F3_Dinamicas_Territoriales/SIPRI/articulos/SIPRI_2025-12-01-sipri-top-100-arms-producing-and-military-services-companies-2024.json,.json,3.6,raw
data/raw/CODEFEST/F3_Dinamicas_Territoriales/SIPRI/articulos/SIPRI_2026-gendered-dimensions-climate-related-security-risks-osce-area.json,.json,4.7,raw
data/raw/CODEFEST/F3_Dinamicas_Territoriales/SIPRI/articulos/SIPRI_2026-seeking-stability-outer-space-opportunities-china-uk-dialogue.json,.json,5.2,raw
data/raw/CODEFEST/F3_Dinamicas_Territoriales/SIPRI/articulos/SIPRI_2024-11-07-military-and-security-dimensions-quantum-technologies-primer.json,.json,5.8,raw
data/raw/CODEFEST/F3_Dinamicas_Territoriales/SIPRI/articulos/SIPRI_2025-06-27-calibrating-deterrence-disruptors-strategic-stability-natos-new-northern-flank.json,.json,4.2,raw
data/raw/CODEFEST/F3_Dinamicas_Territoriales/SIPRI/articulos/SIPRI_2026-building-effective-infrastructure-peace-syria-and-lebanon.json,.json,4.6,raw
data/raw/CODEFEST/F3_Dinamicas_Territoriales/SIPRI/articulos/SIPRI_2025-militarization-technology-preventing-diversion-and-misuse-through-export-controls.json,.json,4.2,raw
data/raw/CODEFEST/F3_Dinamicas_Territoriales/SIPRI/articulos/SIPRI_2025-addressing-risks-civilian-ai-poses-international-peace-and-security-role-responsible-.json,.json,3.9,raw
data/raw/CODEFEST/F3_Dinamicas_Territoriales/SIPRI/articulos/SIPRI_2025-women-multilateral-peace-operations-2025-what-state-play.json,.json,7.0,raw
data/raw/CODEFEST/F3_Dinamicas_Territoriales/SIPRI/articulos/SIPRI_2026-twenty-five-years-men-boys-and-masculinities-wps-agenda.json,.json,4.1,raw
data/raw/CODEFEST/F3_Dinamicas_Territoriales/SIPRI/articulos/SIPRI_2025-12-01-use-cases-emerging-technologies-strengthen-high-containment-laboratory-governan.json,.json,4.7,raw
data/raw/CODEFEST/F3_Dinamicas_Territoriales/SIPRI/articulos/SIPRI_2025-support-age-relapse-assisting-security-justice-and-inclusive-governance-restrictive-e.json,.json,3.8,raw
data/raw/CODEFEST/F3_Dinamicas_Territoriales/SIPRI/articulos/SIPRI_2025-12-01-use-cases-emerging-technologies-strengthen-export-controls-biological-items.json,.json,4.6,raw
data/raw/CODEFEST/F3_Dinamicas_Territoriales/SIPRI/articulos/SIPRI_2026-addressing-multidomain-nuclear-escalation-risk.json,.json,4.3,raw
data/raw/CODEFEST/F3_Dinamicas_Territoriales/SIPRI/articulos/SIPRI_2026-security-sector-reform-and-united-nations-transitions-factors-success.json,.json,4.8,raw
data/raw/CODEFEST/F3_Dinamicas_Territoriales/SIPRI/articulos/SIPRI_2025-impact-conflict-and-displacement-sudanese-refugee-women-eastern-chad.json,.json,6.6,raw
data/raw/CODEFEST/F3_Dinamicas_Territoriales/SIPRI/articulos/SIPRI_2025-climate-peace-and-security-thematic-fact-sheet-women-peace-and-security.json,.json,4.3,raw
data/raw/CODEFEST/F3_Dinamicas_Territoriales/SIPRI/articulos/SIPRI_2025-06-24-export-controls-and-spyware-enhancing-oversight-transparency-and-restraint.json,.json,5.7,raw
data/raw/CODEFEST/F3_Dinamicas_Territoriales/SIPRI/articulos/SIPRI_2026-03-18-military-assistance-provided-eu-and-other-external-actors-eus-southern-neighbou.json,.json,5.1,raw
data/raw/CODEFEST/F3_Dinamicas_Territoriales/SIPRI/articulos/SIPRI_2025-map-practices-autopractices.json,.json,4.4,raw
data/raw/CODEFEST/F3_Dinamicas_Territoriales/SIPRI/articulos/SIPRI_2025-climate-peace-and-security-fact-sheet-abyei-2025.json,.json,4.5,raw
data/raw/CODEFEST/F3_Dinamicas_Territoriales/SIPRI/articulos/SIPRI_2026-03-09-trends-international-arms-transfers-2025.json,.json,4.5,raw
data/raw/CODEFEST/F3_Dinamicas_Territoriales/SIPRI/articulos/SIPRI_2025-rebalancing-military-spending-towards-achieving-sustainable-development.json,.json,4.8,raw
data/raw/CODEFEST/F3_Dinamicas_Territoriales/SIPRI/articulos/SIPRI_2026-end-mission-reinventing-closure-and-transition-processes-eu-civilian-csdp.json,.json,4.6,raw
data/raw/CODEFEST/F3_Dinamicas_Territoriales/SIPRI/articulos/SIPRI_2025-climate-peace-and-security-fact-sheet-haiti-2025.json,.json,4.2,raw
data/raw/CODEFEST/F3_Dinamicas_Territoriales/SIPRI/articulos/SIPRI_2026-preventing-biological-weapons-proliferation-operational-applications-emerging-technol.json,.json,4.1,raw
data/raw/CODEFEST/F3_Dinamicas_Territoriales/SIPRI/articulos/SIPRI_2026-cyber-disarmament-practice-eus-role-governing-software-vulnerabilities-fragmented-int.json,.json,6.1,raw
data/raw/CODEFEST/F3_Dinamicas_Territoriales/SIPRI/articulos/SIPRI_2025-navigating-green-geopolitics-perils-and-promise-energy-transition-and-case-ukraine.json,.json,5.1,raw
data/raw/CODEFEST/F3_Dinamicas_Territoriales/SIPRI/articulos/SIPRI_2026-climate-peace-and-security-fact-sheet-afghanistan-2026.json,.json,3.6,raw
data/raw/CODEFEST/F3_Dinamicas_Territoriales/SIPRI/articulos/SIPRI_2025-climate-change-human-mobility-and-security.json,.json,3.8,raw
data/raw/CODEFEST/F3_Dinamicas_Territoriales/SIPRI/articulos/SIPRI_2026-future-proofing-civilian-csdp-challenging-strategic-environment-seven-questions-debat.json,.json,5.9,raw
data/raw/CODEFEST/F3_Dinamicas_Territoriales/SIPRI/articulos/SIPRI_2026-aid-cuts-and-security-risks-health-system-disruption-human-insecurity.json,.json,4.1,raw
data/raw/CODEFEST/F3_Dinamicas_Territoriales/SIPRI/articulos/SIPRI_2025-pursuing-peace-shoestring-conflict-management-increasingly-complex-world.json,.json,3.7,raw
data/raw/CODEFEST/F3_Dinamicas_Territoriales/SIPRI/articulos/SIPRI_2025-towards-multilateral-policy-autonomous-weapon-systems.json,.json,4.2,raw
data/raw/CODEFEST/F3_Dinamicas_Territoriales/SIPRI/articulos/SIPRI_2026-good-practice-guide-applying-export-controls-transfers-commercial-cyber-intrusion-cap.json,.json,4.6,raw
data/raw/CODEFEST/F3_Dinamicas_Territoriales/SIPRI/articulos/SIPRI_2026-03-18-military-assistance-provided-eu-and-other-external-actors-eus-eastern-neighbour.json,.json,5.2,raw
data/raw/CODEFEST/F3_Dinamicas_Territoriales/SIPRI/articulos/SIPRI_2025-autonomous-weapon-systems-and-ai-enabled-decision-support-systems-military-targeting-.json,.json,2.1,raw
data/raw/CODEFEST/F3_Dinamicas_Territoriales/SIPRI/articulos/SIPRI_2026-03-18-military-assistance-provided-eu-and-other-external-actors-west-africa-2010-25.json,.json,5.1,raw
data/raw/CODEFEST/F3_Dinamicas_Territoriales/SIPRI/articulos/SIPRI_2026-05-25-developments-and-trends-multilateral-peace-operations-2025.json,.json,2.4,raw
data/raw/CODEFEST/F3_Dinamicas_Territoriales/SIPRI/sipri_data/SIPRI_catalog-2.json,.json,0.1,raw
data/raw/CODEFEST/F3_Dinamicas_Territoriales/SIPRI/sipri_data/SIPRI_publicaciones-2.csv,.csv,25.1,raw
data/raw/CODEFEST/F3_Dinamicas_Territoriales/SIPRI/sipri_data/pdfs/SIPRI_9781954445024.pdf,.pdf,5961.2,raw
data/raw/CODEFEST/F3_Dinamicas_Territoriales/SIPRI/sipri_data/pdfs/SIPRI_gcf-annual-report-2023-through-collective-action.pdf,.pdf,2534.7,raw
data/raw/CODEFEST/F3_Dinamicas_Territoriales/SIPRI/sipri_data/pdfs/SIPRI_db26ed4d9b959cb6798443f80d4d4474.pdf,.pdf,203.4,raw
data/raw/CODEFEST/F3_Dinamicas_Territoriales/SIPRI/sipri_data/pdfs/SIPRI_cmc-finland-working-papers-series-1-web-saavutettava.pdf,.pdf,507.9,raw
data/raw/CODEFEST/F3_Dinamicas_Territoriales/SIPRI/sipri_data/pdfs/SIPRI_files2fthe-fourth-phase-in-the-taiwan-strait-military-standoff-emerging-dynamics-and-the-p.pdf,.pdf,1871.3,raw
data/raw/CODEFEST/F3_Dinamicas_Territoriales/SIPRI/sipri_data/pdfs/SIPRI_att-monitor-report-2025.pdf,.pdf,15249.1,raw
data/raw/CODEFEST/F3_Dinamicas_Territoriales/SIPRI/sipri_data/pdfs/SIPRI_20240212113627.pdf,.pdf,3104.7,raw
data/raw/CODEFEST/F3_Dinamicas_Territoriales/SIPRI/sipri_data/pdfs/SIPRI_22136.pdf,.pdf,22.5,raw
data/raw/CODEFEST/F3_Dinamicas_Territoriales/SIPRI/sipri_data/pdfs/SIPRI_33.impaginato-lorenzo-scarazzato-noah-heinemann-why-the-eu-fiscal-reform-is-not-solving-na.pdf,.pdf,3583.4,raw
data/raw/CODEFEST/F3_Dinamicas_Territoriales/SIPRI/sipri_data/pdfs/SIPRI_report-international-arms-flows.pdf,.pdf,412.5,raw
data/raw/CODEFEST/F3_Dinamicas_Territoriales/SIPRI/sipri_data/pdfs/SIPRI_ar-34.pdf,.pdf,2608.6,raw
data/raw/CODEFEST/F3_Dinamicas_Territoriales/SIPRI/sipri_data/pdfs/SIPRI_hsrc20lmip20report20320growth20employment20and20skills-1.pdf,.pdf,23.2,raw
data/raw/CODEFEST/F3_Dinamicas_Territoriales/SIPRI/sipri_data/pdfs/SIPRI_sustainablefinanceoutlook-20250612.pdf,.pdf,1626.1,raw
data/raw/CODEFEST/F3_Dinamicas_Territoriales/SIPRI/sipri_data/pdfs/SIPRI_2021.pdf,.pdf,3635.2,raw
data/raw/CODEFEST/F3_Dinamicas_Territoriales/SIPRI/sipri_data/pdfs/SIPRI_djokic-ignjatijevic-2020-why-are-people-leaving-the-serbian-defence-system.pdf,.pdf,794.6,raw
data/raw/CODEFEST/F3_Dinamicas_Territoriales/SIPRI/pdfs_full/2026/SIPRI_rpp-2026-01-future-proofing-civilian-csdp.pdf,.pdf,203.4,raw
data/raw/CODEFEST/F3_Dinamicas_Territoriales/SIPRI/pdfs_full/2026/SIPRI_centerfold-east-a3.pdf,.pdf,3281.6,raw
data/raw/CODEFEST/F3_Dinamicas_Territoriales/SIPRI/pdfs_full/2026/SIPRI_military-assistance-east-0.pdf,.pdf,1863.1,raw
data/raw/CODEFEST/F3_Dinamicas_Territoriales/SIPRI/pdfs_full/2026/SIPRI_2602-ai-integration.pdf,.pdf,485.7,raw
data/raw/CODEFEST/F3_Dinamicas_Territoriales/SIPRI/pdfs_full/2026/SIPRI_rpp-2026-01-multidomain-escalation-risks-1.pdf,.pdf,188.5,raw
data/raw/CODEFEST/F3_Dinamicas_Territoriales/SIPRI/pdfs_full/2026/SIPRI_rpp-2026-03-25-years-of-men.pdf,.pdf,201.8,raw
data/raw/CODEFEST/F3_Dinamicas_Territoriales/SIPRI/pdfs_full/2026/SIPRI_rpp-2026-06-aid-cuts-and-security-risks.pdf,.pdf,371.9,raw
data/raw/CODEFEST/F3_Dinamicas_Territoriales/SIPRI/pdfs_full/2026/SIPRI_nupi-fact-sheet-lake-chad.pdf,.pdf,3770.7,raw
data/raw/CODEFEST/F3_Dinamicas_Territoriales/SIPRI/pdfs_full/2026/SIPRI_0326-preventing-biological-weapons-proliferation-0.pdf,.pdf,450.1,raw
data/raw/CODEFEST/F3_Dinamicas_Territoriales/SIPRI/pdfs_full/2026/SIPRI_0626-transitions-just-future.pdf,.pdf,575.4,raw
data/raw/CODEFEST/F3_Dinamicas_Territoriales/SIPRI/pdfs_full/2026/SIPRI_centerfold-west-africa-a3.pdf,.pdf,2379.2,raw
data/raw/CODEFEST/F3_Dinamicas_Territoriales/SIPRI/pdfs_full/2026/SIPRI_fs-2605-mpo-2026.pdf,.pdf,389.7,raw
data/raw/CODEFEST/F3_Dinamicas_Territoriales/SIPRI/pdfs_full/2026/SIPRI_gendered-dimensions-of-climate-related-security-risks.pdf,.pdf,1408.6,raw
data/raw/CODEFEST/F3_Dinamicas_Territoriales/SIPRI/pdfs_full/2026/SIPRI_2026-01-russias-military-budget-for-2026.pdf,.pdf,397.8,raw
data/raw/CODEFEST/F3_Dinamicas_Territoriales/SIPRI/pdfs_full/2026/SIPRI_0226-rpp-chinese-perspectives-chinese.pdf,.pdf,706.7,raw
data/raw/CODEFEST/F3_Dinamicas_Territoriales/SIPRI/pdfs_full/2026/SIPRI_pb-2601-china-and-the-changing-international-dev-landscape.pdf,.pdf,164.5,raw
data/raw/CODEFEST/F3_Dinamicas_Territoriales/SIPRI/pdfs_full/2026/SIPRI_0226-milai-procurement-kr.pdf,.pdf,1945.1,raw
data/raw/CODEFEST/F3_Dinamicas_Territoriales/SIPRI/pdfs_full/2026/SIPRI_military-assistance-south.pdf,.pdf,1411.9,raw
data/raw/CODEFEST/F3_Dinamicas_Territoriales/SIPRI/pdfs_full/2026/SIPRI_military-assistance-west-africa.pdf,.pdf,1480.6,raw
data/raw/CODEFEST/F3_Dinamicas_Territoriales/SIPRI/pdfs_full/2026/SIPRI_eunpdc-no-100-cyber-disarmament.pdf,.pdf,487.3,raw
data/raw/CODEFEST/F3_Dinamicas_Territoriales/SIPRI/pdfs_full/2026/SIPRI_centerfold-south-a3.pdf,.pdf,2668.2,raw
data/raw/CODEFEST/F3_Dinamicas_Territoriales/SIPRI/pdfs_full/2026/SIPRI_gpg-2026-ccic.pdf,.pdf,475.4,raw
data/raw/CODEFEST/F3_Dinamicas_Territoriales/SIPRI/pdfs_full/2026/SIPRI_0226-milai-procurement-260216.pdf,.pdf,433.6,raw
data/raw/CODEFEST/F3_Dinamicas_Territoriales/SIPRI/pdfs_full/2026/SIPRI_0626-building-an-effective-infrastructure-for-peace-in-syria-and-lebanon.pdf,.pdf,324.4,raw
data/raw/CODEFEST/F3_Dinamicas_Territoriales/SIPRI/pdfs_full/2026/SIPRI_0226-rpp-chinese-perspectives-0.pdf,.pdf,306.3,raw
data/raw/CODEFEST/F3_Dinamicas_Territoriales/SIPRI/pdfs_full/2026/SIPRI_end-of-mission-ville-savoranta.pdf,.pdf,227.5,raw
data/raw/CODEFEST/F3_Dinamicas_Territoriales/SIPRI/pdfs_full/2026/SIPRI_0326-calibrating-deterrence.pdf,.pdf,1144.8,raw
data/raw/CODEFEST/F3_Dinamicas_Territoriales/SIPRI/pdfs_full/2026/SIPRI_nupi-fact-sheet-afghanistan.pdf,.pdf,2406.7,raw
data/raw/CODEFEST/F3_Dinamicas_Territoriales/SIPRI/pdfs_full/2025/SIPRI_21.11.2025-pb-arabic.pdf,.pdf,945.0,raw
data/raw/CODEFEST/F3_Dinamicas_Territoriales/SIPRI/pdfs_full/2025/SIPRI_from-silos-to-synergies-partnering-for-social-cohesion-in-the-sahel-1.pdf,.pdf,289.8,raw
data/raw/CODEFEST/F3_Dinamicas_Territoriales/SIPRI/pdfs_full/2025/SIPRI_pb-2511-climate-change-human-mobility-and-security.pdf,.pdf,667.2,raw
data/raw/CODEFEST/F3_Dinamicas_Territoriales/SIPRI/pdfs_full/2025/SIPRI_laws-v-0.pdf,.pdf,426.6,raw
data/raw/CODEFEST/F3_Dinamicas_Territoriales/SIPRI/pdfs_full/2025/SIPRI_2025-08-18-xcept-note-de-synthese-limpact-du-conflit-et-du-deplacement-sur-les-femmes-soud.pdf,.pdf,379.6,raw
data/raw/CODEFEST/F3_Dinamicas_Territoriales/SIPRI/pdfs_full/2025/SIPRI_2025-11-19-xcept-policy-brief-sudanese-refugee-women-in-eastern-chad.pdf,.pdf,268.3,raw
data/raw/CODEFEST/F3_Dinamicas_Territoriales/SIPRI/pdfs_full/2025/SIPRI_2025giz-en-lasting-solutions-fragility-peacebuilding.pdf,.pdf,2405.0,raw
data/raw/CODEFEST/F3_Dinamicas_Territoriales/SIPRI/pdfs_full/2025/SIPRI_0925-export-controls-and-spyware.pdf,.pdf,450.4,raw
data/raw/CODEFEST/F3_Dinamicas_Territoriales/SIPRI/pdfs_full/2025/SIPRI_rpp-2025-11-miltech.pdf,.pdf,202.2,raw
data/raw/CODEFEST/F3_Dinamicas_Territoriales/SIPRI/pdfs_full/2025/SIPRI_rpp-2025-12-use-cases-for-emerging-tech-to-strengthen-high-containment-lab-governance-0.pdf,.pdf,140.0,raw
data/raw/CODEFEST/F3_Dinamicas_Territoriales/SIPRI/pdfs_full/2025/SIPRI_nupi-fact-sheet-abyei.pdf,.pdf,1446.5,raw
data/raw/CODEFEST/F3_Dinamicas_Territoriales/SIPRI/pdfs_full/2025/SIPRI_wps-sipri-nupi-fact-sheet.pdf,.pdf,2249.6,raw
data/raw/CODEFEST/F3_Dinamicas_Territoriales/SIPRI/pdfs_full/2025/SIPRI_rpp-florian-katongo.pdf,.pdf,154.1,raw
data/raw/CODEFEST/F3_Dinamicas_Territoriales/SIPRI/pdfs_full/2025/SIPRI_stockholm-forum-session-a-decade-of-youth-peace-and-security-fostering-intergenerational-a.pdf,.pdf,989.2,raw
data/raw/CODEFEST/F3_Dinamicas_Territoriales/SIPRI/pdfs_full/2025/SIPRI_pragmatic-approaches-to-governance-at-the-ai-nuclear-nexus.pdf,.pdf,338.3,raw
data/raw/CODEFEST/F3_Dinamicas_Territoriales/SIPRI/pdfs_full/2025/SIPRI_2509-towards-multilateral-policy-on-aws-1.pdf,.pdf,431.9,raw
data/raw/CODEFEST/F3_Dinamicas_Territoriales/SIPRI/pdfs_full/2025/SIPRI_fs-2603-at-2025.pdf,.pdf,397.6,raw
data/raw/CODEFEST/F3_Dinamicas_Territoriales/SIPRI/pdfs_full/2025/SIPRI_autopractices-map-web.pdf,.pdf,1466.8,raw
data/raw/CODEFEST/F3_Dinamicas_Territoriales/SIPRI/pdfs_full/2025/SIPRI_rpp-2025-10-ngcm-dakar.pdf,.pdf,154.6,raw
data/raw/CODEFEST/F3_Dinamicas_Territoriales/SIPRI/pdfs_full/2025/SIPRI_0825-ai-military-bias.pdf,.pdf,535.9,raw
data/raw/CODEFEST/F3_Dinamicas_Territoriales/SIPRI/pdfs_full/2025/SIPRI_1225-green-geopolitics-ukraine.pdf,.pdf,350.1,raw
data/raw/CODEFEST/F3_Dinamicas_Territoriales/SIPRI/pdfs_full/2025/SIPRI_ko-laws-v.pdf,.pdf,1329.7,raw
data/raw/CODEFEST/F3_Dinamicas_Territoriales/SIPRI/pdfs_full/2025/SIPRI_women-in-multilateral-peace-operations-in-2025-what-is-the-state-of-play.pdf,.pdf,2114.5,raw
data/raw/CODEFEST/F3_Dinamicas_Territoriales/SIPRI/pdfs_full/2025/SIPRI_rpp-use-cases-emerging-tech-bio-items-0.pdf,.pdf,137.7,raw
data/raw/CODEFEST/F3_Dinamicas_Territoriales/SIPRI/pdfs_full/2025/SIPRI_rpp-2025-11-milex-sdgs-3.pdf,.pdf,153.9,raw
data/raw/CODEFEST/F3_Dinamicas_Territoriales/SIPRI/pdfs_full/2025/SIPRI_pb-2509-osce-climate-security.pdf,.pdf,141.0,raw
data/raw/CODEFEST/F3_Dinamicas_Territoriales/SIPRI/pdfs_full/2025/SIPRI_2604-milex-2025.pdf,.pdf,714.8,raw
data/raw/CODEFEST/F3_Dinamicas_Territoriales/SIPRI/pdfs_full/2025/SIPRI_rpp-2025-12-restrictive-environments-0.pdf,.pdf,150.8,raw
data/raw/CODEFEST/F3_Dinamicas_Territoriales/SIPRI/pdfs_full/2025/SIPRI_1125-civilian-ai.pdf,.pdf,719.4,raw
data/raw/CODEFEST/F3_Dinamicas_Territoriales/SIPRI/pdfs_full/2025/SIPRI_0725-military-and-security-dimensions-of-quantum-technologies-0.pdf,.pdf,781.1,raw
data/raw/CODEFEST/F3_Dinamicas_Territoriales/SIPRI/pdfs_full/2024/SIPRI_fs-2512-top-100-2024.pdf,.pdf,268.2,raw
data/raw/CODEFEST/F3_Dinamicas_Territoriales/CEEEP/articulos/revista/CEEEP_issue11-72-inteligencia-artificial-y-ciberdefensa.json,.json,1.6,raw
data/raw/CODEFEST/F3_Dinamicas_Territoriales/CEEEP/articulos/revista/CEEEP_issue7-42-comando-y-control-en-el-ejercito-del-peru-metodos-analisis-y-el-metodo.json,.json,1.9,raw
data/raw/CODEFEST/F3_Dinamicas_Territoriales/CEEEP/articulos/revista/CEEEP_issue9-58-isis-k-un-reinicio-del-terrorismo-yihadista.json,.json,1.4,raw
data/raw/CODEFEST/F3_Dinamicas_Territoriales/CEEEP/articulos/revista/CEEEP_issue3-13-el-juego-estrategico-de-argentina-frente-a-los-intereses-de-china-y-es.json,.json,1.3,raw
data/raw/CODEFEST/F3_Dinamicas_Territoriales/CEEEP/articulos/revista/CEEEP_issue12-76-la-rinconada-zona-de-amenazas-y-desafios-para-la-seguridad-nacional.json,.json,2.8,raw
data/raw/CODEFEST/F3_Dinamicas_Territoriales/CEEEP/articulos/revista/CEEEP_issue5-29-ciberdefensa-los-desafios-del-mundo-virtual.json,.json,1.4,raw
data/raw/CODEFEST/F3_Dinamicas_Territoriales/CEEEP/articulos/revista/CEEEP_issue10-67-desafios-de-la-inteligencia-militar-en-la-lucha-contra-el-terrorismo-e.json,.json,2.3,raw
data/raw/CODEFEST/F3_Dinamicas_Territoriales/CEEEP/articulos/revista/CEEEP_issue14-97-modelo-de-planeamiento-militar-bilateral-para-la-cooperacion-en-seguri.json,.json,1.6,raw
data/raw/CODEFEST/F3_Dinamicas_Territoriales/CEEEP/articulos/revista/CEEEP_issue14-95-corio-y-el-tablero-geopolitico-del-pacifico-sur-en-escenarios-de-compe.json,.json,2.4,raw
data/raw/CODEFEST/F3_Dinamicas_Territoriales/CEEEP/articulos/revista/CEEEP_issue11-74-radicalizacion-ideologica-crimen-organizado-y-seguridad-nacional-la-in.json,.json,1.7,raw
data/raw/CODEFEST/F3_Dinamicas_Territoriales/CEEEP/articulos/revista/CEEEP_issue5-25-la-antartida-importancia-geopolitica-y-economica.json,.json,1.3,raw
data/raw/CODEFEST/F3_Dinamicas_Territoriales/CEEEP/articulos/revista/CEEEP_issue5-26-el-valor-de-la-inteligencia-y-el-desarrollo-del-poder-militar-en-el-es.json,.json,1.2,raw
data/raw/CODEFEST/F3_Dinamicas_Territoriales/CEEEP/articulos/revista/CEEEP_issue10-66-inteligencia-artificial-y-desinformacion-papel-en-los-conflictos-del-s.json,.json,1.5,raw
data/raw/CODEFEST/F3_Dinamicas_Territoriales/CEEEP/articulos/revista/CEEEP_issue9-59-el-alto-huallaga-un-caso-de-exito.json,.json,1.9,raw
data/raw/CODEFEST/F3_Dinamicas_Territoriales/CEEEP/articulos/revista/CEEEP_issue13-86-analisis-de-la-participacion-de-las-fuerzas-armadas-en-el-desarrollo-s.json,.json,1.6,raw
data/raw/CODEFEST/F3_Dinamicas_Territoriales/CEEEP/articulos/revista/CEEEP_issue3-14-crimen-organizado-transnacional-en-la-triple-frontera-entre-brasil-col.json,.json,1.1,raw
data/raw/CODEFEST/F3_Dinamicas_Territoriales/CEEEP/articulos/revista/CEEEP_issue12-75-las-fuerzas-armadas-en-el-control-del-orden-interno-y-en-el-apoyo-a-la.json,.json,1.9,raw
data/raw/CODEFEST/F3_Dinamicas_Territoriales/CEEEP/articulos/revista/CEEEP_issue7-43-reanudacion-de-las-relaciones-de-iran-con-algunos-paises-de-america-la.json,.json,1.1,raw
data/raw/CODEFEST/F3_Dinamicas_Territoriales/CEEEP/articulos/revista/CEEEP_issue8-47-preparacion-de-la-politica-nacional-multisectorial-de-seguridad-y-defe.json,.json,1.9,raw
data/raw/CODEFEST/F3_Dinamicas_Territoriales/CEEEP/articulos/revista/CEEEP_issue8-51-seguridad-nacional-relaciones-internacionales-y-bienestar-social-en-la.json,.json,1.4,raw
data/raw/CODEFEST/F3_Dinamicas_Territoriales/CEEEP/articulos/revista/CEEEP_issue8-48-destruccion-de-la-seguridad-hidrica-y-mineria-en-el-sur-del-peru-un-at.json,.json,2.7,raw
data/raw/CODEFEST/F3_Dinamicas_Territoriales/CEEEP/articulos/revista/CEEEP_issue11-69-la-triada-de-la-guerra-de-clausewitz-un-modelo-en-evolucion-para-el-an.json,.json,2.0,raw
data/raw/CODEFEST/F3_Dinamicas_Territoriales/CEEEP/articulos/revista/CEEEP_issue4-22-importancia-del-desarrollo-de-la-resiliencia-en-el-personal-militar.json,.json,1.4,raw
data/raw/CODEFEST/F3_Dinamicas_Territoriales/CEEEP/articulos/revista/CEEEP_issue3-18-reflexion-sobre-el-futuro-de-la-transformacion-militar.json,.json,1.3,raw
data/raw/CODEFEST/F3_Dinamicas_Territoriales/CEEEP/articulos/revista/CEEEP_issue3-15-grupos-armados-organizados-residuales-y-amenazas-transfronterizas-en-e.json,.json,1.3,raw
data/raw/CODEFEST/F3_Dinamicas_Territoriales/CEEEP/articulos/revista/CEEEP_issue10-65-espana-perdida-militar-disuasoria-ante-marruecos.json,.json,1.3,raw
data/raw/CODEFEST/F3_Dinamicas_Territoriales/CEEEP/articulos/revista/CEEEP_issue4-23-influencia-de-las-reformas-francesa-y-estadounidense-en-la-cultura-org.json,.json,1.3,raw
data/raw/CODEFEST/F3_Dinamicas_Territoriales/CEEEP/articulos/revista/CEEEP_issue13-82-mineria-seguridad-nacional-y-gobernabilidad-amenazas-y-riesgos-estrate.json,.json,1.7,raw
data/raw/CODEFEST/F3_Dinamicas_Territoriales/CEEEP/articulos/revista/CEEEP_issue9-61-seguridad-en-las-redes-sociales-navegando-con-conciencia-cibernetica-y.json,.json,1.5,raw
data/raw/CODEFEST/F3_Dinamicas_Territoriales/CEEEP/articulos/revista/CEEEP_issue4-11-la-transformacion-digital-aplicada-en-el-ejercito-brasileno-y-en-el-te.json,.json,1.5,raw
data/raw/CODEFEST/F3_Dinamicas_Territoriales/CEEEP/articulos/revista/CEEEP_issue12-80-la-exo-criminalidad-de-riesgo-un-desafio-emergente-a-la-seguridad-de-l.json,.json,1.6,raw
data/raw/CODEFEST/F3_Dinamicas_Territoriales/CEEEP/articulos/revista/CEEEP_issue10-64-la-experiencia-make-in-india-para-impulsar-el-desarrollo-y-la-autosufi.json,.json,1.7,raw
data/raw/CODEFEST/F3_Dinamicas_Territoriales/CEEEP/articulos/revista/CEEEP_issue6-32-el-desarrollo-tecnologico-en-el-ejercito-del-peru-una-perspectiva-estr.json,.json,1.4,raw
data/raw/CODEFEST/F3_Dinamicas_Territoriales/CEEEP/articulos/revista/CEEEP_issue5-28-megapuerto-de-chancay-repercusiones-en-el-comercio-sudamericano-e-impa.json,.json,1.5,raw
data/raw/CODEFEST/F3_Dinamicas_Territoriales/CEEEP/articulos/revista/CEEEP_issue13-83-informalidad-corrupcion-e-impunidad-como-amenazas-estructurales-a-la-s.json,.json,1.9,raw
data/raw/CODEFEST/F3_Dinamicas_Territoriales/CEEEP/articulos/revista/CEEEP_issue11-73-evolucion-de-la-seguridad-y-la-defensa-nacional-del-peru-en-interaccio.json,.json,1.3,raw
data/raw/CODEFEST/F3_Dinamicas_Territoriales/CEEEP/articulos/revista/CEEEP_issue3-17-armas-autonomas-letales-medios-de-defensa-y-ataque.json,.json,1.0,raw
data/raw/CODEFEST/F3_Dinamicas_Territoriales/CEEEP/articulos/revista/CEEEP_issue4-20-armamentizacion-de-la-interdependencia-en-chips-entre-estados-unidos-y.json,.json,1.2,raw
data/raw/CODEFEST/F3_Dinamicas_Territoriales/CEEEP/articulos/revista/CEEEP_issue6-36-la-estrategia-de-la-7ma-brigada-de-infanteria-en-lambayeque-frente-a-l.json,.json,1.6,raw
data/raw/CODEFEST/F3_Dinamicas_Territoriales/CEEEP/articulos/revista/CEEEP_issue13-81-el-papel-de-las-potencias-mundiales-en-el-conflicto-armado-palestino-i.json,.json,1.5,raw
data/raw/CODEFEST/F3_Dinamicas_Territoriales/CEEEP/articulos/revista/CEEEP_issue2-7-el-conflicto-en-ucrania-guerra-hibrida-e-intervencion-militar-convenci.json,.json,1.5,raw
data/raw/CODEFEST/F3_Dinamicas_Territoriales/CEEEP/articulos/revista/CEEEP_issue9-57-la-inseguridad-es-lo-que-los-estados-hacen-de-ella-la-seguritizacion-d.json,.json,1.8,raw
data/raw/CODEFEST/F3_Dinamicas_Territoriales/CEEEP/articulos/revista/CEEEP_issue5-30-la-nueva-configuracion-del-poder-mundial-china-e-india-conflictos-y-co.json,.json,1.1,raw
data/raw/CODEFEST/F3_Dinamicas_Territoriales/CEEEP/articulos/revista/CEEEP_issue7-44-cultura-organizacional-elemento-esencial-en-el-proceso-de-transformaci.json,.json,2.1,raw
data/raw/CODEFEST/F3_Dinamicas_Territoriales/CEEEP/articulos/revista/CEEEP_issue7-40-modelos-comparados-de-contrainsurgencia-tradiciones-britanicas-y-franc.json,.json,1.4,raw
data/raw/CODEFEST/F3_Dinamicas_Territoriales/CEEEP/articulos/revista/CEEEP_issue11-71-orden-interno-definiendo-el-apoyo-de-las-fuerzas-armadas-a-la-policia.json,.json,1.7,raw
data/raw/CODEFEST/F3_Dinamicas_Territoriales/CEEEP/articulos/revista/CEEEP_issue14-101-las-fuerzas-especiales-y-su-empleo-en-las-operaciones-de-informacion.json,.json,1.3,raw
data/raw/CODEFEST/F3_Dinamicas_Territoriales/CEEEP/articulos/revista/CEEEP_issue2-9-cultura-organizacional-y-liderazgo-en-el-ejercito.json,.json,1.5,raw
data/raw/CODEFEST/F3_Dinamicas_Territoriales/CEEEP/articulos/revista/CEEEP_issue2-10-el-valioso-aporte-de-la-mujer-al-ejercito-del-peru.json,.json,1.6,raw
data/raw/CODEFEST/F3_Dinamicas_Territoriales/CEEEP/articulos/revista/CEEEP_issue13-84-geopolitica-del-siglo-xxi-y-el-peru-en-el-nuevo-orden-mundial.json,.json,1.8,raw
data/raw/CODEFEST/F3_Dinamicas_Territoriales/CEEEP/articulos/revista/CEEEP_issue10-55-las-consecuencias-que-se-derivan-de-la-consolidacion-del-eje-beijing-m.json,.json,1.6,raw
data/raw/CODEFEST/F3_Dinamicas_Territoriales/CEEEP/articulos/revista/CEEEP_issue4-21-el-papel-estrategico-de-america-latina-en-un-conflicto-global-por-taiw.json,.json,1.2,raw
data/raw/CODEFEST/F3_Dinamicas_Territoriales/CEEEP/articulos/revista/CEEEP_issue5-27-empleo-del-poder-militar-flexibilidad-y-alcance-de-las-capacidades-no.json,.json,1.1,raw
data/raw/CODEFEST/F3_Dinamicas_Territoriales/CEEEP/articulos/revista/CEEEP_issue6-37-importancia-de-las-operaciones-logisticas-del-ejercito-nacional-de-col.json,.json,2.0,raw
data/raw/CODEFEST/F3_Dinamicas_Territoriales/CEEEP/articulos/revista/CEEEP_issue13-85-tres-anos-de-guerra-en-ucrania-y-la-transformacion-del-caracter-belico.json,.json,1.3,raw
data/raw/CODEFEST/F3_Dinamicas_Territoriales/CEEEP/articulos/revista/CEEEP_issue12-78-inteligencia-artificial-generativa-un-analisis-prospectivo-de-sus-impl.json,.json,2.3,raw
data/raw/CODEFEST/F3_Dinamicas_Territoriales/CEEEP/articulos/revista/CEEEP_issue14-102-mas-alla-de-la-gestion-el-pensamiento-estrategico-como-etica-de-conduc.json,.json,1.9,raw
data/raw/CODEFEST/F3_Dinamicas_Territoriales/CEEEP/articulos/revista/CEEEP_issue9-60-consecuencias-transnacionales-del-proceso-de-paz-colombia-farc.json,.json,1.3,raw
data/raw/CODEFEST/F3_Dinamicas_Territoriales/CEEEP/articulos/revista/CEEEP_issue12-79-hacia-la-conquista-del-espacio-retos-y-perspectivas-de-la-politica-aer.json,.json,1.4,raw
data/raw/CODEFEST/F3_Dinamicas_Territoriales/CEEEP/articulos/revista/CEEEP_issue2-8-liderazgo-estrategico-en-el-ejercito-roles-y-competencias-esenciales.json,.json,1.2,raw
data/raw/CODEFEST/F3_Dinamicas_Territoriales/CEEEP/articulos/revista/CEEEP_issue2-6-redes-sociales-geopolitica-y-poder.json,.json,1.3,raw
data/raw/CODEFEST/F3_Dinamicas_Territoriales/CEEEP/articulos/revista/CEEEP_issue10-68-la-organizacion-del-tratado-de-cooperacion-amazonica-como-herramienta.json,.json,1.6,raw
data/raw/CODEFEST/F3_Dinamicas_Territoriales/CEEEP/articulos/revista/CEEEP_issue14-96-ciudadania-en-el-peru-como-problema-publico-y-politica-nacional-multis.json,.json,1.8,raw
data/raw/CODEFEST/F3_Dinamicas_Territoriales/CEEEP/articulos/revista/CEEEP_issue4-19-cambio-climatico-relacion-intrinseca-con-la-seguridad-y-la-defensa.json,.json,1.2,raw
data/raw/CODEFEST/F3_Dinamicas_Territoriales/CEEEP/articulos/revista/CEEEP_issue8-49-trazando-estrategias-desafios-y-reflexiones-sobre-el-narcotrafico-y-el.json,.json,1.5,raw
data/raw/CODEFEST/F3_Dinamicas_Territoriales/CEEEP/articulos/revista/CEEEP_issue8-50-presencia-y-aceptacion-de-los-movimientos-regionales-en-el-sur-del-pai.json,.json,1.5,raw
data/raw/CODEFEST/F3_Dinamicas_Territoriales/CEEEP/articulos/revista/CEEEP_issue11-70-el-sector-espacial-peruano-en-la-disrupcion-del-new-space-cuales-son-l.json,.json,1.7,raw
data/raw/CODEFEST/F3_Dinamicas_Territoriales/CEEEP/articulos/revista/CEEEP_issue12-77-perspectivas-geopoliticas-en-siria-posterior-a-la-caida-de-bashar-al-a.json,.json,1.5,raw
data/raw/CODEFEST/F3_Dinamicas_Territoriales/CEEEP/articulos/revista/CEEEP_issue6-34-sectores-estrategicos-imprecision-conceptual-y-debates-sobre-el-papel.json,.json,1.6,raw
data/raw/CODEFEST/F3_Dinamicas_Territoriales/CEEEP/articulos/revista/CEEEP_issue7-41-tareas-y-retos-futuros-para-el-ejercito-nacional-una-mirada-holistica.json,.json,1.5,raw
data/raw/CODEFEST/F3_Dinamicas_Territoriales/CEEEP/articulos/revista/CEEEP_issue6-35-la-mistica-y-el-liderazgo-militar-como-parte-del-proceso-de-transforma.json,.json,2.2,raw
data/raw/CODEFEST/F3_Dinamicas_Territoriales/CEEEP/articulos/revista/CEEEP_issue6-33-la-inteligencia-artificial-en-el-ambito-militar-una-herramienta-releva.json,.json,1.1,raw
data/raw/CODEFEST/F3_Dinamicas_Territoriales/CEEEP/articulos/revista/CEEEP_issue9-56-argentina-retos-de-seguridad-y-respuesta-del-gobierno.json,.json,2.7,raw
data/raw/CODEFEST/F3_Dinamicas_Territoriales/CEEEP/articulos/revista/CEEEP_issue14-98-las-operaciones-chavin-de-huantar-y-cerco-hitos-de-la-victoria-militar.json,.json,2.1,raw
data/raw/CODEFEST/F3_Dinamicas_Territoriales/CEEEP/articulos/revista/CEEEP_issue3-16-una-mirada-preliminar-desde-washington-al-nuevo-rumbo-de-colombia-y-a.json,.json,1.3,raw
data/raw/CODEFEST/F3_Dinamicas_Territoriales/CEEEP/articulos/revista/CEEEP_issue14-99-la-filosofia-militar-y-el-poder-moral-del-ejercito-como-ejes-de-la-rei.json,.json,2.0,raw
data/raw/CODEFEST/F3_Dinamicas_Territoriales/CEEEP/articulos/revista/CEEEP_issue8-52-evolucion-del-conflicto-militar-contraofensiva-en-ucrania.json,.json,1.1,raw
data/raw/CODEFEST/F3_Dinamicas_Territoriales/CEEEP/articulos/revista/CEEEP_issue14-100-implementacion-de-la-gestion-por-procesos-y-su-relacion-con-la-calidad.json,.json,1.8,raw
data/raw/CODEFEST/F3_Dinamicas_Territoriales/CEEEP/articulos/revista/CEEEP_issue2-5-el-avance-digital-de-china-en-america-latina.json,.json,1.4,raw
data/raw/CODEFEST/F3_Dinamicas_Territoriales/CEEEP/articulos/revista/CEEEP_issue7-45-la-naturaleza-de-las-amenazas-en-la-panamazonia.json,.json,1.8,raw
data/raw/CODEFEST/F3_Dinamicas_Territoriales/MAPP_OEA/oea/mapp_oea_informes/MAPPOEA_mapp-catalog.csv,.csv,14.9,raw
data/raw/CODEFEST/F3_Dinamicas_Territoriales/MAPP_OEA/oea/mapp_oea_informes/MAPPOEA_mapp-catalog.json,.json,28.1,raw
data/raw/CODEFEST/F3_Dinamicas_Territoriales/MAPP_OEA/oea/mapp_oea_informes/eng/MAPPOEA_37informesemestralmappoeaeng.pdf,.pdf,528.1,raw
data/raw/CODEFEST/F3_Dinamicas_Territoriales/MAPP_OEA/oea/mapp_oea_informes/eng/MAPPOEA_cp51877ecp-1.pdf,.pdf,936.4,raw
data/raw/CODEFEST/F3_Dinamicas_Territoriales/MAPP_OEA/pdfs/2021/MAPPOEA_xxx-informe-semestral.pdf,.pdf,964.8,raw
data/raw/CODEFEST/F3_Dinamicas_Territoriales/MAPP_OEA/pdfs/2013/MAPPOEA_2013-plan-de-choque-para-la-restitucion-y-formalizacion-de-tierras-en-col.-compressed.pdf,.pdf,1323.3,raw
data/raw/CODEFEST/F3_Dinamicas_Territoriales/MAPP_OEA/pdfs/2013/MAPPOEA_2013-la-restitucion-de-tierras-en-la-ley-975-de-2005-compressed-1.pdf,.pdf,2515.2,raw
data/raw/CODEFEST/F3_Dinamicas_Territoriales/MAPP_OEA/pdfs/2019/MAPPOEA_xxvi-informe-semestral-mappoea.pdf,.pdf,415.0,raw
data/raw/CODEFEST/F3_Dinamicas_Territoriales/MAPP_OEA/pdfs/2019/MAPPOEA_xxvii-informe-semestral-espanol.pdf,.pdf,698.7,raw
data/raw/CODEFEST/F3_Dinamicas_Territoriales/MAPP_OEA/pdfs/2019/MAPPOEA_xxv-informe-semestral-version-oficial-cp40544s03.pdf,.pdf,895.1,raw
data/raw/CODEFEST/F3_Dinamicas_Territoriales/MAPP_OEA/pdfs/2014/MAPPOEA_2014-conversatorios-sobre-restitucion-de-tierras-y-territorios-compressed.pdf,.pdf,3700.6,raw
data/raw/CODEFEST/F3_Dinamicas_Territoriales/MAPP_OEA/pdfs/2026/MAPPOEA_informe-periodico-40-esp-1-1.pdf,.pdf,504.7,raw
data/raw/CODEFEST/F3_Dinamicas_Territoriales/MAPP_OEA/pdfs/2022/MAPPOEA_informe-semestral-xxxii-mappoea.pdf,.pdf,560.8,raw
data/raw/CODEFEST/F3_Dinamicas_Territoriales/MAPP_OEA/pdfs/2022/MAPPOEA_xxxi-informe-semestral-mappoea.pdf,.pdf,551.6,raw
data/raw/CODEFEST/F3_Dinamicas_Territoriales/MAPP_OEA/pdfs/2022/MAPPOEA_informe-semestral-xxxiii-mappoea.pdf,.pdf,514.5,raw
data/raw/CODEFEST/F3_Dinamicas_Territoriales/MAPP_OEA/pdfs/2010/MAPPOEA_2010-acompanando-una-oportunidad-para-la-paz.pdf,.pdf,7042.9,raw
data/raw/CODEFEST/F3_Dinamicas_Territoriales/MAPP_OEA/pdfs/2025/MAPPOEA_desafios-de-gestion-del-conocimiento-para-la-construccion-de-paz-af.pdf,.pdf,7339.6,raw
data/raw/CODEFEST/F3_Dinamicas_Territoriales/MAPP_OEA/pdfs/2025/MAPPOEA_cp51877scp-1.pdf,.pdf,496.2,raw
data/raw/CODEFEST/F3_Dinamicas_Territoriales/MAPP_OEA/pdfs/2025/MAPPOEA_cp-informe-mappoea-39-esp.pdf,.pdf,608.2,raw
data/raw/CODEFEST/F3_Dinamicas_Territoriales/MAPP_OEA/pdfs/2025/MAPPOEA_37informesemestralmappoeaesp.pdf,.pdf,802.7,raw
data/raw/CODEFEST/F3_Dinamicas_Territoriales/MAPP_OEA/pdfs/2020/MAPPOEA_manual-para-la-participacion-de-las-victimas-ante-la-jep-version-corta.pdf,.pdf,906.8,raw
data/raw/CODEFEST/F3_Dinamicas_Territoriales/MAPP_OEA/pdfs/2020/MAPPOEA_xxviii-informe-semestral-espanol.pdf,.pdf,528.6,raw
data/raw/CODEFEST/F3_Dinamicas_Territoriales/MAPP_OEA/pdfs/2020/MAPPOEA_xxix-informe-semestral.pdf,.pdf,625.3,raw
data/raw/CODEFEST/F3_Dinamicas_Territoriales/MAPP_OEA/pdfs/2018/MAPPOEA_xxiii-informe-esp.pdf,.pdf,382.1,raw
data/raw/CODEFEST/F3_Dinamicas_Territoriales/MAPP_OEA/pdfs/2012/MAPPOEA_2012-ddr-intervenciones-especificas-para-las-mujeres-2009-2010.pdf,.pdf,384.5,raw
data/raw/CODEFEST/F3_Dinamicas_Territoriales/MAPP_OEA/pdfs/2016/MAPPOEA_2016-la-prueba-social-y-de-contexto.pdf,.pdf,5263.2,raw
data/raw/CODEFEST/F3_Dinamicas_Territoriales/MAPP_OEA/pdfs/2024/MAPPOEA_informe-semestral-36-mappoea-1.pdf,.pdf,405.1,raw
data/raw/CODEFEST/F3_Dinamicas_Territoriales/MAPP_OEA/pdfs/2008/MAPPOEA_2008-las-madres-de-la-candelaria.pdf,.pdf,2022.3,raw
data/raw/CODEFEST/F3_Dinamicas_Territoriales/MAPP_OEA/pdfs/2008/MAPPOEA_2008-la-memoria-como-forma-de-resistencia-de-los-arhuacos.pdf,.pdf,6478.9,raw
data/raw/CODEFEST/F3_Dinamicas_Territoriales/MAPP_OEA/pdfs/2008/MAPPOEA_2008-una-experiencia-de-justicia-comunitaria-conciliemos.pdf,.pdf,3034.2,raw
data/raw/CODEFEST/F3_Dinamicas_Territoriales/MAPP_OEA/pdfs/2023/MAPPOEA_revista-mappoea-15-anos-hechos-de-paz-1pag-1.pdf,.pdf,16042.1,raw
data/raw/CODEFEST/F3_Dinamicas_Territoriales/MAPP_OEA/pdfs/2023/MAPPOEA_informe-mappoea-35.pdf,.pdf,496.0,raw
data/raw/CODEFEST/F3_Dinamicas_Territoriales/MAPP_OEA/pdfs/2023/MAPPOEA_informe-xxxiv-esp-1.pdf,.pdf,1189.6,raw
data/raw/CODEFEST/F3_Dinamicas_Territoriales/MAPP_OEA/pdfs/2011/MAPPOEA_2011-diagnostico-de-justicia-y-paz-en-el-marco-de-la-justicia-transicional-en-col.-1.pdf,.pdf,3740.2,raw
data/raw/CODEFEST/F3_Dinamicas_Territoriales/MAPP_OEA/pdfs/2011/MAPPOEA_2011-identidad-e-imagenes.-sabaletas-un-pueblo-con-memoria-1-compressed.pdf,.pdf,7890.0,raw
data/raw/CODEFEST/F3_Dinamicas_Territoriales/Amazon_Underworld/tiles/4/4/AMAZONUW_7.pbf,.pbf,194.0,raw
data/raw/CODEFEST/F3_Dinamicas_Territoriales/Amazon_Underworld/tiles/4/4/AMAZONUW_8.pbf,.pbf,478.6,raw
data/raw/CODEFEST/F3_Dinamicas_Territoriales/Amazon_Underworld/tiles/4/6/AMAZONUW_8.pbf,.pbf,70.6,raw
data/raw/CODEFEST/F3_Dinamicas_Territoriales/Amazon_Underworld/tiles/4/5/AMAZONUW_7.pbf,.pbf,142.5,raw
data/raw/CODEFEST/F3_Dinamicas_Territoriales/Amazon_Underworld/tiles/4/5/AMAZONUW_8.pbf,.pbf,1029.1,raw
data/raw/CODEFEST/F3_Dinamicas_Territoriales/Amazon_Underworld/tiles/3/3/AMAZONUW_4.pbf,.pbf,64.4,raw
data/raw/CODEFEST/F3_Dinamicas_Territoriales/Amazon_Underworld/tiles/3/2/AMAZONUW_3.pbf,.pbf,213.0,raw
data/raw/CODEFEST/F3_Dinamicas_Territoriales/Amazon_Underworld/tiles/3/2/AMAZONUW_4.pbf,.pbf,939.1,raw
data/raw/CODEFEST/F3_Dinamicas_Territoriales/Amazon_Underworld/tiles/5/12/AMAZONUW_17.pbf,.pbf,5.8,raw
data/raw/CODEFEST/F3_Dinamicas_Territoriales/Amazon_Underworld/tiles/5/12/AMAZONUW_16.pbf,.pbf,65.6,raw
data/raw/CODEFEST/F3_Dinamicas_Territoriales/Amazon_Underworld/tiles/5/8/AMAZONUW_15.pbf,.pbf,1.8,raw
data/raw/CODEFEST/F3_Dinamicas_Territoriales/Amazon_Underworld/tiles/5/8/AMAZONUW_16.pbf,.pbf,98.2,raw
data/raw/CODEFEST/F3_Dinamicas_Territoriales/Amazon_Underworld/tiles/5/11/AMAZONUW_15.pbf,.pbf,47.1,raw
data/raw/CODEFEST/F3_Dinamicas_Territoriales/Amazon_Underworld/tiles/5/11/AMAZONUW_17.pbf,.pbf,342.1,raw
data/raw/CODEFEST/F3_Dinamicas_Territoriales/Amazon_Underworld/tiles/5/11/AMAZONUW_16.pbf,.pbf,445.1,raw
data/raw/CODEFEST/F3_Dinamicas_Territoriales/Amazon_Underworld/tiles/5/9/AMAZONUW_17.pbf,.pbf,252.1,raw
data/raw/CODEFEST/F3_Dinamicas_Territoriales/Amazon_Underworld/tiles/5/9/AMAZONUW_16.pbf,.pbf,525.0,raw
data/raw/CODEFEST/F3_Dinamicas_Territoriales/Amazon_Underworld/tiles/5/9/AMAZONUW_15.pbf,.pbf,329.8,raw
data/raw/CODEFEST/F3_Dinamicas_Territoriales/Amazon_Underworld/tiles/5/10/AMAZONUW_16.pbf,.pbf,234.1,raw
data/raw/CODEFEST/F3_Dinamicas_Territoriales/Amazon_Underworld/tiles/5/10/AMAZONUW_17.pbf,.pbf,323.9,raw
data/raw/CODEFEST/F3_Dinamicas_Territoriales/Amazon_Underworld/tiles/5/10/AMAZONUW_15.pbf,.pbf,132.1,raw
data/raw/CODEFEST/F3_Dinamicas_Territoriales/Amazon_Underworld/tiles/6/18/AMAZONUW_31.pbf,.pbf,324.9,raw
data/raw/CODEFEST/F3_Dinamicas_Territoriales/Amazon_Underworld/tiles/6/18/AMAZONUW_30.pbf,.pbf,306.9,raw
data/raw/CODEFEST/F3_Dinamicas_Territoriales/Amazon_Underworld/tiles/6/18/AMAZONUW_33.pbf,.pbf,504.7,raw
data/raw/CODEFEST/F3_Dinamicas_Territoriales/Amazon_Underworld/tiles/6/18/AMAZONUW_34.pbf,.pbf,244.0,raw
data/raw/CODEFEST/F3_Dinamicas_Territoriales/Amazon_Underworld/tiles/6/18/AMAZONUW_35.pbf,.pbf,225.2,raw
data/raw/CODEFEST/F3_Dinamicas_Territoriales/Amazon_Underworld/tiles/6/18/AMAZONUW_32.pbf,.pbf,502.2,raw
data/raw/CODEFEST/F3_Dinamicas_Territoriales/Amazon_Underworld/tiles/6/20/AMAZONUW_34.pbf,.pbf,317.7,raw
data/raw/CODEFEST/F3_Dinamicas_Territoriales/Amazon_Underworld/tiles/6/20/AMAZONUW_33.pbf,.pbf,226.1,raw
data/raw/CODEFEST/F3_Dinamicas_Territoriales/Amazon_Underworld/tiles/6/20/AMAZONUW_32.pbf,.pbf,221.3,raw
data/raw/CODEFEST/F3_Dinamicas_Territoriales/Amazon_Underworld/tiles/6/20/AMAZONUW_35.pbf,.pbf,304.8,raw
data/raw/CODEFEST/F3_Dinamicas_Territoriales/Amazon_Underworld/tiles/6/20/AMAZONUW_31.pbf,.pbf,131.4,raw
data/raw/CODEFEST/F3_Dinamicas_Territoriales/Amazon_Underworld/tiles/6/20/AMAZONUW_30.pbf,.pbf,128.6,raw
data/raw/CODEFEST/F3_Dinamicas_Territoriales/Amazon_Underworld/tiles/6/23/AMAZONUW_35.pbf,.pbf,323.4,raw
data/raw/CODEFEST/F3_Dinamicas_Territoriales/Amazon_Underworld/tiles/6/23/AMAZONUW_32.pbf,.pbf,429.2,raw
data/raw/CODEFEST/F3_Dinamicas_Territoriales/Amazon_Underworld/tiles/6/23/AMAZONUW_33.pbf,.pbf,438.8,raw
data/raw/CODEFEST/F3_Dinamicas_Territoriales/Amazon_Underworld/tiles/6/23/AMAZONUW_34.pbf,.pbf,335.1,raw
data/raw/CODEFEST/F3_Dinamicas_Territoriales/Amazon_Underworld/tiles/6/23/AMAZONUW_30.pbf,.pbf,44.2,raw
data/raw/CODEFEST/F3_Dinamicas_Territoriales/Amazon_Underworld/tiles/6/23/AMAZONUW_31.pbf,.pbf,47.0,raw
data/raw/CODEFEST/F3_Dinamicas_Territoriales/Amazon_Underworld/tiles/6/24/AMAZONUW_33.pbf,.pbf,65.7,raw
data/raw/CODEFEST/F3_Dinamicas_Territoriales/Amazon_Underworld/tiles/6/24/AMAZONUW_34.pbf,.pbf,5.8,raw
data/raw/CODEFEST/F3_Dinamicas_Territoriales/Amazon_Underworld/tiles/6/24/AMAZONUW_35.pbf,.pbf,5.7,raw
data/raw/CODEFEST/F3_Dinamicas_Territoriales/Amazon_Underworld/tiles/6/24/AMAZONUW_32.pbf,.pbf,65.5,raw
data/raw/CODEFEST/F3_Dinamicas_Territoriales/Amazon_Underworld/tiles/6/16/AMAZONUW_30.pbf,.pbf,0.7,raw
data/raw/CODEFEST/F3_Dinamicas_Territoriales/Amazon_Underworld/tiles/6/16/AMAZONUW_31.pbf,.pbf,1.0,raw
data/raw/CODEFEST/F3_Dinamicas_Territoriales/Amazon_Underworld/tiles/6/16/AMAZONUW_32.pbf,.pbf,66.5,raw
data/raw/CODEFEST/F3_Dinamicas_Territoriales/Amazon_Underworld/tiles/6/16/AMAZONUW_33.pbf,.pbf,66.1,raw
data/raw/CODEFEST/F3_Dinamicas_Territoriales/Amazon_Underworld/tiles/6/19/AMAZONUW_31.pbf,.pbf,329.2,raw
data/raw/CODEFEST/F3_Dinamicas_Territoriales/Amazon_Underworld/tiles/6/19/AMAZONUW_30.pbf,.pbf,311.5,raw
data/raw/CODEFEST/F3_Dinamicas_Territoriales/Amazon_Underworld/tiles/6/19/AMAZONUW_33.pbf,.pbf,486.0,raw
data/raw/CODEFEST/F3_Dinamicas_Territoriales/Amazon_Underworld/tiles/6/19/AMAZONUW_34.pbf,.pbf,252.2,raw
data/raw/CODEFEST/F3_Dinamicas_Territoriales/Amazon_Underworld/tiles/6/19/AMAZONUW_35.pbf,.pbf,232.5,raw
data/raw/CODEFEST/F3_Dinamicas_Territoriales/Amazon_Underworld/tiles/6/19/AMAZONUW_32.pbf,.pbf,483.1,raw
data/raw/CODEFEST/F3_Dinamicas_Territoriales/Amazon_Underworld/tiles/6/21/AMAZONUW_34.pbf,.pbf,315.6,raw
data/raw/CODEFEST/F3_Dinamicas_Territoriales/Amazon_Underworld/tiles/6/21/AMAZONUW_33.pbf,.pbf,227.2,raw
data/raw/CODEFEST/F3_Dinamicas_Territoriales/Amazon_Underworld/tiles/6/21/AMAZONUW_32.pbf,.pbf,222.5,raw
data/raw/CODEFEST/F3_Dinamicas_Territoriales/Amazon_Underworld/tiles/6/21/AMAZONUW_35.pbf,.pbf,304.4,raw
data/raw/CODEFEST/F3_Dinamicas_Territoriales/Amazon_Underworld/tiles/6/21/AMAZONUW_31.pbf,.pbf,124.0,raw
data/raw/CODEFEST/F3_Dinamicas_Territoriales/Amazon_Underworld/tiles/6/21/AMAZONUW_30.pbf,.pbf,121.1,raw
data/raw/CODEFEST/F3_Dinamicas_Territoriales/Amazon_Underworld/tiles/6/25/AMAZONUW_33.pbf,.pbf,56.0,raw
data/raw/CODEFEST/F3_Dinamicas_Territoriales/Amazon_Underworld/tiles/6/25/AMAZONUW_34.pbf,.pbf,4.4,raw
data/raw/CODEFEST/F3_Dinamicas_Territoriales/Amazon_Underworld/tiles/6/25/AMAZONUW_35.pbf,.pbf,4.3,raw
data/raw/CODEFEST/F3_Dinamicas_Territoriales/Amazon_Underworld/tiles/6/25/AMAZONUW_32.pbf,.pbf,55.9,raw
data/raw/CODEFEST/F3_Dinamicas_Territoriales/Amazon_Underworld/tiles/6/17/AMAZONUW_30.pbf,.pbf,1.3,raw
data/raw/CODEFEST/F3_Dinamicas_Territoriales/Amazon_Underworld/tiles/6/17/AMAZONUW_31.pbf,.pbf,1.8,raw
data/raw/CODEFEST/F3_Dinamicas_Territoriales/Amazon_Underworld/tiles/6/17/AMAZONUW_32.pbf,.pbf,98.2,raw
data/raw/CODEFEST/F3_Dinamicas_Territoriales/Amazon_Underworld/tiles/6/17/AMAZONUW_33.pbf,.pbf,97.6,raw
data/raw/CODEFEST/F3_Dinamicas_Territoriales/Amazon_Underworld/tiles/6/22/AMAZONUW_32.pbf,.pbf,421.1,raw
data/raw/CODEFEST/F3_Dinamicas_Territoriales/Amazon_Underworld/tiles/6/22/AMAZONUW_35.pbf,.pbf,329.0,raw
data/raw/CODEFEST/F3_Dinamicas_Territoriales/Amazon_Underworld/tiles/6/22/AMAZONUW_34.pbf,.pbf,340.8,raw
data/raw/CODEFEST/F3_Dinamicas_Territoriales/Amazon_Underworld/tiles/6/22/AMAZONUW_33.pbf,.pbf,430.5,raw
data/raw/CODEFEST/F3_Dinamicas_Territoriales/Amazon_Underworld/tiles/6/22/AMAZONUW_30.pbf,.pbf,44.3,raw
data/raw/CODEFEST/F3_Dinamicas_Territoriales/Amazon_Underworld/tiles/6/22/AMAZONUW_31.pbf,.pbf,47.1,raw
data/raw/CODEFEST/F3_Dinamicas_Territoriales/CEOBS/articulos/CEOBS_01.json,.json,1.3,raw
data/raw/CODEFEST/F3_Dinamicas_Territoriales/CEOBS/articulos/CEOBS_2025-11-27-monitoring-sudans-artisanal-and-small-scale-gold-mining-from-space.json,.json,26.2,raw
data/raw/CODEFEST/F3_Dinamicas_Territoriales/CEOBS/articulos/CEOBS_2026-03-27-iran-war-environmental-risk-overview-as-of-27th-march.json,.json,15.5,raw
data/raw/CODEFEST/F3_Dinamicas_Territoriales/CEOBS/articulos/CEOBS_21.json,.json,1.3,raw
data/raw/CODEFEST/F3_Dinamicas_Territoriales/CEOBS/articulos/CEOBS_10.json,.json,1.3,raw
data/raw/CODEFEST/F3_Dinamicas_Territoriales/CEOBS/articulos/CEOBS_08.json,.json,1.3,raw
data/raw/CODEFEST/F3_Dinamicas_Territoriales/CEOBS/articulos/CEOBS_29.json,.json,1.3,raw
data/raw/CODEFEST/F3_Dinamicas_Territoriales/CEOBS/articulos/CEOBS_04.json,.json,1.3,raw
data/raw/CODEFEST/F3_Dinamicas_Territoriales/CEOBS/articulos/CEOBS_2026-05-21-introducing-wisen-the-wartime-incidents-to-environment-database.json,.json,29.8,raw
data/raw/CODEFEST/F3_Dinamicas_Territoriales/CEOBS/articulos/CEOBS_2026-06-01-training-and-tools-for-imas-07-13-environmental-and-climate-compliance.json,.json,10.1,raw
data/raw/CODEFEST/F3_Dinamicas_Territoriales/CEOBS/articulos/CEOBS_2026-03-10-operation-epic-fury-emerging-environmental-harm-and-risks-in-iran-and-the-regio.json,.json,36.5,raw
data/raw/CODEFEST/F3_Dinamicas_Territoriales/CEOBS/articulos/CEOBS_2025-12-08-has-the-icc-just-advanced-accountability-for-wartime-environmental-damage.json,.json,41.5,raw
data/raw/CODEFEST/F3_Dinamicas_Territoriales/CEOBS/articulos/CEOBS_27.json,.json,1.3,raw
data/raw/CODEFEST/F3_Dinamicas_Territoriales/CEOBS/articulos/CEOBS_2026-03-03-three-days-of-operation-epic-fury-rapid-overview-of-environmental-harm-in-iran-.json,.json,22.5,raw
data/raw/CODEFEST/F3_Dinamicas_Territoriales/CEOBS/articulos/CEOBS_06.json,.json,1.3,raw
data/raw/CODEFEST/F3_Dinamicas_Territoriales/CEOBS/articulos/CEOBS_2026-05-06-webinar-introducing-the-wisen-database-towards-a-global-environmental-monitorin.json,.json,4.7,raw
data/raw/CODEFEST/F3_Dinamicas_Territoriales/CEOBS/articulos/CEOBS_03.json,.json,1.3,raw
data/raw/CODEFEST/F3_Dinamicas_Territoriales/CEOBS/articulos/CEOBS_2025-12-04-evidencing-a-recovery-plan-for-black-sea-dolphins-and-porpoises.json,.json,30.9,raw
data/raw/CODEFEST/F3_Dinamicas_Territoriales/CEOBS/articulos/CEOBS_2026-04-29-report-academias-role-in-ukraines-sustainable-recovery.json,.json,109.7,raw
data/raw/CODEFEST/F3_Dinamicas_Territoriales/CEOBS/ceobs_data/CEOBS_catalog-2.json,.json,0.2,raw
data/raw/CODEFEST/F3_Dinamicas_Territoriales/CEOBS/ceobs_data/CEOBS_publicaciones-2.csv,.csv,2.5,raw
data/raw/CODEFEST/F3_Dinamicas_Territoriales/CEOBS/ceobs_data/pdfs/CEOBS_rome-statute-eng.pdf,.pdf,386.2,raw
data/raw/CODEFEST/F3_Dinamicas_Territoriales/CEOBS/pdfs_full/2025/CEOBS_reevesnotarbartolo2006.pdf,.pdf,2675.3,raw
data/raw/CODEFEST/F3_Dinamicas_Territoriales/CEOBS/pdfs_full/2025/CEOBS_8997-artisanal-gold-mining-camps-in-the-butana-eastern-sudan-as-migration-hubs.pdf,.pdf,1397.7,raw
data/raw/CODEFEST/F3_Dinamicas_Territoriales/CEOBS/pdfs_full/2025/CEOBS_9.vol18-3-arda.pdf,.pdf,4671.6,raw
data/raw/CODEFEST/F3_Dinamicas_Territoriales/CEOBS/pdfs_full/2025/CEOBS_7b5c64be-en-mines-risk-analysis-black-sea.pdf,.pdf,4893.9,raw
data/raw/CODEFEST/F3_Dinamicas_Territoriales/CEOBS/pdfs_full/2025/CEOBS_rccc-country-profiles-sudan-2024-final.pdf,.pdf,804.3,raw
data/raw/CODEFEST/F3_Dinamicas_Territoriales/CEOBS/pdfs_full/2025/CEOBS_minamata-convention-initial-assessment-for-sudan.pdf,.pdf,15067.5,raw
data/raw/CODEFEST/F3_Dinamicas_Territoriales/CEOBS/pdfs_full/2025/CEOBS_sc16.doc27-final-report-of-the-sc16.pdf,.pdf,3089.2,raw
data/raw/CODEFEST/F3_Dinamicas_Territoriales/CEOBS/pdfs_full/2025/CEOBS_eprs-bri2025767238-en.pdf,.pdf,478.3,raw
data/raw/CODEFEST/F3_Dinamicas_Territoriales/CEOBS/pdfs_full/2026/CEOBS_2026032506514742771268534.pdf,.pdf,2336.0,raw
data/raw/CODEFEST/F3_Dinamicas_Territoriales/CEOBS/pdfs_full/2026/CEOBS_report-ukraine-2024-1.pdf,.pdf,869.1,raw
data/raw/CODEFEST/F3_Dinamicas_Territoriales/CEOBS/pdfs_full/2026/CEOBS_green-field-tool-user-guidance-march-2025.pdf,.pdf,16160.6,raw
data/raw/CODEFEST/F3_Dinamicas_Territoriales/CEOBS/pdfs_full/2026/CEOBS_priority-pollutant-list-epa.pdf,.pdf,46.0,raw
data/raw/CODEFEST/F3_Dinamicas_Territoriales/CEOBS/pdfs_full/2026/CEOBS_ej1083597.pdf,.pdf,233.9,raw
data/raw/CODEFEST/F3_Dinamicas_Territoriales/CEOBS/pdfs_full/2026/CEOBS_open-letter-ukraine-all-alliances-updated-070525.pdf,.pdf,437.7,raw
data/raw/CODEFEST/F3_Dinamicas_Territoriales/CEOBS/pdfs_full/2026/CEOBS_initiatives-support-ukraine-list.pdf,.pdf,212.4,raw
data/raw/CODEFEST/F3_Dinamicas_Territoriales/CEOBS/pdfs_full/2026/CEOBS_0313-summary.pdf,.pdf,870.6,raw
